ID,Source,Name,x,lev0,lev1,lev2,lev3,Prod 2025,Prod 2024,Prod 2023,Prod 2022,Prod 2021,Prod 2020,Prod 2019,Prod 2018,Prod 2017,Prod 2016,Prod 2015,Prod 2014,Prod 2013,Prod 2012,Prod 2011,Prod 2010,Prod 2009,Prod 2008,Prod 2007,Area 2025,Area 2024,Area 2023,Area 2022,Area 2021,Area 2020,Area 2019,Area 2018,Area 2017,Area 2016,Area 2015,Area 2014,Area 2013,Area 2012,Area 2011,Area 2010,Area 2009,Area 2008,Area 2007,Yield 2025,Yield 2024,Yield 2023,Yield 2022,Yield 2021,Yield 2020,Yield 2019,Yield 2018,Yield 2017,Yield 2016,Yield 2015,Yield 2014,Yield 2013,Yield 2012,Yield 2011,Yield 2010,Yield 2009,Yield 2008,Yield 2007,id_combo
-1,NASS USDA,United States,,22,-1,-1,-1,51634140.8,51643171.2,47453473.6,43136398.4,43751336.0,47790726.4,50794546.5365,49183062.3505,45888952.6615,60003346.4095,53830353.915,53675878.737,56526675.1465,59079570.693,52963213.654,56105869.0855,57261085.414,66172555.9495,53855773.192,14211727.83,14810256.945,14355391.005,13718416.815,14418521.865,14207756.976,14563435.082,15231571.668,14345714.014,16789612.768,18375577.202,18226652.754,17803755.884,18872936.296,17970891.202,17976556.8059999,19204374.13,21635322.932,19781051.68,36.332064206157824,34.86986849167052,33.05620416989819,31.44181015664179,30.38267381908,33.6976244092359,34.8699429608247,32.3054465355385,31.9888681615898,35.7305898304666,29.2974565894069,29.428913527152,31.7750884580033,31.2937122728836,29.4725269002657,31.1918129151234,29.8099446542197,30.5576132359619,27.224626624198,-1_-1
-2,NASS USDA,Alabama,,22,1,-1,-1,115872.0,115872.0,295800.0,235008.0,248336.0,137166.12,166558.86,215546.76,209559.35,323864.45,407143.88,422520.6375,535192.8075,297057.1825,377478.985,119748.2,235141.92,405783.105,86871.876,24281.1,24281.1,58679.325,48562.2,44515.35,28328.02,34398.31,44515.46,40468.6,68796.62,89030.92,91054.3499999999,115335.51,74866.91,76890.34,32374.88,64749.76,84984.06,30756.136,47.7475,47.7475,50.4375,48.42,55.81,48.42,48.420792,48.420792,51.783347,47.07577,45.730748,46.403259,46.403259,39.678149,49.093303,36.988105,36.315594,47.748281,28.245462,1_-1
-3,NASS USDA,Autauga,,22,1,1,-1,,,,,,,,,,,,,,,,,,,,,,,,,,,,,,,,,,,,,,,,,,,,,,,,,,,,,,,,,,1_1
-3,NASS USDA,Baldwin,,22,1,2,-1,,,,,,,,,,,,,,,,,,19023.6345,8763.391,,,,,,,,,,,,,,,,,,4937.1692,2428.116,,,,,,,,,,,,,,,,,,38.6693825,36.315594,1_2
-3,NASS USDA,Barbour,,22,1,3,-1,,,,,,,,,,,,,,,,,,,,,,,,,,,,,,,,,,,,,,,,,,,,,,,,,,,,,,,,,,1_3
-3,NASS USDA,Bibb,,22,1,4,-1,,,,,,,,,,,,,,,,,,,,,,,,,,,,,,,,,,,,,,,,,,,,,,,,,,,,,,,,,,1_4
-3,NASS USDA,Blount,,22,1,5,-1,,,,,,,,,,,,,,,,,,,,,,,,,,,,,,,,,,,,,,,,,,,,,,,,,,,,,,,,,,1_5
-3,NASS USDA,Bullock,,22,1,6,-1,,,,,,,,,,,,,,,,,,,,,,,,,,,,,,,,,,,,,,,,,,,,,,,,,,,,,,,,,,1_6
-3,NASS USDA,Butler,,22,1,7,-1,,,,,,,,,,,,,,,,,,,,,,,,,,,,,,,,,,,,,,,,,,,,,,,,,,,,,,,,,,1_7
-3,NASS USDA,Calhoun,,22,1,8,-1,,,,,,,,,,,,,,,,,,,,,,,,,,,,,,,,,,,,,,,,,,,,,,,,,,,,,,,,,,1_8
-3,NASS USDA,Chambers,,22,1,9,-1,,,,,,,,,,,,,,,,,,,,,,,,,,,,,,,,,,,,,,,,,,,,,,,,,,,,,,,,,,1_9
-3,NASS USDA,Cherokee,,22,1,10,-1,,,,,,,,,,,,,,,,,,,,,,,,,,,,,,,,,,,,,,,,,,,,,,,,,,,,,,,,,,1_10
-3,NASS USDA,Chilton,,22,1,11,-1,,,,,,,,,,,,,,,,,,,,,,,,,,,,,,,,,,,,,,,,,,,,,,,,,,,,,,,,,,1_11
-3,NASS USDA,Choctaw,,22,1,12,-1,,,,,,,,,,,,,,,,,,,,,,,,,,,,,,,,,,,,,,,,,,,,,,,,,,,,,,,,,,1_12
-3,NASS USDA,Clarke,,22,1,13,-1,,,,,,,,,,,,,,,,,,,,,,,,,,,,,,,,,,,,,,,,,,,,,,,,,,,,,,,,,,1_13
-3,NASS USDA,Clay,,22,1,14,-1,,,,,,,,,,,,,,,,,,,,,,,,,,,,,,,,,,,,,,,,,,,,,,,,,,,,,,,,,,1_14
-3,NASS USDA,Cleburne,,22,1,15,-1,,,,,,,,,,,,,,,,,,,,,,,,,,,,,,,,,,,,,,,,,,,,,,,,,,,,,,,,,,1_15
-3,NASS USDA,Coffee,,22,1,16,-1,,,,,,,,,,,,,,,,,,,,,,,,,,,,,,,,,,,,,,,,,,,,,,,,,,,,,,,,,,1_16
-3,NASS USDA,Colbert,,22,1,17,-1,,,,,,,,,,,,,,,,,,,,,,,,,,,,,,,,,,,,,,,,,,,,,,,,,,,,,,,,,,1_17
-3,NASS USDA,Conecuh,,22,1,18,-1,,,,,,,,,,,,,,,,,,,,,,,,,,,,,,,,,,,,,,,,,,,,,,,,,,,,,,,,,,1_18
-3,NASS USDA,Coosa,,22,1,19,-1,,,,,,,,,,,,,,,,,,,,,,,,,,,,,,,,,,,,,,,,,,,,,,,,,,,,,,,,,,1_19
-3,NASS USDA,Covington,,22,1,20,-1,,,,,,,,,,,,,,,,,,,,,,,,,,,,,,,,,,,,,,,,,,,,,,,,,,,,,,,,,,1_20
-3,NASS USDA,Crenshaw,,22,1,21,-1,,,,,,,,,,,,,,,,,,,,,,,,,,,,,,,,,,,,,,,,,,,,,,,,,,,,,,,,,,1_21
-3,NASS USDA,Cullman,,22,1,22,-1,,,,,,,,,,,,,,,,,,,,,,,,,,,,,,,,,,,,,,,,,,,,,,,,,,,,,,,,,,1_22
-3,NASS USDA,Dale,,22,1,23,-1,,,,,,,,,,,,,,,,,,,,,,,,,,,,,,,,,,,,,,,,,,,,,,,,,,,,,,,,,,1_23
-3,NASS USDA,Dallas,,22,1,24,-1,,,,,,,,,,,,,,,,,,,,,,,,,,,,,,,,,,,,,,,,,,,,,,,,,,,,,,,,,,1_24
-3,NASS USDA,De Kalb,,22,1,25,-1,,,,,,,,,,,,,,,,,,,2231.671,,,,,,,,,,,,,,,,,,,809.372,,,,,,,,,,,,,,,,,,,27.572951,1_25
-3,NASS USDA,Elmore,,22,1,26,-1,,,,,,,,,,,,,,,,,,,,,,,,,,,,,,,,,,,,,,,,,,,,,,,,,,,,,,,,,,1_26
-3,NASS USDA,Escambia,,22,1,27,-1,,,,,,,,,,,,,,,,,,,5660.824,,,,,,,,,,,,,,,,,,,1578.2754,,,,,,,,,,,,,,,,,,,35.643083,1_27
-3,NASS USDA,Etowah,,22,1,28,-1,,,,,,,,,,,,,,,,,,,,,,,,,,,,,,,,,,,,,,,,,,,,,,,,,,,,,,,,,,1_28
-3,NASS USDA,Fayette,,22,1,29,-1,,,,,,,,,,,,,,,,,,,,,,,,,,,,,,,,,,,,,,,,,,,,,,,,,,,,,,,,,,1_29
-3,NASS USDA,Franklin,,22,1,30,-1,,,,,,,,,,,,,,,,,,,,,,,,,,,,,,,,,,,,,,,,,,,,,,,,,,,,,,,,,,1_30
-3,NASS USDA,Geneva,,22,1,31,-1,,,,,,,,,,,,,,,,,,,,,,,,,,,,,,,,,,,,,,,,,,,,,,,,,,,,,,,,,,1_31
-3,NASS USDA,Greene,,22,1,32,-1,,,,,,,,,,,,,,,,,,,,,,,,,,,,,,,,,,,,,,,,,,,,,,,,,,,,,,,,,,1_32
-3,NASS USDA,Hale,,22,1,33,-1,,,,,,,,,,,,,,,,,,,,,,,,,,,,,,,,,,,,,,,,,,,,,,,,,,,,,,,,,,1_33
-3,NASS USDA,Henry,,22,1,34,-1,,,,,,,,,,,,,,,,,,,2258.8865,,,,,,,,,,,,,,,,,,,728.4348,,,,,,,,,,,,,,,,,,,30.935506,1_34
-3,NASS USDA,Houston,,22,1,35,-1,,,,,,,,,,,,,,,,,,,3347.5065,,,,,,,,,,,,,,,,,,,1173.5894,,,,,,,,,,,,,,,,,,,28.245462,1_35
-3,NASS USDA,Jackson,,22,1,36,-1,,,,,,,,,,,,,,,,,,,2068.378,,,,,,,,,,,,,,,,,,,849.8406,,,,,,,,,,,,,,,,,,,24.210396,1_36
-3,NASS USDA,Jefferson,,22,1,37,-1,,,,,,,,,,,,,,,,,,,,,,,,,,,,,,,,,,,,,,,,,,,,,,,,,,,,,,,,,,1_37
-3,NASS USDA,Lamar,,22,1,38,-1,,,,,,,,,,,,,,,,,,,,,,,,,,,,,,,,,,,,,,,,,,,,,,,,,,,,,,,,,,1_38
-3,NASS USDA,Lauderdale,,22,1,39,-1,,,,,,,,,,,,,,,,,,,4272.8335,,,,,,,,,,,,,,,,,,,1740.1498,,,,,,,,,,,,,,,,,,,24.882907,1_39
-3,NASS USDA,Lawrence,,22,1,40,-1,,,,,,,,,,,,,,,,,,,,,,,,,,,,,,,,,,,,,,,,,,,,,,,,,,,,,,,,,,1_40
-3,NASS USDA,Lee,,22,1,41,-1,,,,,,,,,,,,,,,,,,,,,,,,,,,,,,,,,,,,,,,,,,,,,,,,,,,,,,,,,,1_41
-3,NASS USDA,Limestone,,22,1,42,-1,,,,,,,,,,,,,,,,,,77019.865,10042.5195,,,,,,,,,,,,,,,,,,13678.3868,5058.575,,,,,,,,,,,,,,,,,,56.1546685,20.17533,1_42
-3,NASS USDA,Lowndes,,22,1,43,-1,,,,,,,,,,,,,,,,,,,,,,,,,,,,,,,,,,,,,,,,,,,,,,,,,,,,,,,,,,1_43
-3,NASS USDA,Macon,,22,1,44,-1,,,,,,,,,,,,,,,,,,,,,,,,,,,,,,,,,,,,,,,,,,,,,,,,,,,,,,,,,,1_44
-3,NASS USDA,Madison,,22,1,45,-1,,,,,,,,,,,,,,,,,,49804.365,13199.5175,,,,,,,,,,,,,,,,,,8700.749,4896.7006,,,,,,,,,,,,,,,,,,57.163435,26.90044,1_45
-3,NASS USDA,Marengo,,22,1,46,-1,,,,,,,,,,,,,,,,,,,,,,,,,,,,,,,,,,,,,,,,,,,,,,,,,,,,,,,,,,1_46
-3,NASS USDA,Marion,,22,1,47,-1,,,,,,,,,,,,,,,,,,,,,,,,,,,,,,,,,,,,,,,,,,,,,,,,,,,,,,,,,,1_47
-3,NASS USDA,Marshall,,22,1,48,-1,,,,,,,,,,,,,,,,,,,,,,,,,,,,,,,,,,,,,,,,,,,,,,,,,,,,,,,,,,1_48
-3,NASS USDA,Mobile,,22,1,49,-1,,,,,,,,,,,,,,,,,,,,,,,,,,,,,,,,,,,,,,,,,,,,,,,,,,,,,,,,,,1_49
-3,NASS USDA,Monroe,,22,1,50,-1,,,,,,,,,,,,,,,,,,,,,,,,,,,,,,,,,,,,,,,,,,,,,,,,,,,,,,,,,,1_50
-3,NASS USDA,Montgomery,,22,1,51,-1,,,,,,,,,,,,,,,,,,,,,,,,,,,,,,,,,,,,,,,,,,,,,,,,,,,,,,,,,,1_51
-3,NASS USDA,Morgan,,22,1,52,-1,,,,,,,,,,,,,,,,,,,,,,,,,,,,,,,,,,,,,,,,,,,,,,,,,,,,,,,,,,1_52
-3,NASS USDA,Perry,,22,1,53,-1,,,,,,,,,,,,,,,,,,,,,,,,,,,,,,,,,,,,,,,,,,,,,,,,,,,,,,,,,,1_53
-3,NASS USDA,Pickens,,22,1,54,-1,,,,,,,,,,,,,,,,,,,,,,,,,,,,,,,,,,,,,,,,,,,,,,,,,,,,,,,,,,1_54
-3,NASS USDA,Pike,,22,1,55,-1,,,,,,,,,,,,,,,,,,,,,,,,,,,,,,,,,,,,,,,,,,,,,,,,,,,,,,,,,,1_55
-3,NASS USDA,Randolph,,22,1,56,-1,,,,,,,,,,,,,,,,,,,,,,,,,,,,,,,,,,,,,,,,,,,,,,,,,,,,,,,,,,1_56
-3,NASS USDA,Russell,,22,1,57,-1,,,,,,,,,,,,,,,,,,,,,,,,,,,,,,,,,,,,,,,,,,,,,,,,,,,,,,,,,,1_57
-3,NASS USDA,Saint Clair,,22,1,58,-1,,,,,,,,,,,,,,,,,,,,,,,,,,,,,,,,,,,,,,,,,,,,,,,,,,,,,,,,,,1_58
-3,NASS USDA,Shelby,,22,1,59,-1,,,,,,,,,,,,,,,,,,,,,,,,,,,,,,,,,,,,,,,,,,,,,,,,,,,,,,,,,,1_59
-3,NASS USDA,Sumter,,22,1,60,-1,,,,,,,,,,,,,,,,,,,,,,,,,,,,,,,,,,,,,,,,,,,,,,,,,,,,,,,,,,1_60
-3,NASS USDA,Talladega,,22,1,61,-1,,,,,,,,,,,,,,,,,,,,,,,,,,,,,,,,,,,,,,,,,,,,,,,,,,,,,,,,,,1_61
-3,NASS USDA,Tallapoosa,,22,1,62,-1,,,,,,,,,,,,,,,,,,,,,,,,,,,,,,,,,,,,,,,,,,,,,,,,,,,,,,,,,,1_62
-3,NASS USDA,Tuscaloosa,,22,1,63,-1,,,,,,,,,,,,,,,,,,,,,,,,,,,,,,,,,,,,,,,,,,,,,,,,,,,,,,,,,,1_63
-3,NASS USDA,Walker,,22,1,64,-1,,,,,,,,,,,,,,,,,,,,,,,,,,,,,,,,,,,,,,,,,,,,,,,,,,,,,,,,,,1_64
-3,NASS USDA,Washington,,22,1,65,-1,,,,,,,,,,,,,,,,,,,,,,,,,,,,,,,,,,,,,,,,,,,,,,,,,,,,,,,,,,1_65
-3,NASS USDA,Wilcox,,22,1,66,-1,,,,,,,,,,,,,,,,,,,,,,,,,,,,,,,,,,,,,,,,,,,,,,,,,,,,,,,,,,1_66
-3,NASS USDA,Winston,,22,1,67,-1,,,,,,,,,,,,,,,,,,,,,,,,,,,,,,,,,,,,,,,,,,,,,,,,,,,,,,,,,,1_67
-2,NASS USDA,Arizona,,22,3,-1,-1,,,,,,,,4354.48,43544.8,18098.3075,5606.393,19050.85,21772.4,13063.44,9525.425,11430.51,11566.5875,15512.835,9797.58,,,,,,,,1618.744,6474.976,2832.802,809.372,2832.802,4046.86,2428.116,2023.43,2428.116,2023.43,2428.116,1618.744,,,,,,,,26.90044,67.2511,63.888545,69.268633,67.2511,53.80088,53.80088,47.07577,47.07577,57.163435,63.888545,60.52599,3_-1
-3,NASS USDA,Apache,,22,3,1,-1,,,,,,,,,,,,,,,,,,,,,,,,,,,,,,,,,,,,,,,,,,,,,,,,,,,,,,,,,,3_1
-3,NASS USDA,Cochise,,22,3,2,-1,,,,,,,,,,,,,,,,,,,,,,,,,,,,,,,,,,,,,,,,,,,,,,,,,,,,,,,,,,3_2
-3,NASS USDA,Coconino,,22,3,3,-1,,,,,,,,,,,,,,,,,,,,,,,,,,,,,,,,,,,,,,,,,,,,,,,,,,,,,,,,,,3_3
-3,NASS USDA,Gila,,22,3,4,-1,,,,,,,,,,,,,,,,,,,,,,,,,,,,,,,,,,,,,,,,,,,,,,,,,,,,,,,,,,3_4
-3,NASS USDA,Graham,,22,3,5,-1,,,,,,,,,,,,,,,,,,,,,,,,,,,,,,,,,,,,,,,,,,,,,,,,,,,,,,,,,,3_5
-3,NASS USDA,Greenlee,,22,3,6,-1,,,,,,,,,,,,,,,,,,,,,,,,,,,,,,,,,,,,,,,,,,,,,,,,,,,,,,,,,,3_6
-3,NASS USDA,La Paz,,22,3,7,-1,,,,,,,,,,,,,,,,,,,,,,,,,,,,,,,,,,,,,,,,,,,,,,,,,,,,,,,,,,3_7
-3,NASS USDA,Maricopa,,22,3,8,-1,,,,,,,,,,,,,,,,,,,,,,,,,,,,,,,,,,,,,,,,,,,,,,,,,,,,,,,,,,3_8
-3,NASS USDA,Mohave,,22,3,9,-1,,,,,,,,,,,,,,,,,,,,,,,,,,,,,,,,,,,,,,,,,,,,,,,,,,,,,,,,,,3_9
-3,NASS USDA,Navajo,,22,3,10,-1,,,,,,,,,,,,,,,,,,,,,,,,,,,,,,,,,,,,,,,,,,,,,,,,,,,,,,,,,,3_10
-3,NASS USDA,Pima,,22,3,11,-1,,,,,,,,,,,,,,,,,,,,,,,,,,,,,,,,,,,,,,,,,,,,,,,,,,,,,,,,,,3_11
-3,NASS USDA,Pinal,,22,3,12,-1,,,,,,,,,,,,,,,,,,,,,,,,,,,,,,,,,,,,,,,,,,,,,,,,,,,,,,,,,,3_12
-3,NASS USDA,Santa Cruz,,22,3,13,-1,,,,,,,,,,,,,,,,,,,,,,,,,,,,,,,,,,,,,,,,,,,,,,,,,,,,,,,,,,3_13
-3,NASS USDA,Yavapai,,22,3,14,-1,,,,,,,,,,,,,,,,,,,,,,,,,,,,,,,,,,,,,,,,,,,,,,,,,,,,,,,,,,3_14
-3,NASS USDA,Yuma,,22,3,15,-1,,,,,,,,,,,,,,,,,,,,,,,,,,,,,,,,,,,,,,,,,,,,,,,,,,,,,,,,,,3_15
-2,NASS USDA,Arkansas,,22,4,-1,-1,108528.0,129472.0,255816.0,216240.0,228752.0,112263.9375,70760.3,142200.9875,176900.75,169008.255,365776.32,677257.7175,1029290.21,666099.3625,820819.48,198400.995,449055.75,1524068.0,781084.85,28327.95,34398.225,66773.02500000001,60702.75,58679.325,30351.45,20234.3,38445.17,50585.75,46538.89,97124.64,159850.97,246858.46,180085.27,210436.72,54632.61,151757.25,404686.0,283280.2,38.3325,37.66,,35.642500000000005,39.005,36.9875,34.970572,36.988105,34.970572,36.315594,37.660616,42.368193,41.695682,36.988105,39.005638,36.315594,29.590484,37.660616,27.572951,4_-1
-3,NASS USDA,Arkansas,,22,4,1,-1,,,7860.799999999999,,,,,,,,16873.61,30481.36,58241.17,,54839.2325,17281.8425,36278.2615,167865.204,85728.825,,,1962.72225,,,,,,,,4046.86,6191.69579999999,11331.208,,12342.9229999999,4046.86,10036.2128,38242.827,34398.31,,,,,,,,,,,41.695682,49.2278052,51.3798404,,44.4529770999999,42.7044485,36.315594,44.0494705,24.882907,4_1
-3,NASS USDA,Ashley,,22,4,2,-1,,,,,,,,,2068.378,625.9565,4898.79,8572.8825,15866.6365,14995.7405,,4572.204,12682.423,,14043.198,,,,,,,,,485.6232,242.8116,1375.9324,2023.43,3682.6426,4087.3286,,1214.058,3642.174,,3642.174,,,,,,,,,42.5699463,25.7571712999999,35.5758319,42.368193,43.1079550999999,36.7191006,,37.660616,34.970572,,38.333127,4_2
-3,NASS USDA,Baxter,,22,4,3,-1,,,,,,,,,,,,,,,,,,,,,,,,,,,,,,,,,,,,,,,,,,,,,,,,,,,,,,,,,,4_3
-3,NASS USDA,Benton,,22,4,4,-1,,,,,595.68,,,,,,,,,,,,,,,,,,,250.9047,,,,,,,,,,,,,,,,,,,23.73925,,,,,,,,,,,,,,,4_4
-3,NASS USDA,Boone,,22,4,5,-1,,,,,,,,,,,,,,,,,,,,,,,,,,,,,,,,,,,,,,,,,,,,,,,,,,,,,,,,,,4_5
-3,NASS USDA,Bradley,,22,4,6,-1,,,,,,,,,,,,,,,,,,,,,,,,,,,,,,,,,,,,,,,,,,,,,,,,,,,,,,,,,,4_6
-3,NASS USDA,Calhoun,,22,4,7,-1,,,,,,,,,,,,,,,,,,,,,,,,,,,,,,,,,,,,,,,,,,,,,,,,,,,,,,,,,,4_7
-3,NASS USDA,Carroll,,22,4,8,-1,,,,,,,,,,,,,,,,,,,,,,,,,,,,,,,,,,,,,,,,,,,,,,,,,,,,,,,,,,4_8
-3,NASS USDA,Chicot,,22,4,9,-1,,,8459.199999999999,,,,,,,,,,27351.5775,30835.1615,23568.623,4572.204,7266.5385,41721.3615,20683.78,,,2237.90805,,,,,,,,,,7446.2224,7931.8456,5463.26099999999,1254.5266,2711.3962,11128.865,5260.918,,,,,,,,,,,,,36.7191006,38.8711358,43.1079550999999,36.4500962,26.90044,37.3243605,39.005638,4_9
-3,NASS USDA,Clark,,22,4,10,-1,,,,,,,,,,,,,,,,,,,,,,,,,,,,,,,,,,,,,,,,,,,,,,,,,,,,,,,,,,4_10
-3,NASS USDA,Clay,,22,4,11,-1,,,,3264.0,,,2694.3345,4735.497,,,3946.2475,,,6341.2115,,3374.722,5252.5915,21092.0125,5715.255,,,,1052.181,,,687.9662,1375.9324,,,1821.087,,,2428.116,,1173.5894,1861.5556,7284.348,2428.116,,,,31.069500000000005,,,39.1401402,34.4325632,,,21.6548542,,,26.0934267999999,,28.7834707999999,28.245462,28.917973,23.537885,4_11
-3,NASS USDA,Cleburne,,22,4,12,-1,,,,,,,,,,,,,,,,,,,,,,,,,,,,,,,,,,,,,,,,,,,,,,,,,,,,,,,,,,4_12
-3,NASS USDA,Cleveland,,22,4,13,-1,,,,,,,,,,,,,,,,,,,,,,,,,,,,,,,,,,,,,,,,,,,,,,,,,,,,,,,,,,4_13
-3,NASS USDA,Columbia,,22,4,14,-1,,,,,,,,,,,,,,,,,,,,,,,,,,,,,,,,,,,,,,,,,,,,,,,,,,,,,,,,,,4_14
-3,NASS USDA,Conway,,22,4,15,-1,2350.08,,,,,2658.95435,,,,2367.7485,3401.9375,,9498.2095,2775.981,5742.4705,1469.637,3265.86,7620.34,4408.911,687.9645,,,,,716.29422,,,,647.4976,1011.715,,2630.459,768.9034,1780.6184,485.6232,1214.058,2832.802,2023.43,34.163000000000004,,,,,37.122,,,,36.5845984,33.62555,,36.1138407,36.1138407,32.280528,30.262995,26.90044,26.90044,21.520352,4_15
-3,NASS USDA,Craighead,,22,4,16,-1,,,4216.0,,,,,5388.669,,3429.153,3810.17,10477.9675,19649.591,4926.0055,19676.8065,1039.6321,5878.548,33338.9875,11702.665,,,930.7755,,,,,1375.9324,,971.2464,1052.1836,2387.6474,4937.1692,1375.9324,4896.7006,323.7488,2144.8358,9307.778,4046.86,,,,,,,,39.1401402,,35.3068275,36.1810918,43.9149683,39.8126512,35.7775852,40.2161578,32.1460258,27.572951,35.9793385,28.917973,4_16
-3,NASS USDA,Crawford,,22,4,17,-1,,,,1534.08,2747.2,,,,,,,1959.516,2558.257,,1061.4045,,1094.0631,,952.5425,,,,509.9031,772.94835,,,,,,,404.686,566.5604,,485.6232,,404.686,,647.4976,,,,30.128,35.57525,,,,,,,48.420792,45.1254880999999,,21.8566075,,26.90044,,14.795242,4_17
-3,NASS USDA,Crittenden,,22,4,18,-1,,,24752.0,17761.6,,7130.461,,,,23133.175,41939.0855,66133.665,101377.7375,,83687.6625,17281.8425,39979.5695,115121.565,56608.24,,,6151.212,4451.535,,1780.6184,,,,5625.1354,9712.464,14973.382,22743.3531999999,,19222.585,4370.6088,11938.237,28328.02,23067.102,,,,39.9465,,40.01375,,,,41.1576732,43.1752062,44.1839727,44.5874793,,43.5114617,39.5436468,33.62555,40.6869155,24.210396,4_18
-3,NASS USDA,Cross,,22,4,19,-1,,,,10281.6,12403.2,,,,7674.771,8736.1755,17608.4285,27161.069,39870.7075,32713.031,51709.45,5470.3155,17608.4285,66242.527,37611.821,,,,2638.5462,2711.3895,,,,1740.1498,1861.5556,4006.3914,6232.1644,8943.56059999999,8538.8746,12140.58,1497.3382,5584.6668,18413.213,15782.7539999999,,,,39.005,45.79725,,,,44.1167215999999,46.9412678,43.9822194,43.5787128,44.5874793,38.333127,42.5699463,36.5173473,31.608017,35.9793385,23.537885,4_19
-3,NASS USDA,Dallas,,22,4,20,-1,,,,,,,,,,,,,,,,,,,,,,,,,,,,,,,,,,,,,,,,,,,,,,,,,,,,,,,,,,4_20
-3,NASS USDA,Desha,,22,4,21,-1,,,8160.0,6772.799999999999,,3646.877,,2748.7655,,,4354.48,11702.665,13471.6725,15703.3435,16465.3775,5225.376,19350.2205,96125.146,35516.2275,,,2565.7029,2144.8305,,1299.04206,,809.372,,,1294.9952,2832.802,3723.1112,4411.0774,4532.4832,1335.4638,7405.75379999999,20841.3289999999,9712.464,,,,31.6075,,28.04325,,33.9618055,,,33.62555,41.2921754,36.1810918,35.5758319,36.315594,39.1401402,26.227929,46.0670035,36.315594,4_21
-3,NASS USDA,Drew,,22,4,22,-1,,,2053.6,,,,,,,,,,6123.4875,5551.962,5633.6085,,3592.446,18887.557,5143.7295,,,578.69955,,,,,,,,,,1456.8696,1335.4638,1375.9324,,1335.4638,4653.889,1618.744,,,,,,,,,,,,,42.0319375,41.5611798,40.9559199,,26.90044,40.6869155,31.608017,4_22
-3,NASS USDA,Faulkner,,22,4,23,-1,,,,,,,,,,,,,,,,,,2422.1795,,,,,,,,,,,,,,,,,,,1052.1836,,,,,,,,,,,,,,,,,,,22.865374,,4_23
-3,NASS USDA,Franklin,,22,4,24,-1,,,,,,,,,,,,,,,,,,,,,,,,,,,,,,,,,,,,,,,,,,,,,,,,,,,,,,,,,,4_24
-3,NASS USDA,Fulton,,22,4,25,-1,,,,,,,,,,,,,,,,,,,,,,,,,,,,,,,,,,,,,,,,,,,,,,,,,,,,,,,,,,4_25
-3,NASS USDA,Garland,,22,4,26,-1,,,,,,,,,,,,,,,,,,,,,,,,,,,,,,,,,,,,,,,,,,,,,,,,,,,,,,,,,,4_26
-3,NASS USDA,Grant,,22,4,27,-1,,,,,,,,,,,,,,,,,,,,,,,,,,,,,,,,,,,,,,,,,,,,,,,,,,,,,,,,,,4_27
-3,NASS USDA,Greene,,22,4,28,-1,,,5848.0,3944.0,,,,,,,4490.5575,13090.6555,18370.4625,10042.5195,14097.629,,5225.376,23133.175,3973.463,,,1821.0825,1428.53805,,,,,,,1497.3382,3520.7682,4694.3576,3277.9566,4127.7972,,2225.773,7284.348,2428.116,,,,27.639750000000003,,,,,,,29.9939906,37.1898583,39.1401402,30.6665016,34.1635588,,23.537885,31.608017,16.140264,4_28
-3,NASS USDA,Hempstead,,22,4,29,-1,,,,,,,,,,,,,,,,,,,,,,,,,,,,,,,,,,,,,,,,,,,,,,,,,,,,,,,,,,4_29
-3,NASS USDA,Hot Spring,,22,4,30,-1,,,,,,,,,,,,,,,,,,,,,,,,,,,,,,,,,,,,,,,,,,,,,,,,,,,,,,,,,,4_30
-3,NASS USDA,Howard,,22,4,31,-1,,,,,,,,,,,,,,,,,,,,,,,,,,,,,,,,,,,,,,,,,,,,,,,,,,,,,,,,,,4_31
-3,NASS USDA,Independence,,22,4,32,-1,,,,,,,,,,,,9253.27,5905.7635,2120.08745,3973.463,1632.93,,6531.72,5415.8845,,,,,,,,,,,,2428.116,1375.9324,687.9662,1335.4638,404.686,,3237.488,2832.802,,,,,,,,,,,,38.1313737,42.9062018,30.8010037999999,29.7249862,40.35066,,20.17533,18.830308,4_32
-3,NASS USDA,Izard,,22,4,33,-1,,,,,,,,,,,,,,,,,,,,,,,,,,,,,,,,,,,,,,,,,,,,,,,,,,,,,,,,,,4_33
-3,NASS USDA,Jackson,,22,4,34,-1,,,16211.2,12756.8,,7103.2455,,10995.062,,13335.595,12954.578,23813.5625,39326.3975,34672.547,29311.0935,14424.215,22098.986,63548.1925,26643.9745,,,5058.5625,3431.7288000000003,,1760.3841,,2913.7392,,3804.0484,3804.0484,6474.976,9793.4012,10036.2128,9064.9664,3682.6426,8700.749,21448.358,12140.58,,,,37.18925,,40.35,,37.7278671,,35.0378231,34.0290566,36.7863517,40.1489067,34.5670654,32.3477791,39.1401402,25.555418,29.590484,22.192863,4_34
-3,NASS USDA,Jefferson,,22,4,35,-1,,,14116.8,17244.8,8459.199999999999,5715.255,,5878.548,6531.72,,,30889.5925,35897.2445,26344.604,32114.29,13281.164,18642.6175,105079.0455,59057.635,,,4208.724,4694.3460000000005,2326.9387500000003,1537.8068,,1497.3382,2185.3044,,,6555.9132,9429.18379999999,7405.75379999999,9186.3722,3925.4542,6798.7248,26304.59,17401.498,,,,36.78575000000001,36.38225,37.18925,,39.2746424,29.8594883999999,,,47.1430210999999,38.0641226,35.5758319,34.970572,33.8273033,27.572951,40.0144045,33.62555,4_35
-3,NASS USDA,Johnson,,22,4,36,-1,,,,,,,,,,,,,,,557.91775,,,,,,,,,,,,,,,,,,,242.8116,,,,,,,,,,,,,,,,,,,22.9998762,,,,,4_36
-3,NASS USDA,Lafayette,,22,4,37,-1,,,,,,,,,,,,,,6041.841,6096.272,3592.446,,12328.6215,15866.6365,,,,,,,,,,,,,,1497.3382,1375.9324,1133.1208,,3642.174,4451.546,,,,,,,,,,,,,,40.35066,44.3184749,31.6752681,,33.9618055,35.643083,4_37
-3,NASS USDA,Lawrence,,22,4,38,-1,886.7199999999999,,3318.4,380.8,1425.28,,,1197.482,,,,7538.6935,7865.2795,,,6939.9525,13879.905,,7701.9865,323.748,,910.54125,137.5929,445.1535,,,283.2802,,,,2306.7102,2347.1788,,,1942.4928,5058.575,,3237.488,27.438,,,27.707,32.011,,,42.3009419,,,,32.6840346,33.4910478,,,35.7103341,27.572951,,23.537885,4_38
-3,NASS USDA,Lee,,22,4,39,-1,3209.6,,,10907.2,11560.0,,,4191.187,6123.4875,10396.321,19431.867,52335.4065,93621.32,43354.2915,63820.3475,7076.03,21527.4605,83633.2315,41911.87,971.244,,,3140.3556000000003,2958.24735,,,1578.2754,1902.0242,3601.7054,5341.8552,11493.0824,20274.7686,10521.836,15297.1307999999,1780.6184,5948.88419999999,19424.928,13759.324,33.087,,,34.76825,39.07225,,,26.5641845,32.2132769,28.8507218999999,36.3828451,45.5289947,46.2015057,41.2249243,41.695682,39.7454001,36.315594,43.040704,30.262995,4_39
-3,NASS USDA,Lincoln,,22,4,40,-1,,,,4868.8,,,,,5606.393,,4626.635,8355.1585,9089.977,15703.3435,,,6014.6255,,12301.406,,,,1282.85145,,,,,1821.087,,1699.6812,2347.1788,2549.5218,3965.9228,,,2630.459,,3642.174,,,,37.99625,,,,,30.8010037999999,,27.2366955,35.5758319,35.643083,39.6108979,,,22.865374,,33.62555,4_40
-3,NASS USDA,Little River,,22,4,41,-1,,,,,,,,,,,,,,,,,3810.17,9933.6575,6722.2285,,,,,,,,,,,,,,,,,1537.8068,2832.802,2023.43,,,,,,,,,,,,,,,,,24.882907,34.970572,32.953039,4_41
-3,NASS USDA,Logan,,22,4,42,-1,,,,,2747.2,,,,,,,,,,,,,,,,,,,898.4007,,,,,,,,,,,,,,,,,,,30.598750000000003,,,,,,,,,,,,,,,4_42
-3,NASS USDA,Lonoke,,22,4,43,-1,,,,,,,,,,3129.7825,7375.4005,16465.3775,29120.585,15784.99,28031.965,6368.427,13444.457,63575.408,36305.477,,,,,,,,,,1011.715,2104.3672,4451.546,7243.8794,4815.7634,7486.691,1618.744,5139.5122,17603.841,12140.58,,,,,,,,,,30.935506,35.0378231,36.988105,40.2161578,32.7512857,37.4588627,39.3418935,26.227929,35.9793385,29.590484,4_43
-3,NASS USDA,Madison,,22,4,44,-1,,,,,,,,,,,,,,193.23005,,,,,,,,,,,,,,,,,,,80.9372,,,,,,,,,,,,,,,,,,,23.8741405,,,,,,4_44
-3,NASS USDA,Marion,,22,4,45,-1,,,,,,,,,,,,,,,,,,,,,,,,,,,,,,,,,,,,,,,,,,,,,,,,,,,,,,,,,,4_45
-3,NASS USDA,Miller,,22,4,46,-1,,,,,,,,,,,,,,,,,,,26752.8365,,,,,,,,,,,,,,,,,,,7891.37699999999,,,,,,,,,,,,,,,,,,,33.62555,4_46
-3,NASS USDA,Mississippi,,22,4,47,-1,,,,,,,,21228.09,,,,92532.7,,,56063.93,8654.529,28630.706,58921.5575,37094.7265,,,,,,,,5220.44939999999,,,,21043.672,,,13840.2611999999,2630.459,8903.092,15378.068,10926.5219999999,,,,,,,,40.6869155,,,,43.9822194,,,40.4851622,32.8857879,32.280528,38.333127,33.62555,4_47
-3,NASS USDA,Monroe,,22,4,48,-1,,,8676.8,7752.0,6256.0,1687.361,,7865.2795,9443.7785,,22452.7875,37394.097,48579.6675,39326.3975,43953.0325,9307.701,24412.3035,70243.2055,31978.2125,,,2148.87735,2148.87735,1578.2715,408.73286,,1982.9614,2225.773,,5503.7296,8012.7828,11776.3626,9429.18379999999,10521.836,2428.116,7284.348,18008.527,13354.6379999999,,,,36.11325,39.6775,41.2915,,39.678149,42.4354441,,40.8214177,46.6722634,41.2249243,41.695682,41.7629331,38.333127,33.62555,39.005638,24.210396,4_48
-3,NASS USDA,Montgomery,,22,4,49,-1,,,,,,,,,,,,,,,,,,,,,,,,,,,,,,,,,,,,,,,,,,,,,,,,,,,,,,,,,,4_49
-3,NASS USDA,Nevada,,22,4,50,-1,,,,,,,,,,,,,,,,,,,,,,,,,,,,,,,,,,,,,,,,,,,,,,,,,,,,,,,,,,4_50
-3,NASS USDA,Newton,,22,4,51,-1,,,,,,,,,,,,,,,,,,,,,,,,,,,,,,,,,,,,,,,,,,,,,,,,,,,,,,,,,,4_51
-3,NASS USDA,Ouachita,,22,4,52,-1,,,,,,,,,,,,,,,,,,,,,,,,,,,,,,,,,,,,,,,,,,,,,,,,,,,,,,,,,,4_52
-3,NASS USDA,Perry,,22,4,53,-1,,,,,,,,,,,,,,,,,,,,,,,,,,,,,,,,,,,,,,,,,,,,,,,,,,,,,,,,,,4_53
-3,NASS USDA,Phillips,,22,4,54,-1,,,36121.6,20862.4,,,,12110.8975,14015.9825,20493.2715,32250.3675,66950.13,66814.0525,44034.679,53723.397,20765.4265,26290.173,76257.831,37421.3125,,,8498.385,5867.9325,,,,3035.145,4046.86,6029.8214,8093.72,13354.6379999999,15944.6284,11007.4592,13030.8892,5260.918,8336.5316,18817.899,12949.952,,,,35.57525,,,,39.8799023,34.6343165,33.9618055,39.8799023,50.1020695,41.8974353,40.0144045,41.2249243,39.4763957,31.608017,40.6869155,28.917973,4_54
-3,NASS USDA,Pike,,22,4,55,-1,,,,,,,,,,,,,,,,,,,,,,,,,,,,,,,,,,,,,,,,,,,,,,,,,,,,,,,,,,4_55
-3,NASS USDA,Poinsett,,22,4,56,-1,3481.6,,13137.6,9492.8,10526.4,,,8219.081,12328.6215,3864.601,21636.3225,25337.6305,50212.5975,31488.3335,39027.027,5497.531,14778.0165,50756.9075,28902.861,890.307,,3022.99695,2383.59465,2589.984,,,1942.4928,2751.8648,1052.1836,5058.575,7162.94219999999,12342.9229999999,9226.8408,10279.0244,1578.2754,5139.5122,14164.01,10117.15,39.139500000000005,,,39.87925,40.68625,,,42.3009419,44.7892325999999,36.7191006,42.7716996,35.3740786,40.6869155,34.0963077,37.9968715,34.8360698,28.917973,35.9793385,28.245462,4_56
-3,NASS USDA,Polk,,22,4,57,-1,,,,,,,,,,,,,,,,,,,,,,,,,,,,,,,,,,,,,,,,,,,,,,,,,,,,,,,,,,4_57
-3,NASS USDA,Pope,,22,4,58,-1,,,,,,,,,,,,,,,,,,2884.843,,,,,,,,,,,,,,,,,,,1294.9952,,,,,,,,,,,,,,,,,,,22.192863,,4_58
-3,NASS USDA,Prairie,,22,4,59,-1,,,2026.4,1463.36,,,,571.5255,,,4544.9885,9879.2265,20275.5475,18016.661,20955.935,3456.3685,11729.8805,37421.3125,30753.515,,,477.5283,441.10665,,,,161.8744,,,1052.1836,2468.5846,4330.1402,3965.9228,4734.82619999999,809.372,3237.488,10117.15,10521.836,,,,33.2215,,,,35.3068275,,,43.1752062,40.0144045,46.8067655999999,45.4617435999999,44.2512238,42.7044485,36.315594,36.988105,28.917973,4_59
-3,NASS USDA,Pulaski,,22,4,60,-1,,,,,,,,,,,1510.46025,,,5415.8845,6939.9525,3782.9545,2177.24,5932.979,5769.686,,,,,,,,,,,526.0918,,,1699.6812,2144.8358,1254.5266,768.9034,2144.8358,2225.773,,,,,,,,,,,28.7162197,,,31.8770213999999,32.3477791,30.1284927999999,28.245462,27.572951,26.227929,4_60
-3,NASS USDA,Randolph,,22,4,61,-1,,,,,,,,,,,,1905.085,1769.0075,,,,,,1524.068,,,,,,,,,,,,526.0918,445.1546,,,,,,809.372,,,,,,,,,,,,36.1810918,39.7454001,,,,,,18.830308,4_61
-3,NASS USDA,Saint Francis,,22,4,62,-1,6038.4,,,8676.8,,,,,,2694.3345,11729.8805,19241.3585,41803.008,,42456.18,6341.2115,19431.867,74352.746,47082.815,1294.992,,,2108.4088500000003,,,,,,809.372,3399.3624,4937.1692,10036.2128,,10521.836,1902.0242,6434.50739999999,18817.899,19020.242,46.6715,,,41.157,,,,,,33.2892945,34.4998143,39.005638,41.6284309,,40.35066,33.3565456,30.262995,39.678149,24.882907,4_62
-3,NASS USDA,Saline,,22,4,63,-1,,,,,,,,,,,,,,,,,,,,,,,,,,,,,,,,,,,,,,,,,,,,,,,,,,,,,,,,,,4_63
-3,NASS USDA,Scott,,22,4,64,-1,,,,,,,,,,,,,,,,,,,,,,,,,,,,,,,,,,,,,,,,,,,,,,,,,,,,,,,,,,4_64
-3,NASS USDA,Searcy,,22,4,65,-1,,,,,,,,,,,,,,,,,,,,,,,,,,,,,,,,,,,,,,,,,,,,,,,,,,,,,,,,,,4_65
-3,NASS USDA,Sebastian,,22,4,66,-1,,,,,,,,,,,,,,,,,,,,,,,,,,,,,,,,,,,,,,,,,,,,,,,,,,,,,,,,,,4_66
-3,NASS USDA,Sevier,,22,4,67,-1,,,,,,,,,,,,,,,,,,,,,,,,,,,,,,,,,,,,,,,,,,,,,,,,,,,,,,,,,,4_67
-3,NASS USDA,Sharp,,22,4,68,-1,,,,,,,,,,,,,,,,,,,,,,,,,,,,,,,,,,,,,,,,,,,,,,,,,,,,,,,,,,4_68
-3,NASS USDA,Stone,,22,4,69,-1,,,,,,,,,,,,,,,,,,,,,,,,,,,,,,,,,,,,,,,,,,,,,,,,,,,,,,,,,,4_69
-3,NASS USDA,Union,,22,4,70,-1,,,,,,,,,,,,,,,,,,,,,,,,,,,,,,,,,,,,,,,,,,,,,,,,,,,,,,,,,,4_70
-3,NASS USDA,Van Buren,,22,4,71,-1,,,,,,,,,,,,,,,,,,,,,,,,,,,,,,,,,,,,,,,,,,,,,,,,,,,,,,,,,,4_71
-3,NASS USDA,Washington,,22,4,72,-1,,,,,,,,,,,,,,,,,,,,,,,,,,,,,,,,,,,,,,,,,,,,,,,,,,,,,,,,,,4_72
-3,NASS USDA,White,,22,4,73,-1,,,2883.2,2279.36,6283.2,,,,,,,,,2476.6105,,,,,5415.8845,,,679.8708,720.3393,1651.1148,,,,,,,,,849.8406,,,,,2832.802,,,,31.674750000000003,38.063500000000005,,,,,,,,,29.1197262999999,,,,,18.830308,4_73
-3,NASS USDA,Woodruff,,22,4,74,-1,,,16428.8,,,8110.219,,,7484.2625,6912.737,12927.3625,22126.2015,29256.6625,24548.381,33094.048,11430.51,19132.4965,49886.0115,23895.209,,,4572.940500000001,,,1659.2126,,,1618.744,1578.2754,3075.6136,5139.5122,6758.2562,6474.976,8012.7828,3237.488,6636.8504,14568.696,10926.5219999999,,,,,,48.89075,,,46.2687568,43.7804660999999,42.0319375,43.040704,43.3097084,37.9296204,41.2921754,35.3068275,28.917973,34.298061,22.192863,4_74
-3,NASS USDA,Yell,,22,4,75,-1,,,,,,,,,,,,2463.00275,3075.3515,,,,,,952.5425,,,,,,,,,,,,687.9662,849.8406,,,,,,404.686,,,,,,,,,,,,35.7775852,36.1810918,,,,,,23.537885,4_75
-2,NASS USDA,California,,22,5,-1,-1,257312.0,180336.0,174080.0,138992.0,178432.0,163293.0,136077.5,230515.285,269977.76,360877.53,323864.45,413675.6,751147.8,705561.8375,1053784.16,762034.0,742983.15,971593.35,584180.7075,44515.35,34398.225,32374.800000000003,28327.95,32374.800000000003,32374.88,40468.6,44515.46,62726.33,68796.62,68796.62,76890.34,139616.669999999,123429.23,178061.84,141640.1,141640.1,169968.12,107241.79,57.835,52.455000000000005,53.80000000000001,49.0925,55.145,50.4375,33.62555,51.783347,43.040704,52.455858,47.07577,53.80088,53.80088,57.163435,59.180968,53.80088,52.455858,57.163435,54.473391,5_-1
-3,NASS USDA,Alameda,,22,5,1,-1,,,,,,,,,,,,,,,,,,680.3875,,,,,,,,,,,,,,,,,,,121.4058,,,,,,,,,,,,,,,,,,,56.1546685,,5_1
-3,NASS USDA,Alpine,,22,5,2,-1,,,,,,,,,,,,,,,,,,,,,,,,,,,,,,,,,,,,,,,,,,,,,,,,,,,,,,,,,,5_2
-3,NASS USDA,Amador,,22,5,3,-1,,,,,,,,,,,,,,,,,,,,,,,,,,,,,,,,,,,,,,,,,,,,,,,,,,,,,,,,,,5_3
-3,NASS USDA,Butte,,22,5,4,-1,,,,,,,,,,,,1360.775,,,4626.635,,,5551.962,,,,,,,,,,,,,323.7488,,,971.2464,,,1052.1836,,,,,,,,,,,,,42.0319375,,,47.6137788,,,52.7921135,,5_4
-3,NASS USDA,Calaveras,,22,5,5,-1,,,,,,,,,,,,,,,,,,,,,,,,,,,,,,,,,,,,,,,,,,,,,,,,,,,,,,,,,,5_5
-3,NASS USDA,Colusa,,22,5,6,-1,9574.4,,,,5168.0,6939.9525,5960.1945,6150.703,9525.425,,15240.68,10341.89,19050.85,25990.8025,36196.615,25827.5095,35924.46,54294.9225,40551.095,1659.2085,,,,1699.677,894.35606,1699.6812,1294.9952,1942.4928,,3237.488,2428.116,4249.20299999999,4572.9518,6191.69579999999,4694.3576,7446.2224,10400.4301999999,7284.348,57.76775000000001,,,,30.397,77.6065,35.0378231,47.4792765999999,49.0260519,,47.07577,42.5699463,44.8564837,56.8271795,58.4412059,55.0113997999999,48.0845365,52.1196025,55.6839107999999,5_6
-3,NASS USDA,Contra Costa,,22,5,7,-1,,,,,,,,,,,,,,,,,,2122.809,1442.4215,,,,,,,,,,,,,,,,,,404.686,364.2174,,,,,,,,,,,,,,,,,,52.455858,39.6108979,5_7
-3,NASS USDA,Del Norte,,22,5,8,-1,,,,,,,,,,,,,,,,,,,,,,,,,,,,,,,,,,,,,,,,,,,,,,,,,,,,,,,,,,5_8
-3,NASS USDA,El Dorado,,22,5,9,-1,,,,,,,,,,,,,,,,,,,,,,,,,,,,,,,,,,,,,,,,,,,,,,,,,,,,,,,,,,5_9
-3,NASS USDA,Fresno,,22,5,10,-1,,,,,,,9362.132,19731.2375,42320.1025,,,,,66405.82,152406.8,137438.275,,,51410.0795,,,,,,,2670.9276,5665.604,11412.1451999999,,,,,12221.5172,35410.025,29542.0779999999,,,8538.8746,,,,,,,35.0378231,34.8360698,37.0553561,,,,,54.3388887999999,43.040704,46.5377612,,,60.1897345,5_10
-3,NASS USDA,Glenn,,22,5,11,-1,,,4025.6,,,,,,3401.9375,8981.115,7892.495,4354.48,,11430.51,,8464.0205,,16002.714,16302.0845,,,886.2601500000001,,,,,,1133.1208,1982.9614,2023.43,1214.058,,2306.7102,,1699.6812,,3237.488,2549.5218,,,45.461,,,,,,29.9939906,45.2599903,39.005638,35.8448363,,49.5640607,,49.765814,,49.4295585,63.9557960999999,5_11
-3,NASS USDA,Humboldt,,22,5,12,-1,,,,,,,,,,,,,,,,,,,,,,,,,,,,,,,,,,,,,,,,,,,,,,,,,,,,,,,,,,5_12
-3,NASS USDA,Imperial,,22,5,13,-1,,,,,,,,,,,,,,,,,,,,,,,,,,,,,,,,,,,,,,,,,,,,,,,,,,,,,,,,,,5_13
-3,NASS USDA,Inyo,,22,5,14,-1,,,,,,,,,,,,,,,,,,,,,,,,,,,,,,,,,,,,,,,,,,,,,,,,,,,,,,,,,,5_14
-3,NASS USDA,Kern,,22,5,15,-1,,,13708.8,,8323.199999999999,8981.115,,12246.975,,31025.67,,,,,88450.375,99336.575,,122007.0865,74624.901,,,2092.22145,,1193.82075,1189.77684,,2428.116,,6677.31899999999,,,,,17401.498,15297.1307999999,,18736.9618,12221.5172,,,65.56875000000001,,69.73825000000001,75.4545,,50.438325,,46.4705100999999,,,,,50.8418315999999,64.9645626,,65.233567,61.0639987999999,5_15
-3,NASS USDA,Kings,,22,5,16,-1,,,,,27499.2,28412.982,10178.597,23677.485,25310.415,,,,122469.75,110767.085,,131995.175,108453.7675,144895.322,67929.888,,,,,4492.0035,4451.546,2711.3962,4127.7972,4208.7344,,,,21448.358,18170.4014,,18656.0246,22662.416,25050.0634,13516.5124,,,,,61.26475,63.82025,37.5261138,57.3651882999999,60.1224834,,,,57.0961839,60.9294965999999,,70.7481572,47.748281,57.835946,50.2365717,5_16
-3,NASS USDA,Lake,,22,5,17,-1,,,,,,,,,,,,,,,,,,,,,,,,,,,,,,,,,,,,,,,,,,,,,,,,,,,,,,,,,,5_17
-3,NASS USDA,Lassen,,22,5,18,-1,,,,,,1058.68295,,2939.274,,,,,,,2449.395,,,5007.652,952.5425,,,,,,295.42078,,485.6232,,,,,,,566.5604,,,1375.9324,283.2802,,,,,,35.844249999999995,,60.52599,,,,,,,43.2424573,,,36.315594,33.62555,5_18
-3,NASS USDA,Los Angeles,,22,5,19,-1,,,,,,,,,,,,,,,,,,,,,,,,,,,,,,,,,,,,,,,,,,,,,,,,,,,,,,,,,,5_19
-3,NASS USDA,Madera,,22,5,20,-1,,,,,,,,1088.62,,5443.1,5715.255,,,12791.285,,29937.05,39870.7075,,,,,,,,,,202.343,,809.372,1214.058,,,2023.43,,5746.5412,7284.348,,,,,,,,,,53.80088,,67.2511,47.07577,,,63.216034,,52.1196025,54.8096465,,,5_20
-3,NASS USDA,Marin,,22,5,21,-1,,,,,,,,,,,,,,,,,,,,,,,,,,,,,,,,,,,,,,,,,,,,,,,,,,,,,,,,,,5_21
-3,NASS USDA,Mariposa,,22,5,22,-1,,,,,,,,,,,,,,,,,,,,,,,,,,,,,,,,,,,,,,,,,,,,,,,,,,,,,,,,,,5_22
-3,NASS USDA,Mendocino,,22,5,23,-1,,,,,,,,,,,,,,,,,,,,,,,,,,,,,,,,,,,,,,,,,,,,,,,,,,,,,,,,,,5_23
-3,NASS USDA,Merced,,22,5,24,-1,28152.0,,,,15531.2,20683.78,7865.2795,16329.3,38020.0535,,15240.68,29937.05,,52525.915,59874.1,39462.475,51845.5275,,14260.922,4653.8775000000005,,,,2448.34425,3225.34742,1982.9614,2832.802,7082.005,,3237.488,4330.1402,,7243.8794,8417.4688,5139.5122,8093.72,,2509.0532,60.525000000000006,,,,63.48400000000001,64.15650000000001,39.678149,57.6341927,53.6663777999999,,47.07577,69.1341308,,72.4966858,71.1516638,76.8007562,64.2248005,,56.8271795,5_24
-3,NASS USDA,Modoc,,22,5,25,-1,,,,,,4000.6785,,,,,,,,25065.4755,19377.436,,,15267.8955,11566.5875,,,,,,574.65412,,,,,,,,3925.4542,2832.802,,,2306.7102,1740.1498,,,,,,69.60375,,,,,,,,63.8212939,68.3943687,,,66.2423335,66.4440868,5_25
-3,NASS USDA,Mono,,22,5,26,-1,,,,,,,,,,,,,,,,,,,,,,,,,,,,,,,,,,,,,,,,,,,,,,,,,,,,,,,,,,5_26
-3,NASS USDA,Monterey,,22,5,27,-1,,,,,,,,,,,,,,,,,,462.6635,,,,,,,,,,,,,,,,,,,80.9372,,,,,,,,,,,,,,,,,,,57.163435,,5_27
-3,NASS USDA,Napa,,22,5,28,-1,,,,,,,,,,,,,,,,,,,,,,,,,,,,,,,,,,,,,,,,,,,,,,,,,,,,,,,,,,5_28
-3,NASS USDA,Nevada,,22,5,29,-1,,,,,,,,,,,,,,,,,,,,,,,,,,,,,,,,,,,,,,,,,,,,,,,,,,,,,,,,,,5_29
-3,NASS USDA,Orange,,22,5,30,-1,,,,,,,,,,,,,,,,,,,,,,,,,,,,,,,,,,,,,,,,,,,,,,,,,,,,,,,,,,5_30
-3,NASS USDA,Placer,,22,5,31,-1,,,,,,,,,,,,,,,,,,,,,,,,,,,,,,,,,,,,,,,,,,,,,,,,,,,,,,,,,,5_31
-3,NASS USDA,Plumas,,22,5,32,-1,,,,,,,,,,,,,,,,,,,,,,,,,,,,,,,,,,,,,,,,,,,,,,,,,,,,,,,,0.0,,5_32
-3,NASS USDA,Riverside,,22,5,33,-1,,,,,,,,,,,,,,14179.2755,12192.544,11158.355,,,4354.48,,,,,,,,,,,,,,4734.82619999999,4249.20299999999,6151.2272,,,1982.9614,,,,,,,,,,,,,,29.9267395,28.7162197,18.157797,,,21.9911097,5_33
-3,NASS USDA,Sacramento,,22,5,34,-1,,,2344.64,,2306.56,4000.6785,,12410.268,,9797.58,,4082.325,,,20955.935,,,24249.0105,,,,489.66885,,437.0598,833.65316,,2225.773,,1416.401,,1214.058,,,3480.2996,,,4046.86,,,,47.882000000000005,,52.791250000000005,48.0165,,55.7511619,,69.2013819,,33.62555,,,60.1897345,,,59.853479,,5_34
-3,NASS USDA,San Benito,,22,5,35,-1,,,,,,,,,,,,,,,,,,1333.5595,,,,,,,,,,,,,,,,,,,364.2174,,,,,,,,,,,,,,,,,,,36.6518495,,5_35
-3,NASS USDA,San Bernardino,,22,5,36,-1,,,,,,,,,,,,,,,,,,,,,,,,,,,,,,,,,,,,,,,,,,,,,,,,,,,,,,,,,,5_36
-3,NASS USDA,San Diego,,22,5,37,-1,,,,,,,,,,,,,,,,,,,,,,,,,,,,,,,,,,,,,,,,,,,,,,,,,,,,,,,,,,5_37
-3,NASS USDA,San Francisco,,22,5,38,-1,,,,,,,,,,,,,,,,,,,,,,,,,,,,,,,,,,,,,,,,,,,,,,,,,,,,,,,,,,5_38
-3,NASS USDA,San Joaquin,,22,5,39,-1,8160.0,,7289.599999999999,9030.4,8649.6,6640.582,6667.7975,11430.51,16873.61,35107.995,17962.23,28576.275,,,76203.4,48987.9,,,33611.1425,1355.69475,,1234.28925,1982.9565,1420.44435,1141.21452,1659.2126,2023.43,3035.145,4856.232,3439.831,4046.86,,,10926.5219999999,7931.8456,,,5625.1354,60.256,,59.112750000000005,45.5955,60.9285,58.17125,40.2161578,56.490924,55.6166597,72.2949325,52.1868535999999,70.613655,,,69.7393907,61.7365097999999,,,59.7189767999999,5_39
-3,NASS USDA,San Luis Obispo,,22,5,40,-1,,,,,,,,,,,,,,,,,,,,,,,,,,,,,,,,,,,,,,,,,,,,,,,,,,,,,,,,,,5_40
-3,NASS USDA,San Mateo,,22,5,41,-1,,,,,,,,,,,,,,,,,,,,,,,,,,,,,,,,,,,,,,,,,,,,,,,,,,,,,,,,,,5_41
-3,NASS USDA,Santa Barbara,,22,5,42,-1,,,,,,,,,,,,,,,,,,,,,,,,,,,,,,,,,,,,,,,,,,,,,,,,,,,,,,,,,,5_42
-3,NASS USDA,Santa Clara,,22,5,43,-1,,,,,,,,,,,,,,,,,,,,,,,,,,,,,,,,,,,,,,,,,,,,,,,,,,,,,,,,,,5_43
-3,NASS USDA,Santa Cruz,,22,5,44,-1,,,,,,,,,,,,,,,,,,,,,,,,,,,,,,,,,,,,,,,,,,,,,,,,,,,,,,,,,,5_44
-3,NASS USDA,Shasta,,22,5,45,-1,,,,,,,,,,,,,1360.775,1088.62,3401.9375,680.3875,,,,,,,,,,,,,,,,404.686,323.7488,809.372,202.343,,,,,,,,,,,,,,,,33.62555,33.62555,42.0319375,33.62555,,,,5_45
-3,NASS USDA,Sierra,,22,5,46,-1,,,,,,,,,,,,,,,,,,,,,,,,,,,,,,,,,,,,,,,,,,,,,,,,,,,,,,,,,,5_46
-3,NASS USDA,Siskiyou,,22,5,47,-1,,,,,,,,,,,,,22452.7875,35380.15,23051.5285,5851.3325,,30726.2995,,,,,,,,,,,,,,3318.4252,5301.3866,3318.4252,2468.5846,,4451.546,,,,,,,,,,,,,,67.6546066,66.7130912,69.4703863,23.6723872,,68.9323775,,5_47
-3,NASS USDA,Solano,,22,5,48,-1,5984.0,,6582.4,,,5252.5915,7212.1075,14369.784,16982.472,21500.245,21500.245,21228.09,25854.725,28304.12,59874.1,38156.131,38782.0875,50539.1835,37013.08,1464.9597,,1384.0227,,,1464.96332,2306.7102,2954.2078,4208.7344,4451.546,3844.517,5260.918,5665.604,6029.8214,9955.27559999999,8134.18859999999,8457.93739999999,9955.27559999999,8377.0002,40.888,,47.613,,,35.844249999999995,31.2717615,48.6225453,40.35066,48.2862898,55.9529152,40.35066,45.6634969,46.9412678,60.1224834,46.9412678,45.730748,50.7745805,44.1839727,5_48
-3,NASS USDA,Sonoma,,22,5,49,-1,,,,,,,,,,,,,,,,,,,,,,,,,,,,,,,,,,,,,,,,,,,,,,,,,,,,,,,,,,5_49
-3,NASS USDA,Stanislaus,,22,5,50,-1,,,,,,,,3891.8165,816.465,4218.4025,,,,,11702.665,5443.1,8028.5725,6558.9355,,,,,,,,,687.9662,202.343,647.4976,,,,,1618.744,809.372,1416.401,1294.9952,,,,,,,,,56.5581750999999,40.35066,65.1663159,,,,,72.2949325,67.2511,56.8271795,50.7745805,,5_50
-3,NASS USDA,Sutter,,22,5,51,-1,8704.0,,5358.4,9030.4,,5742.4705,5443.1,7157.6765,,10614.045,12246.975,8708.96,20139.47,17145.765,25854.725,15594.4815,22044.555,40142.8625,33447.8495,1185.72705,,1193.82075,1375.929,,708.2005,1699.6812,1254.5266,,2023.43,2428.116,1618.744,3642.174,3197.0194,4289.6716,2630.459,4653.889,7082.005,5989.3528,73.43700000000001,,44.923,65.636,,81.1035,32.0115236,57.0289327999999,,52.455858,50.438325,53.80088,55.2804042,53.5991267,60.2569855999999,59.3154702,47.4120255,56.8271795,55.818413,5_51
-3,NASS USDA,Tehama,,22,5,52,-1,,,,,,,,,,,,,,,,,,,,,,,,,,,,,,,,,,,,,,,,,,,,,,,,,,,,,,,,,,5_52
-3,NASS USDA,Trinity,,22,5,53,-1,,,,,,,,,,,,,,,,,,,,,,,,,,,,,,,,,,,,,,,,,,,,,,,,,,,,,,,,,,5_53
-3,NASS USDA,Tulare,,22,5,54,-1,,,,,,,6477.289,21228.09,35380.15,44905.575,54703.155,,100697.35,55247.465,114849.41,65317.2,,,41122.6205,,,,,,,2589.9904,4411.0774,9105.435,9024.4978,12342.9229999999,,21043.672,11331.208,17077.7492,12383.3915999999,,,7850.9084,,,,,,,25.0174092,48.1517875999999,38.8711358,49.765814,44.3184749,,47.8827832,48.7570475,67.2511,52.7248624,,,52.3886069,5_54
-3,NASS USDA,Tuolumne,,22,5,55,-1,,,,,,,,,,,,,,,,,,,,,,,,,,,,,,,,,,,,,,,,,,,,,,,,,,,,,,,,,,5_55
-3,NASS USDA,Ventura,,22,5,56,-1,,,,,,,,,,,,,,,,,,,,,,,,,,,,,,,,,,,,,,,,,,,,,,,,,,,,,,,,,,5_56
-3,NASS USDA,Yolo,,22,5,57,-1,41616.0,,25840.0,23936.0,21923.2,15186.249,21826.831,27759.81,25718.6475,,32658.6,42184.025,56608.24,65126.6915,97975.8,63956.425,57887.3685,111365.826,72257.1525,5706.0585,,4249.1925,3965.913,4168.2555,2039.61744,6960.5992,5301.3866,5179.9808,,7689.034,8903.092,11533.551,11493.0824,15256.6621999999,11574.0196,10521.836,19141.6478,14002.1356,72.96625,,60.86125,60.3905,52.65675,74.44575,31.3390126,52.3886069,49.6313118,,42.5026952,47.4120255,49.093303,56.6926772999999,64.2248005,55.2804042,55.145902,58.1722015,51.5815937,5_57
-3,NASS USDA,Yuba,,22,5,58,-1,,,,,,,,,,,,,,,,2340.533,,,,,,,,,,,,,,,,,,,404.686,,,,,,,,,,,,,,,,,,,57.835946,,,,5_58
-2,NASS USDA,Colorado,,22,6,-1,-1,1932832.0,1751680.0,1929296.0,1084028.8,1892032.0,1116924.12,2667119.0,1918801.612,2384023.369,2884843.0,2217655.0175,2444278.486,1129116.664,1885163.254,2118127.934,2812721.925,2759923.855,1676474.8,2530497.19,756760.9500000001,744620.4,700105.05,578699.55,760807.8,615122.72,809372.0,790756.444,821107.894,890309.2,889095.142,954249.588,663280.353999999,895165.432,827178.184,961129.25,1011310.314,783472.096,958701.134,25.555000000000003,23.5375,27.5725,16.8125,24.882500000000004,18.1575,32.953039,24.2654634309109,29.0343117683587,32.4028027272727,24.9429034296768,25.6147404291772,17.0232680707748,21.0594448227848,25.6067446712328,29.2648470947368,27.2906524649859,21.3980772727272,26.3951341409877,6_-1
-3,NASS USDA,Adams,,22,6,1,-1,141984.0,,,42595.2,87747.2,90382.6755,167375.325,93485.2425,153223.265,168627.238,161224.622,182343.85,111529.119,152542.8775,137302.1975,180084.9635,152597.3085,98174.47315,135614.8365,54308.727,,,31970.115,12747.5775,46538.89,56494.1656,51799.808,58396.1898,53823.238,65559.132,56656.04,60217.2768,62726.33,57182.1317999999,67056.4702,62240.7068,50990.436,58962.7501999999,26.16025,,,13.315500000000002,19.03175,19.43525,29.6577351,18.0232948,26.227929,31.3390126,24.6139026,32.2132769,18.4940525,24.3448982,24.0086427,26.8331888999999,24.5466515,19.1665635,22.865374,6_1
-3,NASS USDA,Alamosa,,22,6,2,-1,,,,,,,,,,,,,,,,,,674.9444,9362.132,,,,,,,,,,,,,,,,,,404.686,1375.9324,,,,,,,,,,,,,,,,,,16.812775,68.0719590147058,6_2
-3,NASS USDA,Arapahoe,,22,6,3,-1,35931.2,,,5521.599999999999,14688.0,16193.2225,42075.163,14968.525,42320.1025,60363.979,30318.067,56417.7315,28657.9215,38918.165,47491.0475,81619.2845,57587.998,,71514.16935,14649.597,,,7972.2945,85793.22,10521.836,16268.3771999999,11452.6138,20517.5802,24483.503,22257.73,30675.1988,22581.4788,25899.904,19101.1792,27397.2422,26264.1214,,29015.9862,24.54625,,,6.92675,11.499750000000002,15.400249999999998,25.8916735,13.0467133999999,20.6460877,24.6811537,13.6519733,18.3595503,12.7104578999999,14.9969953,24.882907,29.7922372999999,21.8566075,,24.5283614518828,6_3
-3,NASS USDA,Archuleta,,22,6,4,-1,,,,,,,,,,,,,,,,,,,,,,,,,,,,,,,,,,,,,,,,,,,,,,,,,,,,,,,,,,6_4
-3,NASS USDA,Baca,,22,6,5,-1,142854.4,,,,136408.0,38809.303,,,,,65861.51,,,94982.095,,150991.594,200768.7435,70841.9465,163265.7845,60905.092500000006,,,,51597.3375,35612.368,,,,,41763.5951999999,,,80937.2,,71427.079,102506.9638,44920.146,68675.2142,23.47025,,,,15.93825,10.8945,,,,,15.7367573999999,,,11.7689425,,21.1168454,19.502819,15.8040085,23.8741405,6_5
-3,NASS USDA,Bent,,22,6,6,-1,,,,,,8219.081,,14669.1545,,,,,,,,,,,11893.1735,,,,,,2339.08508,,3197.0194,,,,,,,,,,,3399.3624,,,,,,35.1045,,45.8652502,,,,,,,,,,,34.970572,6_6
-3,NASS USDA,Boulder,,22,6,7,-1,,,,,,,,,,,,,,3810.17,,5579.1775,4463.342,,4191.187,,,,,,,,,,,,,,1254.5266,,1618.744,1335.4638,,1416.401,,,,,,,,,,,,,,30.3974972,,34.4998143,33.2892945,,29.7057716,6_7
-3,NASS USDA,Broomfield,,22,6,8,-1,,,,,,,,,,,,,,,,,,,762.034,,,,,,,,,,,,,,,,,,,485.6232,,,,,,,,,,,,,,,,,,,15.8040085,6_8
-3,NASS USDA,Chaffee,,22,6,9,-1,,,,,,,,,,,,,,,,,,,,,,,,,,,,,,,,,,,,,,,,,,,,,,,,,,,,,,,,,,6_9
-3,NASS USDA,Cheyenne,,22,6,10,-1,130560.0,,105236.8,,111520.0,79061.0275,188059.105,128185.005,,,160299.295,128674.884,,123014.06,147644.0875,242544.536,184112.8575,56159.18425,172736.7785,53661.231,,51759.211500000005,,2751.858,51880.7452,61512.272,65559.132,,,63738.045,79723.1419999999,,61916.958,70213.021,77173.6202,74947.8472,41844.5324,72924.4172,24.344500000000004,,20.37675,,21.6545,15.26575,30.5992505,19.5700701,,,25.1519114,16.140264,,19.8390745,21.0495943,31.4062637,24.5466515,13.45022,23.537885,6_10
-3,NASS USDA,Clear Creek,,22,6,11,-1,,,,,,,,,,,,,,,,,,,,,,,,,,,,,,,,,,,,,,,,,,,,,,,,,,,,,,,,,,6_11
-3,NASS USDA,Conejos,,22,6,12,-1,,,,,,,,,,,,,,,6205.134,,1197.482,5742.4705,1415.206,,,,,,,,,,,,,,,930.7778,,121.4058,1133.1208,242.8116,,,,,,,,,,,,,,,66.6458400999999,,98.5228614999999,50.6785075,58.2842866666666,6_12
-3,NASS USDA,Costilla,,22,6,13,-1,,,,,,,,,,,,,,,6259.565,,4082.325,,2912.0585,,,,,,,,,,,,,,,890.3092,,566.5604,,404.686,,,,,,,,,,,,,,,70.2773995,,71.958677,,72.0259281,6_13
-3,NASS USDA,Crowley,,22,6,14,-1,,,,,,,,,,,,,,,,,1298.17935,,462.6635,,,,,,,,,,,,,,,,,586.7947,,242.8116,,,,,,,,,,,,,,,,,22.192863,,19.1665635,6_14
-3,NASS USDA,Custer,,22,6,15,-1,,,,,,,,,,,,,,,,,,,,,,,,,,,,,,,,,,,,,,,,,,,,,,,,,,,,,,,,,,6_15
-3,NASS USDA,Delta,,22,6,16,-1,,,,,,,,,,,,,,,2286.102,,1415.206,,272.155,,,,,,,,,,,,,,,323.7488,,242.8116,,40.4686,,,,,,,,,,,,,,,70.613655,,58.1722015,,67.2511,6_16
-3,NASS USDA,Denver,,22,6,17,-1,,,,,,,,,,,,,,,,,,,5170.945,,,,,,,,,,,,,,,,,,,3520.7682,,,,,,,,,,,,,,,,,,,14.795242,6_17
-3,NASS USDA,Dolores,,22,6,18,-1,8704.0,,7670.4,3100.8,1868.64,,,1769.0075,,,8899.4685,8681.7445,,,9389.3475,3238.6445,,,7737.36665,7365.267000000001,,5544.1845,5301.373500000001,9914.7825,,,4330.1402,,,5544.1982,6555.9132,,,5382.3238,4815.7634,,,6070.29,11.836000000000002,,13.8535,5.85075,6.792249999999999,,,4.1023171,,,16.0730129,13.2484666999999,,,17.4180349,6.72511,,,12.7508085599999,6_18
-3,NASS USDA,Douglas,,22,6,19,-1,,,,,,,,,,,,1632.93,,,762.034,489.879,,468.1066,1796.223,,,,,,,,,,,,566.5604,,,445.1546,404.686,,404.686,768.9034,,,,,,,,,,,,28.8507218999999,,,17.1490305,12.105198,,11.432687,23.2016295,6_19
-3,NASS USDA,Eagle,,22,6,20,-1,,,,,,,,,,,,,,,,,,,,,,,,,,,,,,,,,,,,,,,,,,,,,,,,,,,,,,,,,,6_20
-3,NASS USDA,El Paso,,22,6,21,-1,,,,,,,,,,,,,,,,,,375.5739,925.327,,,,,,,,,,,,,,,,,,202.343,404.686,,,,,,,,,,,,,,,,,,18.4940525,22.865374,6_21
-3,NASS USDA,Elbert,,22,6,22,-1,30164.8,,20427.2,15014.4,25051.2,20547.7025,29937.05,15567.266,16193.2225,48225.866,41775.7925,,,,,,,12655.2075,28576.275,10481.3415,,6960.582,9307.755,48966.885,9469.6524,10036.2128,9712.464,7608.0968,13111.8264,15944.6284,,,,,,,8498.40599999999,12100.1114,28.783,,29.388250000000006,16.14,25.286000000000005,21.72175,29.8594883999999,16.0057618,21.2513476,36.7863517,26.227929,,,,,,,14.795242,23.537885,6_22
-3,NASS USDA,Fremont,,22,6,23,-1,,,,,,,,,,,,,,,,,,,,,,,,,,,,,,,,,,,,,,,,,,,,,,,,,,,,,,,,,,6_23
-3,NASS USDA,Garfield,,22,6,24,-1,,,,,,,,,,,,,,,,,,,544.31,,,,,,,,,,,,,,,,,,,161.8744,,,,,,,,,,,,,,,,,,,33.62555,6_24
-3,NASS USDA,Gilpin,,22,6,25,-1,,,,,,,,,,,,,,,,,,,,,,,,,,,,,,,,,,,,,,,,,,,,,,,,,,,,,,,,,,6_25
-3,NASS USDA,Grand,,22,6,26,-1,,,,,,,,,,,,,,,,,,,,,,,,,,,,,,,,,,,,,,,,,,,,,,,,,,,,,,,,,,6_26
-3,NASS USDA,Gunnison,,22,6,27,-1,,,,,,,,,,,,,,,,,,,,,,,,,,,,,,,,,,,,,,,,,,,,,,,,,,,,,,,,,,6_27
-3,NASS USDA,Hinsdale,,22,6,28,-1,,,,,,,,,,,,,,,,,,,,,,,,,,,,,,,,,,,,,,,,,,,,,,,,,,,,,,,,,,6_28
-3,NASS USDA,Huerfano,,22,6,29,-1,,,,,,,,,,,,,,,,,,,,,,,,,,,,,,,,,,,,,,,,,,,,,,,,,,,,,,,,,,6_29
-3,NASS USDA,Jackson,,22,6,30,-1,,,,,,,,,,,,,,,,,,,,,,,,,,,,,,,,,,,,,,,,,,,,,,,,,,,,,,,,,,6_30
-3,NASS USDA,Jefferson,,22,6,31,-1,,,,,,,,,,,,,,,,,,,,,,,,,,,,,,,,,,,,,,,,,,,,,,,,,,,,,,,,,,6_31
-3,NASS USDA,Kiowa,,22,6,32,-1,152537.6,,118755.2,88726.4,102027.2,93811.8285,225616.495,158530.2875,175948.2075,154447.9625,139751.5925,99744.8075,6749.444,90899.77,113624.7125,207790.3425,177268.15925,82906.57765,267011.2705,61673.994000000006,,61876.336500000005,57667.6125,105622.785,58558.0642,70010.678,64749.76,71346.1418,58679.47,69201.306,85591.0889999999,16187.44,66368.504,63535.702,74178.9438,87978.7364,57263.0689999999,89840.292,24.748,,19.2335,15.40025,20.8475,16.0055,32.2132769,24.4794004,24.6811537,26.2951801,20.17533,11.6344403,4.1695682,13.7192243999999,17.8887926,28.0437087,20.17533,14.4589865,29.590484,6_32
-3,NASS USDA,Kit Carson,,22,6,33,-1,261174.4,,308502.4,154604.8,339537.6,144024.426,372063.1005,229698.82,400340.005,414355.9875,345065.3245,328572.7315,115938.03,251743.375,259771.9475,361367.409,378023.295,222171.0127,326613.2155,94089.2625,,92065.8375,72479.08350000001,54430.1325,72236.451,95101.2099999999,94494.181,98338.698,115335.51,116549.568,119382.37,76445.1854,96719.954,83770.002,102992.587,107606.0074,93077.78,114202.389199999,27.77425,,33.55775,21.31825,32.1455,19.906,39.1401402,24.2776471,40.6869155,35.9120874,29.590484,27.5056998999999,15.1987486,26.0261757,31.0027571,35.1050742,34.970572,23.8741405,28.5817175,6_33
-3,NASS USDA,La Plata,,22,6,34,-1,,,,,,,,,1197.482,,1336.28105,394.62475,,,,,1347.16725,,1469.637,,,,,,,,,647.4976,,809.372,526.0918,,,,,768.9034,,1173.5894,,,,,,,,,18.4940525,,16.5437706,7.53212319999999,,,,,17.485286,,12.4414535,6_34
-3,NASS USDA,Lake,,22,6,35,-1,,,,,,,,,,,,,,,,,,,,,,,,,,,,,,,,,,,,,,,,,,,,,,,,,,,,,,,,,,6_35
-3,NASS USDA,Larimer,,22,6,36,-1,3155.2,,,2545.92,,,4000.6785,2177.24,,,8600.098,7429.8315,4626.635,5388.669,,9035.546,8981.115,993.36575,8491.236,987.4314,,,1335.4605,,,1092.6522,1092.6522,,,3439.831,2225.773,2185.3044,2144.8358,,2954.2078,2751.8648,364.2174,2873.2706,31.943750000000005,,,19.099,,,36.5845984,19.9063256,,,25.0174092,33.3565456,21.1840965,25.1519114,,30.5992505,32.4783253529411,27.2366955,29.6283719436619,6_36
-3,NASS USDA,Las Animas,,22,6,37,-1,,,,,,,,,,2068.378,,571.5255,,,440.8911,,,,1905.085,,,,,,,,,,1052.1836,,1375.9324,,,607.029,,,,809.372,,,,,,,,,,19.6373212,,4.1695682,,,7.2631188,,,,23.537885,6_37
-3,NASS USDA,Lincoln,,22,6,38,-1,103305.6,,125555.2,51054.4,106814.4,44851.144,195543.3675,79959.139,113080.4025,189256.587,104072.072,125463.455,49695.503,117434.8825,75386.935,122905.198,148297.2595,45591.4056,121000.113,43422.7005,,45284.2515,32739.0165,39659.130000000005,30513.3244,57060.7259999999,48967.006,45567.6435999999,58841.3444,49169.349,52851.9916,39092.6676,63495.2334,40670.943,54268.3926,60541.0256,37595.3294,56089.4796,23.8065,,27.77425,15.602,19.637,14.72775,34.298061,16.3420173,24.8156559,32.1460258,21.1840965,23.7396382999999,12.7104578999999,18.4940525,18.5613036,22.6636207,24.5466515,12.105198,21.520352,6_38
-3,NASS USDA,Logan,,22,6,39,-1,101972.8,,113451.2,52496.0,119680.0,56581.0245,130906.555,,136213.5775,137900.9385,124374.835,134308.4925,91716.235,111447.4725,124728.6365,158530.2875,119938.7085,103772.7015,116591.202,36300.2445,,38485.5435,32536.674000000003,687.9645,26749.7446,43827.4938,,46538.89,46134.204,47307.7934,42411.0928,43382.3392,46943.576,45446.2377999999,55239.6389999999,47833.8852,46296.0784,50788.093,28.1105,,29.52275,16.14,30.19525,21.18375,29.8594883999999,,29.2542285,29.8594883999999,26.2951801,31.6752681,21.1168454,23.7396382999999,27.4384487999999,28.7162197,25.2191625,22.5291185,22.8782347681274,6_39
-3,NASS USDA,Mesa,,22,6,40,-1,6908.799999999999,,8595.199999999999,,5412.799999999999,5633.6085,4327.2645,5225.376,5579.1775,,7184.892,7484.2625,,4653.8505,6450.0735,9525.425,6422.858,10262.96505,6967.168,995.5251,,1011.7125,,16592.085,687.9662,505.8575,647.4976,647.4976,,890.3092,849.8406,,526.0918,728.4348,1214.058,768.9034,1254.5266,890.3092,69.46925,,85.004,,78.74975,81.9105,85.5433992,80.70132,86.1486590999999,,80.70132,88.098941,,88.4351964999999,88.5696986999999,78.4820337,83.391364,81.7100865,78.3475315,6_40
-3,NASS USDA,Mineral,,22,6,41,-1,,,,,,,,,,,,,,,,,,,,,,,,,,,,,,,,,,,,,,,,,,,,,,,,,,,,,,,,,,6_41
-3,NASS USDA,Moffat,,22,6,42,-1,,,,,,,,,,,,,,,5497.531,,9117.1925,4498.72215,4027.894,,,,,,,,,,,,,,,3682.6426,,3844.517,3358.8938,3844.517,,,,,,,,,,,,,,,14.9297441999999,,23.8741405,13.45022,10.4947111315789,6_42
-3,NASS USDA,Montezuma,,22,6,43,-1,,,,,,1113.11395,,857.28825,,,9824.7955,6259.565,,,6177.9185,12655.2075,1850.654,7584.95985,4155.80685,,,,,,1400.21356,,1294.9952,,,2913.7392,2873.2706,,,2225.773,3520.7682,526.0918,3601.7054,2630.459,,,,,,7.9355,,6.5906078,,,33.6928011,21.7893564,,,27.7747042999999,35.9120874,35.3068275,21.040526735955,15.9074717307692,6_43
-3,NASS USDA,Montrose,,22,6,44,-1,,,,,,,,,,,,,,,,,,870.896,462.6635,,,,,,,,,,,,,,,,,,202.343,80.9372,,,,,,,,,,,,,,,,,,43.040704,57.163435,6_44
-3,NASS USDA,Morgan,,22,6,45,-1,,,,19828.8,42595.2,34046.5905,,40088.4315,,,61779.185,101513.815,53668.966,67358.3625,63765.9165,70814.731,,58804.53085,82789.551,,,,10562.2785,104611.0725,15742.2854,,16996.8119999999,,,24443.0344,25940.3726,21853.0439999999,21893.5126,20638.986,23755.0681999999,,21893.5126,27073.4934,,,,18.76275,25.68950000000001,21.6545,,23.6051361,,,25.2864136,39.1401402,24.5466515,30.7337527,30.8682548999999,29.7922372999999,,26.90044,30.6037741165919,6_45
-3,NASS USDA,Otero,,22,6,46,-1,,,,,,,,,5715.255,,,7021.599,,5606.393,5660.824,,,14201.0479,10042.5195,,,,,,,,,1335.4638,,,2144.8358,,1416.401,1052.1836,,,2792.3334,2225.773,,,,,,,,,42.7716996,,,32.7512857,,39.6108979,53.80088,,,50.7745805,45.058237,6_46
-3,NASS USDA,Ouray,,22,6,47,-1,,,,,,,,,,,,,,,,,,,,,,,,,,,,,,,,,,,,,,,,,,,,,,,,,,,,,,,,,,6_47
-3,NASS USDA,Park,,22,6,48,-1,,,,,,,,,,,,,,,,,,,,,,,,,,,,,,,,,,,,,,,,,,,,,,,,,,,,,,,,,,6_48
-3,NASS USDA,Phillips,,22,6,49,-1,92017.6,,98001.6,46648.0,,63357.684,,,148052.32,154012.5145,,143017.4525,71168.5325,102194.2025,112944.325,130171.7365,140690.52725,121489.992,128375.5135,33305.5755,,31524.9615,32577.1425,,32941.4404,,,41601.7207999999,41197.0348,,43382.3392,37757.2037999999,41480.315,35774.2423999999,42168.2812,42411.0928,41197.0348,44677.3344,27.639750000000003,,31.136750000000003,14.32425,,19.2335,,,35.5758319,37.3916116,,32.953039,18.830308,24.6139026,31.5407658999999,30.8682548999999,33.2892945,29.590484,28.5817175,6_49
-3,NASS USDA,Pitkin,,22,6,50,-1,,,,,,,,,,,,,,,,,,,,,,,,,,,,,,,,,,,,,,,,,,,,,,,,,,,,,,,,,,6_50
-3,NASS USDA,Prowers,,22,6,51,-1,89488.0,,39848.0,129689.59999999998,,79006.5965,208987.8245,179540.6535,123395.077,177771.646,81619.2845,,,79686.984,94982.095,156489.125,124075.4645,83524.3695,155101.1345,42532.3935,,32131.989,26952.021,,35693.3052,46943.576,52204.494,42330.1556,51192.779,45122.489,,,43382.3392,43179.9962,52447.3056,54430.267,41439.8464,53539.9578,21.04925,,12.441250000000002,12.30675,,22.12525,44.5202282,34.3653121,29.1197262999999,34.7015676,18.0905459,,,18.3595503,21.9911097,29.8594883999999,22.865374,20.17533,28.917973,6_51
-3,NASS USDA,Pueblo,,22,6,52,-1,,,,,,,,,,,,544.31,,,,,3891.8165,,2286.102,,,,,,,,,,,,364.2174,,,,,1254.5266,,607.029,,,,,,,,,,,,14.9297441999999,,,,,30.935506,,37.660616,6_52
-3,NASS USDA,Rio Blanco,,22,6,53,-1,,,,,,,,,,,,,,,,,,,190.5085,,,,,,,,,,,,,,,,,,,202.343,,,,,,,,,,,,,,,,,,,9.415154,6_53
-3,NASS USDA,Rio Grande,,22,6,54,-1,,,,,,,,,,,,3238.6445,,6586.151,,9470.994,12981.7935,14424.215,9362.132,,,,,,,,,,,,445.1546,,809.372,,1294.9952,1659.2126,2144.8358,1254.5266,,,,,,,,,,,,72.7656902,,81.373831,,73.1691968,78.3475315,67.2511,74.7463435645161,6_54
-3,NASS USDA,Routt,,22,6,55,-1,,,,,,,,,,,,,,,,2258.8865,,1461.47235,1796.223,,,,,,,,,,,,,,,,1214.058,,930.7778,1133.1208,,,,,,,,,,,,,,,,18.6285547,,15.8040085,15.9000814999999,6_55
-3,NASS USDA,Saguache,,22,6,56,-1,,,,,,,,,,,,2993.705,,,,,29120.585,28304.12,14560.2925,,,,,,,,,,,,485.6232,,,,,4046.86,4451.546,1982.9614,,,,,,,,,,,,61.6692587,,,,,71.958677,63.5522895,73.3791849285714,6_56
-3,NASS USDA,San Juan,,22,6,57,-1,,,,,,,,,,,,,,,,,,,,,,,,,,,,,,,,,,,,,,,,,,,,,,,,,,,,,,,,,,6_57
-3,NASS USDA,San Miguel,,22,6,58,-1,,,,,,,,,,,,,,,,,,,244.9395,,,,,,,,,,,,,,,,,,,80.9372,,,,,,,,,,,,,,,,,,,30.262995,6_58
-3,NASS USDA,Sedgwick,,22,6,59,-1,,,59105.6,,50048.0,44660.6355,,,84966.791,67222.285,79197.105,106249.312,55329.1115,72447.661,68419.767,86817.445,105514.4935,128321.0825,91525.7265,,,20760.3405,,18615.51,18534.6188,,,25778.4981999999,27113.962,27882.8654,30634.7301999999,25697.5609999999,28530.3629999999,24564.4402,27680.5223999999,31160.822,37392.9864,34074.5612,,,28.514,,26.90000000000001,24.0755,,,32.953039,24.8156559,28.3799642,34.7015676,21.520352,25.4209157999999,27.8419553999999,31.3390126,33.9618055,34.298061,26.90044,6_59
-3,NASS USDA,Summit,,22,6,60,-1,,,,,,,,,,,,,,,,,,,,,,,,,,,,,,,,,,,,,,,,,,,,,,,,,,,,,,,,,,6_60
-3,NASS USDA,Teller,,22,6,61,-1,,,,,,,,,,,,,,,,,,,,,,,,,,,,,,,,,,,,,,,,,,,,,,,,,,,,,,,,,,6_61
-3,NASS USDA,Washington,,22,6,62,-1,273441.6,,322374.4,190862.4,255707.2,97295.4125,,243007.1995,247933.205,423473.18,278414.565,353474.914,174451.355,239224.245,300323.0425,331974.669,315890.3085,157768.2535,274830.28365,109871.9775,,102587.6475,78063.7365,96315.03,76445.1854,,100159.785,94291.838,116347.224999999,119180.027,111693.336,114121.451999999,116549.568,106230.075,119382.37,118370.655,95505.896,108132.0992,24.882500000000004,,31.473,12.374,26.56375,12.710249999999998,,24.2776471,26.2951801,36.3828451,23.3361317,31.6752681,15.2659996999999,20.5115855,28.245462,27.7747042999999,26.5641845,16.4765195,25.2554056077844,6_62
-3,NASS USDA,Weld,,22,6,63,-1,86822.4,,116987.2,,36203.2,60391.1945,,104779.675,,120292.51,132321.761,173634.89,101649.8925,102085.3405,127178.0315,150270.38325,158930.35535,,95580.836,37231.02,,37150.083,,20638.935,34641.1216,,40063.914,,49371.6919999999,50990.436,49938.2524,51152.3104,46457.9528,47348.262,51637.9336,49250.2862,,40954.2232,23.33575,,31.540250000000004,,17.55225,17.417749999999998,,26.1606779,,24.3448982,25.9589246,34.7688187,19.8390745,21.9911097,26.8331888999999,29.1138233821316,32.3578916318816,,23.3096166912055,6_63
-3,NASS USDA,Yuma,,22,6,64,-1,135864.0,,172312.0,1066729.6,165675.19999999998,112753.8165,,,,,187895.812,226841.1925,102738.5125,123694.4475,153903.6525,171539.2965,201421.9155,146800.407,185963.5115,42087.240000000005,,48966.885,38445.075,45729.405,40873.286,,,,,54632.61,55644.325,45082.0204,45324.832,49452.6291999999,50221.5326,56251.354,48036.2282,59326.9675999999,32.28,,35.239000000000004,24.54625,36.24775,27.5725,,,,,34.3653121,40.7541666,22.7981229,27.3039466,31.1372592999999,34.1635588,35.643083,30.5992505,31.3208465457025,6_64
-3,NASS USDA,Fairfield,,22,7,1,-1,,,,,,,,,,,,,,,,,,,,,,,,,,,,,,,,,,,,,,,,,,,,,,,,,,,,,,,,,,7_1
-3,NASS USDA,Hartford,,22,7,2,-1,,,,,,,,,,,,,,,,,,,,,,,,,,,,,,,,,,,,,,,,,,,,,,,,,,,,,,,,,,7_2
-3,NASS USDA,Litchfield,,22,7,3,-1,,,,,,,,,,,,,,,,,,,,,,,,,,,,,,,,,,,,,,,,,,,,,,,,,,,,,,,,,,7_3
-3,NASS USDA,Middlesex,,22,7,4,-1,,,,,,,,,,,,,,,,,,,,,,,,,,,,,,,,,,,,,,,,,,,,,,,,,,,,,,,,,,7_4
-3,NASS USDA,New Haven,,22,7,5,-1,,,,,,,,,,,,,,,,,,,,,,,,,,,,,,,,,,,,,,,,,,,,,,,,,,,,,,,,,,7_5
-3,NASS USDA,New London,,22,7,6,-1,,,,,,,,,,,,,,,,,,,,,,,,,,,,,,,,,,,,,,,,,,,,,,,,,,,,,,,,,,7_6
-3,NASS USDA,Tolland,,22,7,7,-1,,,,,,,,,,,,,,,,,,,,,,,,,,,,,,,,,,,,,,,,,,,,,,,,,,,,,,,,,,7_7
-3,NASS USDA,Windham,,22,7,8,-1,,,,,,,,,,,,,,,,,,,,,,,,,,,,,,,,,,,,,,,,,,,,,,,,,,,,,,,,,,7_8
-2,NASS USDA,Delaware,,22,8,-1,-1,95907.2,101836.8,172665.59999999998,269388.8,66640.0,109270.2325,97975.8,86953.5225,119203.89,118523.5025,114985.4875,146963.7,135859.776,153059.972,140840.2125,74189.453,104589.1665,165551.8865,101785.97,16592.085,21043.620000000003,27923.265,21852.99,14163.975,22257.73,20234.3,18210.87,24281.16,26304.59,26304.59,30351.45,31565.5079999999,30756.136,30351.45,19020.242,25495.218,31970.194,22257.73,57.835,48.42,61.870000000000005,51.11000000000001,47.075,49.0925,48.420792,47.748281,49.093303,45.058237,43.713215,48.420792,43.040704,49.765814,46.403259,39.005638,41.023171,51.783347,45.730748,8_-1
-3,NASS USDA,Kent,,22,8,1,-1,,,,,,,,,,,,,,,,,41911.87,61643.1075,42864.4125,,,,,,,,,,,,,,,,,10117.15,11614.4882,9226.8408,,,,,,,,,,,,,,,,,41.3594265,53.128369,46.4705100999999,8_1
-3,NASS USDA,New Castle,,22,8,2,-1,,,,,,,,,,,,,,,,,19431.867,23895.209,16111.576,,,,,,,,,,,,,,,,,4249.20299999999,4370.6088,3318.4252,,,,,,,,,,,,,,,,,45.730748,54.8096465,48.5552942,8_2
-3,NASS USDA,Sussex,,22,8,3,-1,,,,,,,,,,,,,,,,,51709.45,80013.57,42809.9815,,,,,,,,,,,,,,,,,12747.609,15985.097,9712.464,,,,,,,,,,,,,,,,,40.6869155,50.1020695,44.0494705,8_3
-3,NASS USDA,District of Columbia,,22,9,1,-1,,,,,,,,,,,,,,,,,,,,,,,,,,,,,,,,,,,,,,,,,,,,,,,,,,,,,,,,,,9_1
-2,NASS USDA,Florida,,22,10,-1,-1,,,,,,,,9797.58,10069.735,12246.975,17553.9975,10614.045,30508.5755,17145.765,10015.304,7810.8485,16764.748,33801.651,13471.6725,,,,,,,,4046.86,4046.86,6070.29,6070.29,4046.86,7689.034,6070.29,3237.488,2832.802,5665.604,9307.778,3642.174,,,,,,,,24.210396,24.882907,20.17533,28.917973,26.227929,39.678149,28.245462,30.935506,27.572951,29.590484,36.315594,36.988105,10_-1
-3,NASS USDA,Alachua,,22,10,1,-1,,,,,,,,,,,,,,,,,,,,,,,,,,,,,,,,,,,,,,,,,,,,,,,,,,,,,,,,,,10_1
-3,NASS USDA,Baker,,22,10,2,-1,,,,,,,,,,,,,,,,,,,,,,,,,,,,,,,,,,,,,,,,,,,,,,,,,,,,,,,,,,10_2
-3,NASS USDA,Bay,,22,10,3,-1,,,,,,,,,,,,,,,,,,,,,,,,,,,,,,,,,,,,,,,,,,,,,,,,,,,,,,,,,,10_3
-3,NASS USDA,Bradford,,22,10,4,-1,,,,,,,,,,,,,,,,,,,,,,,,,,,,,,,,,,,,,,,,,,,,,,,,,,,,,,,,,,10_4
-3,NASS USDA,Brevard,,22,10,5,-1,,,,,,,,,,,,,,,,,,,,,,,,,,,,,,,,,,,,,,,,,,,,,,,,,,,,,,,,,,10_5
-3,NASS USDA,Broward,,22,10,6,-1,,,,,,,,,,,,,,,,,,,,,,,,,,,,,,,,,,,,,,,,,,,,,,,,,,,,,,,,,,10_6
-3,NASS USDA,Calhoun,,22,10,7,-1,,,,,,,,,,,,,,,,,,,,,,,,,,,,,,,,,,,,,,,,,,,,,,,,,,,,,,,,,,10_7
-3,NASS USDA,Charlotte,,22,10,8,-1,,,,,,,,,,,,,,,,,,,,,,,,,,,,,,,,,,,,,,,,,,,,,,,,,,,,,,,,,,10_8
-3,NASS USDA,Citrus,,22,10,9,-1,,,,,,,,,,,,,,,,,,,,,,,,,,,,,,,,,,,,,,,,,,,,,,,,,,,,,,,,,,10_9
-3,NASS USDA,Clay,,22,10,10,-1,,,,,,,,,,,,,,,,,,,,,,,,,,,,,,,,,,,,,,,,,,,,,,,,,,,,,,,,,,10_10
-3,NASS USDA,Collier,,22,10,11,-1,,,,,,,,,,,,,,,,,,,,,,,,,,,,,,,,,,,,,,,,,,,,,,,,,,,,,,,,,,10_11
-3,NASS USDA,Columbia,,22,10,12,-1,,,,,,,,,,,,,,,,,,,,,,,,,,,,,,,,,,,,,,,,,,,,,,,,,,,,,,,,,,10_12
-3,NASS USDA,Desoto,,22,10,13,-1,,,,,,,,,,,,,,,,,,,,,,,,,,,,,,,,,,,,,,,,,,,,,,,,,,,,,,,,,,10_13
-3,NASS USDA,Dixie,,22,10,14,-1,,,,,,,,,,,,,,,,,,,,,,,,,,,,,,,,,,,,,,,,,,,,,,,,,,,,,,,,,,10_14
-3,NASS USDA,Duval,,22,10,15,-1,,,,,,,,,,,,,,,,,,,,,,,,,,,,,,,,,,,,,,,,,,,,,,,,,,,,,,,,,,10_15
-3,NASS USDA,Escambia,,22,10,16,-1,,,,,,,,,,,,,,,,,,14448.70895,,,,,,,,,,,,,,,,,,,3520.7682,,,,,,,,,,,,,,,,,,,41.023171,,10_16
-3,NASS USDA,Flagler,,22,10,17,-1,,,,,,,,,,,,,,,,,,,,,,,,,,,,,,,,,,,,,,,,,,,,,,,,,,,,,,,,,,10_17
-3,NASS USDA,Franklin,,22,10,18,-1,,,,,,,,,,,,,,,,,,,,,,,,,,,,,,,,,,,,,,,,,,,,,,,,,,,,,,,,,,10_18
-3,NASS USDA,Gadsden,,22,10,19,-1,,,,,,,,,,,,,,,,,,,,,,,,,,,,,,,,,,,,,,,,,,,,,,,,,,,,,,,,,,10_19
-3,NASS USDA,Gilchrist,,22,10,20,-1,,,,,,,,,,,,,,,,,,,,,,,,,,,,,,,,,,,,,,,,,,,,,,,,,,,,,,,,,,10_20
-3,NASS USDA,Glades,,22,10,21,-1,,,,,,,,,,,,,,,,,,,,,,,,,,,,,,,,,,,,,,,,,,,,,,,,,,,,,,,,,,10_21
-3,NASS USDA,Gulf,,22,10,22,-1,,,,,,,,,,,,,,,,,,,,,,,,,,,,,,,,,,,,,,,,,,,,,,,,,,,,,,,,,,10_22
-3,NASS USDA,Hamilton,,22,10,23,-1,,,,,,,,,,,,,,,,,,,,,,,,,,,,,,,,,,,,,,,,,,,,,,,,,,,,,,,,,,10_23
-3,NASS USDA,Hardee,,22,10,24,-1,,,,,,,,,,,,,,,,,,,,,,,,,,,,,,,,,,,,,,,,,,,,,,,,,,,,,,,,,,10_24
-3,NASS USDA,Hendry,,22,10,25,-1,,,,,,,,,,,,,,,,,,,,,,,,,,,,,,,,,,,,,,,,,,,,,,,,,,,,,,,,,,10_25
-3,NASS USDA,Hernando,,22,10,26,-1,,,,,,,,,,,,,,,,,,,,,,,,,,,,,,,,,,,,,,,,,,,,,,,,,,,,,,,,,,10_26
-3,NASS USDA,Highlands,,22,10,27,-1,,,,,,,,,,,,,,,,,,,,,,,,,,,,,,,,,,,,,,,,,,,,,,,,,,,,,,,,,,10_27
-3,NASS USDA,Hillsborough,,22,10,28,-1,,,,,,,,,,,,,,,,,,,,,,,,,,,,,,,,,,,,,,,,,,,,,,,,,,,,,,,,,,10_28
-3,NASS USDA,Holmes,,22,10,29,-1,,,,,,,,,,,,,,,,,,,,,,,,,,,,,,,,,,,,,,,,,,,,,,,,,,,,,,,,,,10_29
-3,NASS USDA,Indian River,,22,10,30,-1,,,,,,,,,,,,,,,,,,,,,,,,,,,,,,,,,,,,,,,,,,,,,,,,,,,,,,,,,,10_30
-3,NASS USDA,Jackson,,22,10,31,-1,,,,,,,,,,,,,,,,,,,,,,,,,,,,,,,,,,,,,,,,,,,,,,,,,,,,,,,,,,10_31
-3,NASS USDA,Jefferson,,22,10,32,-1,,,,,,,,,,,,,,,,,,,,,,,,,,,,,,,,,,,,,,,,,,,,,,,,,,,,,,,,,,10_32
-3,NASS USDA,Lafayette,,22,10,33,-1,,,,,,,,,,,,,,,,,,,,,,,,,,,,,,,,,,,,,,,,,,,,,,,,,,,,,,,,,,10_33
-3,NASS USDA,Lake,,22,10,34,-1,,,,,,,,,,,,,,,,,,,,,,,,,,,,,,,,,,,,,,,,,,,,,,,,,,,,,,,,,,10_34
-3,NASS USDA,Lee,,22,10,35,-1,,,,,,,,,,,,,,,,,,,,,,,,,,,,,,,,,,,,,,,,,,,,,,,,,,,,,,,,,,10_35
-3,NASS USDA,Leon,,22,10,36,-1,,,,,,,,,,,,,,,,,,,,,,,,,,,,,,,,,,,,,,,,,,,,,,,,,,,,,,,,,,10_36
-3,NASS USDA,Levy,,22,10,37,-1,,,,,,,,,,,,,,,,,,,,,,,,,,,,,,,,,,,,,,,,,,,,,,,,,,,,,,,,,,10_37
-3,NASS USDA,Liberty,,22,10,38,-1,,,,,,,,,,,,,,,,,,,,,,,,,,,,,,,,,,,,,,,,,,,,,,,,,,,,,,,,,,10_38
-3,NASS USDA,Madison,,22,10,39,-1,,,,,,,,,,,,,,,,,,,,,,,,,,,,,,,,,,,,,,,,,,,,,,,,,,,,,,,,,,10_39
-3,NASS USDA,Manatee,,22,10,40,-1,,,,,,,,,,,,,,,,,,,,,,,,,,,,,,,,,,,,,,,,,,,,,,,,,,,,,,,,,,10_40
-3,NASS USDA,Marion,,22,10,41,-1,,,,,,,,,,,,,,,,,,,,,,,,,,,,,,,,,,,,,,,,,,,,,,,,,,,,,,,,,,10_41
-3,NASS USDA,Martin,,22,10,42,-1,,,,,,,,,,,,,,,,,,,,,,,,,,,,,,,,,,,,,,,,,,,,,,,,,,,,,,,,,,10_42
-3,NASS USDA,Miami-Dade,,22,10,43,-1,,,,,,,,,,,,,,,,,,,,,,,,,,,,,,,,,,,,,,,,,,,,,,,,,,,,,,,,,,10_43
-3,NASS USDA,Monroe,,22,10,44,-1,,,,,,,,,,,,,,,,,,,,,,,,,,,,,,,,,,,,,,,,,,,,,,,,,,,,,,,,,,10_44
-3,NASS USDA,Nassau,,22,10,45,-1,,,,,,,,,,,,,,,,,,,,,,,,,,,,,,,,,,,,,,,,,,,,,,,,,,,,,,,,,,10_45
-3,NASS USDA,Okaloosa,,22,10,46,-1,,,,,,,,,,,,,,,,,,,,,,,,,,,,,,,,,,,,,,,,,,,,,,,,,,,,,,,,,,10_46
-3,NASS USDA,Okeechobee,,22,10,47,-1,,,,,,,,,,,,,,,,,,,,,,,,,,,,,,,,,,,,,,,,,,,,,,,,,,,,,,,,,,10_47
-3,NASS USDA,Orange,,22,10,48,-1,,,,,,,,,,,,,,,,,,,,,,,,,,,,,,,,,,,,,,,,,,,,,,,,,,,,,,,,,,10_48
-3,NASS USDA,Osceola,,22,10,49,-1,,,,,,,,,,,,,,,,,,,,,,,,,,,,,,,,,,,,,,,,,,,,,,,,,,,,,,,,,,10_49
-3,NASS USDA,Palm Beach,,22,10,50,-1,,,,,,,,,,,,,,,,,,,,,,,,,,,,,,,,,,,,,,,,,,,,,,,,,,,,,,,,,,10_50
-3,NASS USDA,Pasco,,22,10,51,-1,,,,,,,,,,,,,,,,,,,,,,,,,,,,,,,,,,,,,,,,,,,,,,,,,,,,,,,,,,10_51
-3,NASS USDA,Pinellas,,22,10,52,-1,,,,,,,,,,,,,,,,,,,,,,,,,,,,,,,,,,,,,,,,,,,,,,,,,,,,,,,,,,10_52
-3,NASS USDA,Polk,,22,10,53,-1,,,,,,,,,,,,,,,,,,,,,,,,,,,,,,,,,,,,,,,,,,,,,,,,,,,,,,,,,,10_53
-3,NASS USDA,Putnam,,22,10,54,-1,,,,,,,,,,,,,,,,,,,,,,,,,,,,,,,,,,,,,,,,,,,,,,,,,,,,,,,,,,10_54
-3,NASS USDA,Saint Johns,,22,10,55,-1,,,,,,,,,,,,,,,,,,,,,,,,,,,,,,,,,,,,,,,,,,,,,,,,,,,,,,,,,,10_55
-3,NASS USDA,Saint Lucie,,22,10,56,-1,,,,,,,,,,,,,,,,,,,,,,,,,,,,,,,,,,,,,,,,,,,,,,,,,,,,,,,,,,10_56
-3,NASS USDA,Santa Rosa,,22,10,57,-1,,,,,,,,,,,,,,,,,,,,,,,,,,,,,,,,,,,,,,,,,,,,,,,,,,,,,,,,,,10_57
-3,NASS USDA,Sarasota,,22,10,58,-1,,,,,,,,,,,,,,,,,,,,,,,,,,,,,,,,,,,,,,,,,,,,,,,,,,,,,,,,,,10_58
-3,NASS USDA,Seminole,,22,10,59,-1,,,,,,,,,,,,,,,,,,,,,,,,,,,,,,,,,,,,,,,,,,,,,,,,,,,,,,,,,,10_59
-3,NASS USDA,Sumter,,22,10,60,-1,,,,,,,,,,,,,,,,,,,,,,,,,,,,,,,,,,,,,,,,,,,,,,,,,,,,,,,,,,10_60
-3,NASS USDA,Suwannee,,22,10,61,-1,,,,,,,,,,,,,,,,,,,,,,,,,,,,,,,,,,,,,,,,,,,,,,,,,,,,,,,,,,10_61
-3,NASS USDA,Taylor,,22,10,62,-1,,,,,,,,,,,,,,,,,,,,,,,,,,,,,,,,,,,,,,,,,,,,,,,,,,,,,,,,,,10_62
-3,NASS USDA,Union,,22,10,63,-1,,,,,,,,,,,,,,,,,,,,,,,,,,,,,,,,,,,,,,,,,,,,,,,,,,,,,,,,,,10_63
-3,NASS USDA,Volusia,,22,10,64,-1,,,,,,,,,,,,,,,,,,,,,,,,,,,,,,,,,,,,,,,,,,,,,,,,,,,,,,,,,,10_64
-3,NASS USDA,Wakulla,,22,10,65,-1,,,,,,,,,,,,,,,,,,,,,,,,,,,,,,,,,,,,,,,,,,,,,,,,,,,,,,,,,,10_65
-3,NASS USDA,Walton,,22,10,66,-1,,,,,,,,,,,,,,,,,,,,,,,,,,,,,,,,,,,,,,,,,,,,,,,,,,,,,,,,,,10_66
-3,NASS USDA,Washington,,22,10,67,-1,,,,,,,,,,,,,,,,,,,,,,,,,,,,,,,,,,,,,,,,,,,,,,,,,,,,,,,,,,10_67
-2,NASS USDA,Georgia,,22,11,-1,-1,116688.0,96288.0,127160.0,162683.2,167552.0,127232.4625,76203.4,102874.59,89538.995,137710.43,169688.6425,306718.685,587854.8,312978.25,304813.6,111039.24,280047.495,613709.525,250382.6,26304.525,24281.1,34398.225,40468.5,44515.35,34398.31,20234.3,28328.02,28328.02,44515.46,58679.47,93077.78,145686.96,93077.78,80937.2,41277.972,99148.0699999999,165921.26,93077.78,44.385000000000005,39.6775,36.9875,39.005,37.66,36.9875,37.660616,36.315594,31.608017,30.935506,28.917973,32.953039,40.35066,33.62555,37.660616,26.90044,28.245462,36.988105,26.90044,11_-1
-3,NASS USDA,Appling,,22,11,1,-1,,,,,,,,,,,,6831.0905,14097.629,2571.86475,1837.04625,,,,489.879,,,,,,,,,,,,1699.6812,2933.9735,776.99712,469.43576,,,,283.2802,,,,,,,,,,,,40.2161578,48.0172854,33.0875412,39.1401402,,,,17.485286,11_1
-3,NASS USDA,Atkinson,,22,11,2,-1,,,,,,,,,,,,,,,,,,,163.293,,,,,,,,,,,,,,,,,,,80.9372,,,,,,,,,,,,,,,,,,,20.17533,11_2
-3,NASS USDA,Bacon,,22,11,3,-1,,,,,,,,,,,,,,,1360.775,,,,299.3705,,,,,,,,,,,,,,,445.1546,,,,161.8744,,,,,,,,,,,,,,,30.5992505,,,,18.830308,11_3
-3,NASS USDA,Baker,,22,11,4,-1,,,,,,,,,,,,,3265.86,1918.69275,,,1387.9905,2204.4555,816.465,,,,,,,,,,,,,797.23142,453.24832,,,485.6232,485.6232,242.8116,,,,,,,,,,,,,40.9559199,42.3009419,,,28.5817175,45.3944925,33.62555,11_4
-3,NASS USDA,Baldwin,,22,11,5,-1,,,,,,,,,,,,,,,,,,,,,,,,,,,,,,,,,,,,,,,,,,,,,,,,,,,,,,,,,,11_5
-3,NASS USDA,Banks,,22,11,6,-1,,,,,,,,,,,,,,,,,,,,,,,,,,,,,,,,,,,,,,,,,,,,,,,,,,,,,,,,,,11_6
-3,NASS USDA,Barrow,,22,11,7,-1,,,,,,,,,,,,,,,,,,,,,,,,,,,,,,,,,,,,,,,,,,,,,,,,,,,,,,,,,,11_7
-3,NASS USDA,Bartow,,22,11,8,-1,,,,,,,,,,,,,,,1733.62735,677.66595,,2394.964,,,,,,,,,,,,,,,,287.32706,161.8744,,404.686,,,,,,,,,,,,,,,,60.3242367,41.8974353,,59.180968,,11_8
-3,NASS USDA,Ben Hill,,22,11,9,-1,,,,,,,,,,,,,,1088.62,,285.76275,,1986.7315,1905.085,,,,,,,,,,,,,,348.02996,,129.49952,,607.029,607.029,,,,,,,,,,,,,,31.2717615,,22.0583607999999,,32.6167835,31.608017,11_9
-3,NASS USDA,Berrien,,22,11,10,-1,,,,,,,,,,,,,,,1251.913,,789.2495,2394.964,625.9565,,,,,,,,,,,,,,,307.56136,,242.8116,526.0918,202.343,,,,,,,,,,,,,,,40.6869155,,32.6167835,45.3944925,30.935506,11_10
-3,NASS USDA,Bibb,,22,11,11,-1,,,,,,,,,,,,,,1564.89125,,,843.6805,2286.102,1224.6975,,,,,,,,,,,,,,453.24832,,,364.2174,607.029,404.686,,,,,,,,,,,,,,34.4998143,,,23.2016295,37.660616,30.262995,11_11
-3,NASS USDA,Bleckley,,22,11,12,-1,,,,,,,,,,2748.7655,,6558.9355,,6504.5045,3728.5235,1782.61525,4408.911,9715.9335,4082.325,,,,,,,,,,768.9034,,1861.5556,,1861.5556,1404.26042,647.4976,1456.8696,2549.5218,1214.058,,,,,,,,,,35.7775852,,35.2395764,,34.970572,26.5641845,27.5056998999999,30.262995,37.9968715,33.62555,11_12
-3,NASS USDA,Brantley,,22,11,13,-1,,,,,,,,,,,,,,,,,,,,,,,,,,,,,,,,,,,,,,,,,,,,,,,,,,,,,,,,,,11_13
-3,NASS USDA,Brooks,,22,11,14,-1,,,,,,,,,,,,4163.9715,12519.13,1864.26175,6014.6255,,1224.6975,10940.631,2095.5935,,,,,,,,,,,,1335.4638,2954.2078,542.27924,1181.68312,,526.0918,2266.2416,566.5604,,,,,,,,,,,,31.2045103999999,42.368193,34.3653121,50.9090827,,23.2016295,48.420792,36.988105,11_14
-3,NASS USDA,Bryan,,22,11,15,-1,,,,,,,,,,,,,,,,,,,,,,,,,,,,,,,,,,,,,,,,,,,,,,,,,,,,,,,,,,11_15
-3,NASS USDA,Bulloch,,22,11,16,-1,,,,,,,,,,,1785.3368,4436.1265,8790.6065,3048.136,2585.4725,,3483.584,8763.391,4898.79,,,,,,,,,,,728.4348,1335.4638,2229.81986,1129.07394,886.26234,,1416.401,2913.7392,2832.802,,,,,,,,,,,24.4794004,33.2220434,39.4091446,26.9676911,29.1869773999999,,24.5466515,29.9267395,17.485286,11_16
-3,NASS USDA,Burke,,22,11,17,-1,,,,,,,,,,1883.3126,,9688.718,13634.9655,11022.2775,9743.149,2174.51845,10614.045,16846.3945,6531.72,,,,,,,,,,586.7947,,2549.5218,3237.488,2857.08316,2318.85077999999,983.38698,2832.802,3925.4542,2428.116,,,,,,,,,,32.0787747,,37.9968715,42.0991886,38.6021314,42.0319375,22.1256119,37.3243605,43.040704,26.90044,11_17
-3,NASS USDA,Butts,,22,11,18,-1,,,,,,,,,,,,,,,,,,,,,,,,,,,,,,,,,,,,,,,,,,,,,,,,,,,,,,,,,,11_18
-3,NASS USDA,Calhoun,,22,11,19,-1,,,,,,,,,,,,9797.58,11893.1735,,5769.686,2427.6226,7021.599,15893.852,6313.996,,,,,,,,,,,,2428.116,2812.5677,,1375.9324,566.5604,1942.4928,3884.9856,1618.744,,,,,,,,,,,,40.35066,42.3009419,,41.9646864,42.8389507,36.315594,41.023171,39.005638,11_19
-3,NASS USDA,Camden,,22,11,20,-1,,,,,,,,,,,,,,,,,,,,,,,,,,,,,,,,,,,,,,,,,,,,,,,,,,,,,,,,,,11_20
-3,NASS USDA,Candler,,22,11,21,-1,,,,,,,,,,,,,2912.0585,,,,1524.068,2204.4555,1850.654,,,,,,,,,,,,,849.8406,,,,566.5604,728.4348,971.2464,,,,,,,,,,,,,34.298061,,,,26.90044,30.262995,18.830308,11_21
-3,NASS USDA,Carroll,,22,11,22,-1,,,,,,,,,,,,,,,,,,,,,,,,,,,,,,,,,,,,,,,,,,,,,,,,,,,,,,,,,,11_22
-3,NASS USDA,Catoosa,,22,11,23,-1,,,,,,,,,,,,,,,,,,,,,,,,,,,,,,,,,,,,,,,,,,,,,,,,,,,,,,,,,,11_23
-3,NASS USDA,Charlton,,22,11,24,-1,,,,,,,,,,,,,,,,,,,,,,,,,,,,,,,,,,,,,,,,,,,,,,,,,,,,,,,,,,11_24
-3,NASS USDA,Chatham,,22,11,25,-1,,,,,,,,,,,,,,,,,,,,,,,,,,,,,,,,,,,,,,,,,,,,,,,,,,,,,,,,,,11_25
-3,NASS USDA,Chattahoochee,,22,11,26,-1,,,,,,,,,,,,,,,,,,,,,,,,,,,,,,,,,,,,,,,,,,,,,,,,,,,,,,,,,,11_26
-3,NASS USDA,Chattooga,,22,11,27,-1,,,,,,,,,,,,,,,,,,,,,,,,,,,,,,,,,,,,,,,,,,,,,,,,,,,,,,,,,,11_27
-3,NASS USDA,Cherokee,,22,11,28,-1,,,,,,,,,,,,,,,,,,,,,,,,,,,,,,,,,,,,,,,,,,,,,,,,,,,,,,,,,,11_28
-3,NASS USDA,Clarke,,22,11,29,-1,,,,,,,,,,,,,,,,,,,,,,,,,,,,,,,,,,,,,,,,,,,,,,,,,,,,,,,,,,11_29
-3,NASS USDA,Clay,,22,11,30,-1,,,,,,,,,,,,3265.86,9988.0885,,2400.4071,,,8219.081,1605.7145,,,,,,,,,,,,849.8406,2047.71116,,740.57538,,,1982.9614,364.2174,,,,,,,,,,,,38.4003781,48.7570475,,32.4150302,,,41.3594265,44.385726,11_30
-3,NASS USDA,Clayton,,22,11,31,-1,,,,,,,,,,,,,,,,,,,,,,,,,,,,,,,,,,,,,,,,,,,,,,,,,,,,,,,,,,11_31
-3,NASS USDA,Clinch,,22,11,32,-1,,,,,,,,,,,,,,,,,,,,,,,,,,,,,,,,,,,,,,,,,,,,,,,,,,,,,,,,,,11_32
-3,NASS USDA,Cobb,,22,11,33,-1,,,,,,,,,,,,,,,,,,,,,,,,,,,,,,,,,,,,,,,,,,,,,,,,,,,,,,,,,,11_33
-3,NASS USDA,Coffee,,22,11,34,-1,,,,,,,,,,,,,2775.981,,1151.21565,,,4000.6785,1905.085,,,,,,,,,,,,,752.71596,,352.07682,,,1052.1836,809.372,,,,,,,,,,,,,36.8536028,,32.6840346,,,37.9968715,23.537885,11_34
-3,NASS USDA,Colquitt,,22,11,35,-1,,,,,,,,,,,,2041.1625,14778.0165,3810.17,6831.0905,2041.1625,5905.7635,10396.321,2585.4725,,,,,,,,,,,,728.4348,2832.802,1165.49568,1667.30632,1011.715,1982.9614,2468.5846,849.8406,,,,,,,,,,,,28.0437087,52.1868535999999,32.6840346,40.9559199,20.17533,29.9267395,42.0319375,30.262995,11_35
-3,NASS USDA,Columbia,,22,11,36,-1,,,,,,,,,,,,,,,,,,,,,,,,,,,,,,,,,,,,,,,,,,,,,,,,,,,,,,,,,,11_36
-3,NASS USDA,Cook,,22,11,37,-1,,,,,,,,,,,,,,,,,,3020.9205,544.31,,,,,,,,,,,,,,,,,,849.8406,202.343,,,,,,,,,,,,,,,,,,35.643083,26.90044,11_37
-3,NASS USDA,Coweta,,22,11,38,-1,,,,,,,,,,1102.22775,,1094.0631,1401.59825,1279.1285,,650.45045,517.0945,1224.6975,163.293,,,,,,,,,,323.7488,,303.5145,348.02996,364.2174,,295.42078,323.7488,445.1546,80.9372,,,,,,,,,,34.0290566,,36.0465896,40.2834089,35.1050742,,21.9911097,16.140264,27.572951,20.17533,11_38
-3,NASS USDA,Crawford,,22,11,39,-1,,,,,,,,,,,,,,,,,,,,,,,,,,,,,,,,,,,,,,,,,,,,,,,,,,,,,,,,,,11_39
-3,NASS USDA,Crisp,,22,11,40,-1,,,,,,,,,,,,,,3320.291,,,2449.395,4381.6955,2041.1625,,,,,,,,,,,,,,1040.04302,,,1052.1836,1254.5266,1011.715,,,,,,,,,,,,,,31.9442725,,,23.2016295,34.970572,20.17533,11_40
-3,NASS USDA,Dade,,22,11,41,-1,,,,,,,,,,,,,,,,,,,,,,,,,,,,,,,,,,,,,,,,,,,,,,,,,,,,,,,,,,11_41
-3,NASS USDA,Dawson,,22,11,42,-1,,,,,,,,,,,,,,,,,,,,,,,,,,,,,,,,,,,,,,,,,,,,,,,,,,,,,,,,,,11_42
-3,NASS USDA,Decatur,,22,11,43,-1,,,,,,,,,,,,4218.4025,8191.8655,,1779.8937,,1251.913,4926.0055,5307.0225,,,,,,,,,,,,890.3092,2189.35126,,570.60726,,485.6232,1456.8696,2023.43,,,,,,,,,,,,47.4120255,37.3916116,,31.2045103999999,,25.8916735,33.9618055,26.227929,11_43
-3,NASS USDA,DeKalb,,22,11,44,-1,,,,,,,,,,,,,,,,,,,,,,,,,,,,,,,,,,,,,,,,,,,,,,,,,,,,,,,,,,11_44
-3,NASS USDA,Dodge,,22,11,45,-1,,,,,,,,,,,,,,2721.55,,,,10777.338,6803.875,,,,,,,,,,,,,,1129.07394,,,,3318.4252,2630.459,,,,,,,,,,,,,,24.0758937999999,,,,32.6167835,25.555418,11_45
-3,NASS USDA,Dooly,,22,11,46,-1,,,,,,,,,,,4953.221,14478.646,27950.3185,14778.0165,13362.8105,6885.5215,17826.1525,29556.033,5007.652,,,,,,,,,,,1659.2126,4006.3914,6596.3818,4937.1692,3662.4083,2043.6643,5665.604,8296.063,1618.744,,,,,,,,,,,29.8594883999999,36.1138407,42.368193,29.9267395,36.5173473,33.6928011,31.608017,35.643083,30.935506,11_46
-3,NASS USDA,Dougherty,,22,11,47,-1,,,,,,,,,,,,,,,,,,4653.8505,2721.55,,,,,,,,,,,,,,,,,,1052.1836,647.4976,,,,,,,,,,,,,,,,,,44.385726,42.368193,11_47
-3,NASS USDA,Douglas,,22,11,48,-1,,,,,,,,,,,,,,,,,,,,,,,,,,,,,,,,,,,,,,,,,,,,,,,,,,,,,,,,,,11_48
-3,NASS USDA,Early,,22,11,49,-1,,,,,,,,,,3565.2305,4735.497,8899.4685,,11675.4495,,2721.55,,22480.003,8300.7275,,,,,,,,,,1214.058,1902.0242,2913.7392,,3116.0822,,809.372,,5463.26099999999,2225.773,,,,,,,,,,29.3887307,24.882907,30.5319993999999,,37.4588627,,33.62555,,41.023171,36.988105,11_49
-3,NASS USDA,Echols,,22,11,50,-1,,,,,,,,,,,,,,,,,,,,,,,,,,,,,,,,,,,,,,,,,,,,,,,,,,,,,,,,,,11_50
-3,NASS USDA,Effingham,,22,11,51,-1,,,,,,,,,,,,,1456.02925,,,,,,,,,,,,,,,,,,,550.37296,,,,,,,,,,,,,,,,,,,26.4296822999999,,,,,,,11_51
-3,NASS USDA,Elbert,,22,11,52,-1,,,,,,,,,,1415.206,,,,,1205.64665,,,1415.206,,,,,,,,,,,404.686,,,,,303.5145,,,404.686,,,,,,,,,,,34.970572,,,,,39.7454001,,,34.970572,,11_52
-3,NASS USDA,Emanuel,,22,11,53,-1,,,,,,,,,,876.3391,1605.7145,,8981.115,,3238.6445,,1333.5595,11240.0015,4082.325,,,,,,,,,,364.2174,485.6232,,2088.17976,,1040.04302,,445.1546,2832.802,1618.744,,,,,,,,,,24.0758937999999,33.0875412,,43.040704,,31.1372592999999,,29.9267395,39.678149,25.555418,11_53
-3,NASS USDA,Evans,,22,11,54,-1,,,,,,,,,,,,,,,,,,,816.465,,,,,,,,,,,,,,,,,,,404.686,,,,,,,,,,,,,,,,,,,20.17533,11_54
-3,NASS USDA,Fannin,,22,11,55,-1,,,,,,,,,,,,,,,,,,,,,,,,,,,,,,,,,,,,,,,,,,,,,,,,,,,,,,,,,,11_55
-3,NASS USDA,Fayette,,22,11,56,-1,,,,,,,,,,,,,,,,,,,,,,,,,,,,,,,,,,,,,,,,,,,,,,,,,,,,,,,,,,11_56
-3,NASS USDA,Floyd,,22,11,57,-1,,,,,,,,,,,,,,,,,,,,,,,,,,,,,,,,,,,,,,,,,,,,,,,,,,,,,,,,,,11_57
-3,NASS USDA,Forsyth,,22,11,58,-1,,,,,,,,,,,,,,,,,,,,,,,,,,,,,,,,,,,,,,,,,,,,,,,,,,,,,,,,,,11_58
-3,NASS USDA,Franklin,,22,11,59,-1,,,,,,,,,,,,898.1115,734.8185,489.879,,,544.31,1034.189,122.46975,,,,,,,,,,,,283.2802,186.15556,161.8744,,,202.343,242.8116,121.4058,,,,,,,,,,,,31.6752681,39.4763957,30.262995,,,26.90044,42.7044485,10.087665,11_59
-3,NASS USDA,Fulton,,22,11,60,-1,,,,,,,,,,,,,,,,,,,,,,,,,,,,,,,,,,,,,,,,,,,,,,,,,,,,,,,,,,11_60
-3,NASS USDA,Gilmer,,22,11,61,-1,,,,,,,,,,,,,,,,,,,,,,,,,,,,,,,,,,,,,,,,,,,,,,,,,,,,,,,,,,11_61
-3,NASS USDA,Glascock,,22,11,62,-1,,,,,,,,,,,,,,,,,,,,,,,,,,,,,,,,,,,,,,,,,,,,,,,,,,,,,,,,,,11_62
-3,NASS USDA,Glynn,,22,11,63,-1,,,,,,,,,,,,,,,,,,,,,,,,,,,,,,,,,,,,,,,,,,,,,,,,,,,,,,,,,,11_63
-3,NASS USDA,Gordon,,22,11,64,-1,,,,,,,,,,,,,,571.5255,,,,,1360.775,,,,,,,,,,,,,,267.09276,,,,,485.6232,,,,,,,,,,,,,,21.3858498,,,,,28.245462,11_64
-3,NASS USDA,Grady,,22,11,65,-1,,,,,,,,,,,,,,,,,1197.482,6586.151,898.1115,,,,,,,,,,,,,,,,,283.2802,1456.8696,283.2802,,,,,,,,,,,,,,,,,42.368193,45.058237,31.608017,11_65
-3,NASS USDA,Greene,,22,11,66,-1,,,,,,,,,,,,,,,,,,,,,,,,,,,,,,,,,,,,,,,,,,,,,,,,,,,,,,,,,,11_66
-3,NASS USDA,Gwinnett,,22,11,67,-1,,,,,,,,,,,,,,,,,,,,,,,,,,,,,,,,,,,,,,,,,,,,,,,,,,,,,,,,,,11_67
-3,NASS USDA,Habersham,,22,11,68,-1,,,,,,,,,,,,,,,,,,,,,,,,,,,,,,,,,,,,,,,,,,,,,,,,,,,,,,,,,,11_68
-3,NASS USDA,Hall,,22,11,69,-1,,,,,,,,,,,,,,,,,,326.586,,,,,,,,,,,,,,,,,,,121.4058,,,,,,,,,,,,,,,,,,,26.90044,,11_69
-3,NASS USDA,Hancock,,22,11,70,-1,,,,,,,,,,,,,,,,,,,,,,,,,,,,,,,,,,,,,,,,,,,,,,,,,,,,,,,,,,11_70
-3,NASS USDA,Haralson,,22,11,71,-1,,,,,,,,,,,,,,,,,,,,,,,,,,,,,,,,,,,,,,,,,,,,,,,,,,,,,,,,,,11_71
-3,NASS USDA,Harris,,22,11,72,-1,,,,,,,,,,,,,,,,,,108.862,,,,,,,,,,,,,,,,,,,40.4686,,,,,,,,,,,,,,,,,,,26.90044,,11_72
-3,NASS USDA,Hart,,22,11,73,-1,,,,,,,,,,2993.705,2775.981,1442.4215,2335.0899,1918.69275,2416.7364,881.7822,1660.1455,3538.015,898.1115,,,,,,,,,,890.3092,708.2005,364.2174,590.84156,712.24736,441.10774,319.70194,485.6232,1052.1836,607.029,,,,,,,,,,33.62555,39.2073913,39.6108979,39.5436468,26.9676911,54.8096465,27.572951,34.298061,33.62555,14.795242,11_73
-3,NASS USDA,Heard,,22,11,74,-1,,,,,,,,,,,,,,,,,,,,,,,,,,,,,,,,,,,,,,,,,,,,,,,,,,,,,,,,,,11_74
-3,NASS USDA,Henry,,22,11,75,-1,,,,,,,,,,,,,,,,,381.017,,,,,,,,,,,,,,,,,,,161.8744,,,,,,,,,,,,,,,,,,,23.537885,,,11_75
-3,NASS USDA,Houston,,22,11,76,-1,,,,,,,,,,,,,,7348.185,,,6232.3495,10423.5365,4082.325,,,,,,,,,,,,,,1740.1498,,,2063.8986,2711.3962,1416.401,,,,,,,,,,,,,,42.2336908,,,30.262995,38.333127,28.917973,11_76
-3,NASS USDA,Irwin,,22,11,77,-1,,,,,,,,,,,,,,2939.274,,963.4287,1687.361,9198.839,4762.7125,,,,,,,,,,,,,764.85654,764.85654,,323.7488,526.0918,2913.7392,2023.43,,,,,,,,,,,,,,38.4003781,,29.7922372999999,31.9442725,31.608017,23.537885,11_77
-3,NASS USDA,Jackson,,22,11,78,-1,,,,,,,,,,,,,,,,,,299.3705,272.155,,,,,,,,,,,,,,,,,,121.4058,161.8744,,,,,,,,,,,,,,,,,,24.5466515,16.812775,11_78
-3,NASS USDA,Jasper,,22,11,79,-1,,,,,,,,,,,,,,,,,217.724,489.879,408.2325,,,,,,,,,,,,,,,,,121.4058,202.343,202.343,,,,,,,,,,,,,,,,,17.8215415,24.210396,20.17533,11_79
-3,NASS USDA,Jeff Davis,,22,11,80,-1,,,,,,,,,,,,,4490.5575,,,,898.1115,4109.5405,381.017,,,,,,,,,,,,,1659.2126,,,,323.7488,1456.8696,283.2802,,,,,,,,,,,,,27.0349422,,,,27.9092065,28.245462,13.45022,11_80
-3,NASS USDA,Jefferson,,22,11,81,-1,,,,,,,,,,4272.8335,9715.9335,17145.765,21908.4775,14723.5855,16928.041,6422.858,13662.181,26290.173,12138.113,,,,,,,,,,1740.1498,3561.2368,4896.7006,5018.1064,4653.889,3824.28269999999,2509.0532,3965.9228,6394.0388,4856.232,,,,,,,,,,24.5466515,27.3039466,35.0378231,43.6459639,31.608017,44.2512238,25.6226691,34.298061,41.023171,24.882907,11_81
-3,NASS USDA,Jenkins,,22,11,82,-1,,,,,,,,,,,2517.43375,2699.7776,6259.565,,1583.9421,,898.1115,8572.8825,2721.55,,,,,,,,,,,768.9034,627.2633,1456.8696,,473.48262,,323.7488,2670.9276,1618.744,,,,,,,,,,,32.7512857,43.040704,42.9734529,,33.4237967,,27.9092065,31.9442725,16.812775,11_82
-3,NASS USDA,Johnson,,22,11,83,-1,,,,,,,,,,,,3973.463,5932.979,,,1143.051,1905.085,4381.6955,3401.9375,,,,,,,,,,,,1375.9324,1752.29038,,,485.6232,849.8406,1699.6812,1618.744,,,,,,,,,,,,28.8507218999999,33.8273033,,,23.537885,22.5291185,25.8916735,20.847841,11_83
-3,NASS USDA,Jones,,22,11,84,-1,,,,,,,,,,,,,,,,,,,,,,,,,,,,,,,,,,,485.6232,849.8406,1699.6812,,,,,,,,,,,,,,,,,,,,,11_84
-3,NASS USDA,Lamar,,22,11,85,-1,,,,,,,,,,,,3401.9375,6096.272,,,1815.27385,2449.395,5361.4535,1224.6975,,,,,,,,,,,,756.76282,1327.37008,,,607.029,728.4348,1375.9324,607.029,,,,,,,,,,,,44.9237348,45.9325013,,,29.9267395,33.62555,39.005638,20.17533,11_85
-3,NASS USDA,Lanier,,22,11,86,-1,,,,,,,,,,,,,,,,,,190.5085,,,,,,,,,,,,,,,,,,,80.9372,,,,,,,,,,,,,,,,,,,23.537885,,11_86
-3,NASS USDA,Laurens,,22,11,87,-1,,,,,,,,,,4218.4025,8981.115,6450.0735,16057.145,,,2362.3054,7892.495,20057.8235,11702.665,,,,,,,,,,1699.6812,2104.3672,2873.2706,3791.90782,,,1133.1208,3804.0484,6677.31899999999,4653.889,,,,,,,,,,24.8156559,42.7044485,22.4618674,42.368193,,,20.847841,20.847841,29.9267395,24.882907,11_87
-3,NASS USDA,Lee,,22,11,88,-1,,,,,,,,,,,2857.6275,7076.03,,12138.113,,,8436.805,23840.778,9988.0885,,,,,,,,,,,1254.5266,2711.3962,,3132.26964,,,4937.1692,6232.1644,3439.831,,,,,,,,,,,22.7981229,26.0934267999999,,38.7366336,,,17.1490305,38.333127,28.917973,11_88
-3,NASS USDA,Liberty,,22,11,89,-1,,,,,,,,,,,,,,,,,,,,,,,,,,,,,,,,,,,,,,,,,,,,,,,,,,,,,,,,,,11_89
-3,NASS USDA,Lincoln,,22,11,90,-1,,,,,,,,,,,,,,,,,,,,,,,,,,,,,,,,,,,,,,,,,,,,,,,,,,,,,,,,,,11_90
-3,NASS USDA,Long,,22,11,91,-1,,,,,,,,,,,,,,,,,,,,,,,,,,,,,,,,,,,,,,,,,,,,,,,,,,,,,,,,,,11_91
-3,NASS USDA,Lowndes,,22,11,92,-1,,,,,,,,,,,,,,,,,,,,,,,,,,,,,,,,,,,,,,,,,,,,,,,,,,,,,,,,,,11_92
-3,NASS USDA,Lumpkin,,22,11,93,-1,,,,,,,,,,,,,,,,,,,,,,,,,,,,,,,,,,,,,,,,,,,,,,,,,,,,,,,,,,11_93
-3,NASS USDA,Macon,,22,11,94,-1,,,,,,,,,,,1959.516,7076.03,17200.196,11621.0185,9634.287,2884.843,7348.185,14832.4475,7974.1415,,,,,,,,,,,708.2005,2468.5846,4572.9518,3306.28462,2549.5218,1003.62128,2751.8648,4249.20299999999,2630.459,,,,,,,,,,,27.6402021,28.6489686,37.5933649,35.1723253,37.7951182,28.7162197,26.5641845,34.970572,30.262995,11_94
-3,NASS USDA,Madison,,22,11,95,-1,,,,,,,,,,1687.361,443.61265,1306.344,1224.6975,,1303.62245,,1415.206,1769.0075,421.84025,,,,,,,,,,465.3889,149.73382,404.686,352.07682,,388.49856,,607.029,566.5604,202.343,,,,,,,,,,36.2483429,29.6577351,32.280528,34.7688187,,33.5582989,,23.2016295,31.2717615,20.847841,11_95
-3,NASS USDA,Marion,,22,11,96,-1,,,,,,,,,,,,,,517.0945,,,680.3875,2612.688,1224.6975,,,,,,,,,,,,,,271.13962,,,364.2174,971.2464,607.029,,,,,,,,,,,,,,19.0993124,,,18.830308,26.90044,20.17533,11_96
-3,NASS USDA,McDuffie,,22,11,97,-1,,,,,,,,,,,,,,,,,,,,,,,,,,,,,,,,,,,,,,,,,,,,,,,,,,,,,,,,,,11_97
-3,NASS USDA,McIntosh,,22,11,98,-1,,,,,,,,,,,,,,,,,,,,,,,,,,,,,,,,,,,,,,,,,,,,,,,,,,,,,,,,,,11_98
-3,NASS USDA,Meriwether,,22,11,99,-1,,,,,,,,,,,,,,,2884.843,,,789.2495,489.879,,,,,,,,,,,,,,,809.372,,,202.343,242.8116,,,,,,,,,,,,,,,35.643083,,,39.005638,20.17533,11_99
-3,NASS USDA,Miller,,22,11,100,-1,,,,,,,,,,,4109.5405,9280.4855,,9362.132,,2185.40465,5143.7295,9852.011,3129.7825,,,,,,,,,,,2023.43,2792.3334,,2266.2416,,647.4976,1456.8696,2306.7102,809.372,,,,,,,,,,,20.3098322,33.2220434,,41.2921754,,33.7600522,35.3068275,42.7044485,39.005638,11_100
-3,NASS USDA,Mitchell,,22,11,101,-1,,,,,,,,,,,,4735.497,,5742.4705,,2993.705,7484.2625,14805.232,3129.7825,,,,,,,,,,,,1699.6812,,1723.96236,,890.3092,2751.8648,3682.6426,1011.715,,,,,,,,,,,,27.8419553999999,,33.2892945,,33.62555,27.2366955,40.35066,30.935506,11_101
-3,NASS USDA,Monroe,,22,11,102,-1,,,,,,,,,,1687.361,,,,,,,,,870.896,,,,,,,,,,445.1546,,,,,,,,,323.7488,,,,,,,,,,37.9296204,,,,,,,,,26.90044,11_102
-3,NASS USDA,Montgomery,,22,11,103,-1,,,,,,,,,,,,,,2310.59595,,,,4109.5405,1061.4045,,,,,,,,,,,,,,667.7319,,,,1254.5266,607.029,,,,,,,,,,,,,,34.6343165,,,,32.6167835,17.485286,11_103
-3,NASS USDA,Morgan,,22,11,104,-1,,,,,,,,,,2830.412,2775.981,4000.6785,3946.2475,2748.7655,2912.0585,1192.0389,1279.1285,2258.8865,1115.8355,,,,,,,,,,890.3092,809.372,930.7778,1092.6522,870.0749,679.87248,404.686,607.029,566.5604,607.029,,,,,,,,,,31.8097702999999,34.298061,42.9734529,36.1138407,31.608017,42.8389507,29.4559817999999,21.1840965,40.0144045,18.157797,11_104
-3,NASS USDA,Murray,,22,11,105,-1,,,,,,,,,,,,,,,,,,,,,,,,,,,,,,,,,,,,,,,,,,,,,,,,,,,,,,,,,,11_105
-3,NASS USDA,Muscogee,,22,11,106,-1,,,,,,,,,,,,,,,,,,,,,,,,,,,,,,,,,,,,,,,,,,,,,,,,,,,,,,,,,,11_106
-3,NASS USDA,Newton,,22,11,107,-1,,,,,,,,,,,,1208.3682,,,,,,,,,,,,,,,,,,,404.686,,,,,,,,,,,,,,,,,,,29.8594883999999,,,,,,,,11_107
-3,NASS USDA,Oconee,,22,11,108,-1,,,,,,,,,,,,,,,,315.6998,,489.879,163.293,,,,,,,,,,,,,,,,101.1715,,161.8744,80.9372,,,,,,,,,,,,,,,,31.2045103999999,,30.262995,20.17533,11_108
-3,NASS USDA,Oglethorpe,,22,11,109,-1,,,,,,,,,,,2003.0608,,2560.97855,3456.3685,2038.44095,,1333.5595,1632.93,449.05575,,,,,,,,,,,789.1377,,914.59036,849.8406,720.34108,,445.1546,404.686,202.343,,,,,,,,,,,25.3536647,,27.9764576,40.6869155,28.3127131,,29.9267395,40.35066,22.192863,11_109
-3,NASS USDA,Paulding,,22,11,110,-1,,,,,,,,,,,,,,,,,,,,,,,,,,,,,,,,,,,,,,,,,,,,,,,,,,,,,,,,,,11_110
-3,NASS USDA,Peach,,22,11,111,-1,,,,,,,,,,4300.049,4408.911,,8355.1585,5034.8675,6504.5045,,4544.9885,7810.8485,3265.86,,,,,,,,,,1254.5266,1254.5266,,2015.33628,1481.15076,1375.9324,,1537.8068,1861.5556,1214.058,,,,,,,,,,34.298061,35.1723253,,41.4266776,33.9618055,47.2775233,,29.590484,42.0319375,26.90044,11_111
-3,NASS USDA,Pickens,,22,11,112,-1,,,,,,,,,,,,,,,,,,,,,,,,,,,,,,,,,,,,,,,,,,,,,,,,,,,,,,,,,,11_112
-3,NASS USDA,Pierce,,22,11,113,-1,,,,,,,,,,,,2403.12865,2775.981,2721.55,,1270.96385,1469.637,3946.2475,1632.93,,,,,,,,,,,,748.6691,809.372,611.07586,,424.9203,485.6232,1011.715,607.029,,,,,,,,,,,,32.0787747,34.298061,44.5202282,,29.9267395,30.262995,39.005638,26.90044,11_113
-3,NASS USDA,Pike,,22,11,114,-1,,,,,,,,,,,,1143.051,,,,,,489.879,122.46975,,,,,,,,,,,,364.2174,,,,,,202.343,40.4686,,,,,,,,,,,,31.4062637,,,,,,24.210396,30.262995,11_114
-3,NASS USDA,Polk,,22,11,115,-1,,,,,,,,,,,,,,,,,,,,,,,,,,,,,,,,,,,,,,,,,,,,,,,,,,,,,,,,,,11_115
-3,NASS USDA,Pulaski,,22,11,116,-1,,,,,,,,,,,,8436.805,,8436.805,,,5606.393,6858.306,6123.4875,,,,,,,,,,,,2589.9904,,1817.04014,,,1780.6184,1618.744,2428.116,,,,,,,,,,,,32.5495324,,46.403259,,,31.608017,42.368193,25.555418,11_116
-3,NASS USDA,Putnam,,22,11,117,-1,,,,,,,,,,,,2041.1625,,,,,,,,,,,,,,,,,,,627.2633,,,,,,,,,,,,,,,,,,,32.5495324,,,,,,,,11_117
-3,NASS USDA,Quitman,,22,11,118,-1,,,,,,,,,,,,,,,,,,,,,,,,,,,,,,,,,,,,,,,,,,,,,,,,,,,,,,,,,,11_118
-3,NASS USDA,Rabun,,22,11,119,-1,,,,,,,,,,,,,,,,,,,,,,,,,,,,,,,,,,,,,,,,,,,,,,,,,,,,,,,,,,11_119
-3,NASS USDA,Randolph,,22,11,120,-1,,,,,,,,,,8790.6065,8817.822,12301.406,21826.831,9253.27,10886.2,3184.2135,11784.3115,22044.555,12791.285,,,,,,,,,,2225.773,2509.0532,2832.802,4411.0774,2557.61552,2933.9735,1052.1836,3520.7682,5989.3528,3804.0484,,,,,,,,,,39.4763957,35.1723253,43.4442105999999,49.4968095999999,36.1810918,37.1226072,30.262995,33.62555,36.6518495,33.62555,11_120
-3,NASS USDA,Richmond,,22,11,121,-1,,,,,,,,,,,,,,636.8427,,,,,,,,,,,,,,,,,,,202.343,,,,,,,,,,,,,,,,,,,31.4735147999999,,,,,,11_121
-3,NASS USDA,Rockdale,,22,11,122,-1,,,,,,,,,,,,,,,,,,,,,,,,,,,,,,,,,,,,,,,,,,,,,,,,,,,,,,,,,,11_122
-3,NASS USDA,Schley,,22,11,123,-1,,,,,,,,,,,,,,,,,,,598.741,,,,,,,,,,,,,,,,,,,323.7488,,,,,,,,,,,,,,,,,,,18.830308,11_123
-3,NASS USDA,Screven,,22,11,124,-1,,,,,,,,,,1230.1406,2593.63715,4653.8505,10369.1055,4626.635,5606.393,1420.6491,1986.7315,9035.546,2585.4725,,,,,,,,,,445.1546,849.8406,1416.401,2505.00634,1048.13674,1384.02612,607.029,728.4348,2468.5846,1214.058,,,,,,,,,,27.6402021,30.5319993999999,32.8857879,41.4266776,44.1167215999999,40.4851622,23.4033827999999,27.2366955,36.6518495,21.520352,11_124
-3,NASS USDA,Seminole,,22,11,125,-1,,,,,,,,,,,2109.20125,4953.221,9416.563,9988.0885,5851.3325,4163.9715,3429.153,13417.2415,5034.8675,,,,,,,,,,,728.4348,1699.6812,2104.3672,2464.53773999999,1347.60438,971.2464,1011.715,2873.2706,1214.058,,,,,,,,,,,28.9852241,29.1197262999999,44.7219815,40.5524133,43.4442105999999,42.9062018,33.9618055,46.7395145,41.695682,11_125
-3,NASS USDA,Spalding,,22,11,126,-1,,,,,,,,,,,,,,,,,,,,,,,,,,,,,,,,,,,,,,,,,,,,,,,,,,,,,,,,,,11_126
-3,NASS USDA,Stephens,,22,11,127,-1,,,,,,,,,,,,,,,,,,,,,,,,,,,,,,,,,,,,,,,,,,,,,,,,,,,,,,,,,,11_127
-3,NASS USDA,Stewart,,22,11,128,-1,,,,,,,,,,,,,,,,,,1632.93,680.3875,,,,,,,,,,,,,,,,,,485.6232,283.2802,,,,,,,,,,,,,,,,,,33.62555,24.210396,11_128
-3,NASS USDA,Sumter,,22,11,129,-1,,,,,,,,,,,7810.8485,,,,11539.372,,16492.593,28494.6285,13607.75,,,,,,,,,,,2589.9904,,,,2853.03629999999,,5908.4156,8093.72,4046.86,,,,,,,,,,,30.1284927999999,,,,40.4179111,,27.9092065,35.3068275,33.62555,11_129
-3,NASS USDA,Talbot,,22,11,130,-1,,,,,,,,,,,,,,,,,,,,,,,,,,,,,,,,,,,,,,,,,,,,,,,,,,,,,,,,,,11_130
-3,NASS USDA,Taliaferro,,22,11,131,-1,,,,,,,,,,,,,,,,,,,,,,,,,,,,,,,,,,,,,,,,,,,,,,,,,,,,,,,,,,11_131
-3,NASS USDA,Tattnall,,22,11,132,-1,,,,,,,,,,,1034.189,1129.44325,,,1619.32225,,1197.482,5742.4705,2585.4725,,,,,,,,,,,323.7488,323.7488,,,424.9203,,404.686,1659.2126,1699.6812,,,,,,,,,,,31.9442725,34.9033209,,,38.1313737,,29.590484,34.6343165,15.467753,11_132
-3,NASS USDA,Taylor,,22,11,133,-1,,,,,,,,,,,,1668.31015,2305.15285,3347.5065,2340.533,612.34875,1197.482,3020.9205,1251.913,,,,,,,,,,,,1214.058,971.2464,1141.21452,805.32514,283.2802,526.0918,1052.1836,526.0918,,,,,,,,,,,,13.7192243999999,23.7396382999999,29.3214796,29.0524752,21.5876031,22.865374,28.5817175,23.537885,11_133
-3,NASS USDA,Telfair,,22,11,134,-1,,,,,,,,,,,,,,664.0582,,,2286.102,2204.4555,898.1115,,,,,,,,,,,,,,206.38986,,,1011.715,849.8406,445.1546,,,,,,,,,,,,,,32.1460258,,,22.5291185,25.8916735,20.17533,11_134
-3,NASS USDA,Terrell,,22,11,135,-1,,,,,,,,,,,5062.083,9389.3475,22071.7705,10750.1225,10015.304,1763.5644,13172.302,29365.5245,11838.7425,,,,,,,,,,,1578.2754,2387.6474,5422.7924,3294.14404,2780.19281999999,809.372,5260.918,7365.2852,3439.831,,,,,,,,,,,32.0787747,39.3418935,40.6869155,32.6167835,36.0465896,21.7893564,24.882907,40.0144045,34.298061,11_135
-3,NASS USDA,Thomas,,22,11,136,-1,,,,,,,,,,,,,6150.703,4544.9885,3755.739,699.43835,1551.2835,7674.771,925.327,,,,,,,,,,,,,1456.8696,1388.07298,971.2464,234.71788,364.2174,2144.8358,404.686,,,,,,,,,,,,,42.2336908,32.7512857,38.6693825,29.7922372999999,42.7044485,35.643083,22.865374,11_136
-3,NASS USDA,Tift,,22,11,137,-1,,,,,,,,,,688.55215,359.2446,,1826.16005,,1039.6321,296.64895,1170.2665,7130.461,435.448,,,,,,,,,,161.8744,202.343,,550.37296,,242.8116,129.49952,647.4976,1659.2126,161.8744,,,,,,,,,,42.5699463,17.7542904,,33.1547923,,42.8389507,22.9326251,18.157797,43.040704,26.90044,11_137
-3,NASS USDA,Toombs,,22,11,138,-1,,,,,,,,,,,,3184.2135,,2966.4895,1102.22775,,,4000.6785,843.6805,,,,,,,,,,,,870.0749,,817.46572,263.0459,,,1052.1836,283.2802,,,,,,,,,,,,36.5845984,,36.315594,41.8974353,,,37.9968715,29.590484,11_138
-3,NASS USDA,Towns,,22,11,139,-1,,,,,,,,,,,,,,,,,,,,,,,,,,,,,,,,,,,,,,,,,,,,,,,,,,,,,,,,,,11_139
-3,NASS USDA,Treutlen,,22,11,140,-1,,,,,,,,,,,,,,,,,,,,,,,,,,,,,,,,,,,,,,,,,,,,,,,,,,,,,,,,,,11_140
-3,NASS USDA,Troup,,22,11,141,-1,,,,,,,,,,,,,,,,,,,,,,,,,,,,,,,,,,,,,,,,,,,,,,,,,,,,,,,,,,11_141
-3,NASS USDA,Turner,,22,11,142,-1,,,,,,,,,,,,1801.6661,,,2599.08025,,2612.688,8219.081,7348.185,,,,,,,,,,,,566.5604,,,776.99712,,1173.5894,2468.5846,2428.116,,,,,,,,,,,,31.8097702999999,,,33.4237967,,22.192863,33.2892945,30.262995,11_142
-3,NASS USDA,Twiggs,,22,11,143,-1,,,,,,,,,,,,,723.9323,,,,,2803.1965,,,,,,,,,,,,,,279.23334,,,,,687.9662,,,,,,,,,,,,,,25.9589246,,,,,40.6869155,,11_143
-3,NASS USDA,Union,,22,11,144,-1,,,,,,,,,,,,,,,,,,,,,,,,,,,,,,,,,,,,,,,,,,,,,,,,,,,,,,,,,,11_144
-3,NASS USDA,Upson,,22,11,145,-1,,,,,,,,,,,,,,,,,,,,,,,,,,,,,,,,,,,,,,,,,,,,,,,,,,,,,,,,,,11_145
-3,NASS USDA,Walker,,22,11,146,-1,,,,,,,,,,,,,,,1377.1043,,353.8015,734.8185,,,,,,,,,,,,,,,,271.13962,,161.8744,242.8116,,,,,,,,,,,,,,,,50.7745805,,21.8566075,30.262995,,11_146
-3,NASS USDA,Walton,,22,11,147,-1,,,,,,,,,,,541.58845,957.9856,2103.75815,952.5425,,,,762.034,544.31,,,,,,,,,,,161.8744,546.3261,708.2005,331.84252,,,,283.2802,242.8116,,,,,,,,,,,33.4910478,17.5525371,29.7249862,28.7162197,,,,26.90044,22.192863,11_147
-3,NASS USDA,Ware,,22,11,148,-1,,,,,,,,,,,,,,889.94685,,378.29545,,,,,,,,,,,,,,,,,271.13962,,121.4058,,,,,,,,,,,,,,,,,32.8185368,,31.1372592999999,,,,11_148
-3,NASS USDA,Warren,,22,11,149,-1,,,,,,,,,,,,,,,,,680.3875,762.034,476.27125,,,,,,,,,,,,,,,,,364.2174,283.2802,283.2802,,,,,,,,,,,,,,,,,18.830308,26.90044,16.812775,11_149
-3,NASS USDA,Washington,,22,11,150,-1,,,,,,,,,,,,7756.4175,6613.3665,5116.514,6177.9185,1883.3126,6259.565,8763.391,4898.79,,,,,,,,,,,,2347.1788,1651.11888,2221.72613999999,1715.86864,971.2464,2144.8358,2711.3962,2225.773,,,,,,,,,,,,33.0202901,40.0816556,22.9998762,35.9793385,19.3683168,29.2542285,32.280528,22.192863,11_150
-3,NASS USDA,Wayne,,22,11,151,-1,,,,,,,,,,,,1809.83075,3510.7995,,,,,,,,,,,,,,,,,,607.029,793.18456,,,,,,,,,,,,,,,,,,29.7922372999999,44.2512238,,,,,,,11_151
-3,NASS USDA,Webster,,22,11,152,-1,,,,,,,,,,,,,,,,,,,1197.482,,,,,,,,,,,,,,,,,,,890.3092,,,,,,,,,,,,,,,,,,,13.45022,11_152
-3,NASS USDA,Wheeler,,22,11,153,-1,,,,,,,,,,,,,,1551.2835,,,1905.085,2721.55,2177.24,,,,,,,,,,,,,,497.76378,,,930.7778,1011.715,930.7778,,,,,,,,,,,,,,31.1372592999999,,,20.5115855,26.90044,23.537885,11_153
-3,NASS USDA,White,,22,11,154,-1,,,,,,,,,,,,,,,,,,,,,,,,,,,,,,,,,,,,,,,,,,,,,,,,,,,,,,,,,,11_154
-3,NASS USDA,Whitfield,,22,11,155,-1,,,,,,,,,,,,,,,,,,,,,,,,,,,,,,,,,,,,,,,,,,,,,,,,,,,,,,,,,,11_155
-3,NASS USDA,Wilcox,,22,11,156,-1,,,,,,,,,,,1118.55705,2258.8865,,,,702.1599,2013.947,7130.461,3565.2305,,,,,,,,,,,323.7488,687.9662,,,,404.686,890.3092,2063.8986,1011.715,,,,,,,,,,,34.5670654,32.8185368,,,,17.3507838,22.5291185,34.6343165,34.970572,11_156
-3,NASS USDA,Wilkes,,22,11,157,-1,,,,,,,,,,,244.9395,,,195.9516,155.12835,,,544.31,217.724,,,,,,,,,,,80.9372,,,76.89034,56.65604,,,161.8744,121.4058,,,,,,,,,,,30.262995,,,25.4881669,27.3711977,,,33.62555,18.157797,11_157
-3,NASS USDA,Wilkinson,,22,11,158,-1,,,,,,,,,,,658.6151,966.15025,,,,,,,353.8015,,,,,,,,,,,242.8116,323.7488,,,,,,,121.4058,,,,,,,,,,,27.1021932999999,29.8594883999999,,,,,,,28.917973,11_158
-3,NASS USDA,Worth,,22,11,159,-1,,,,,,,,,,,,5415.8845,15458.404,7048.8145,,6912.737,,24657.243,7810.8485,,,,,,,,,,,,1902.0242,5463.26099999999,1780.6184,,2185.3044,,5787.0098,2832.802,,,,,,,,,,,,28.4472152999999,28.3127131,39.6108979,,31.608017,,42.7044485,27.572951,11_159
-2,NASS USDA,Idaho,,22,13,-1,-1,2898432.0,2747608.0,2406112.0,2531232.0,2067064.0,3040107.4275,2675827.96,2816123.8625,2418777.5625,2777205.6975,2413198.385,2530497.19,2800747.105,2624662.82,3179314.71,2906751.4775,2697872.515,2692701.57,2243373.665,461340.9,459317.475,414802.125,433012.95000000007,455270.625,467412.33,453248.32,455271.75,439084.31,451224.89,463365.47,479552.91,505857.5,497763.779999999,566560.4,536208.95,505857.5,542279.24,469435.76,62.82625277750141,59.81936567947911,58.00626021383087,60.525000000000006,45.42812222222223,64.07964285714284,59.0368584999999,61.8560673111111,55.087018548387,61.5483273497757,52.0799566550218,52.7679939071729,55.366485608,52.7292364552845,56.1162393,54.2094621547169,53.332812344,49.6554017462686,47.7888635603448,13_-1
-3,NASS USDA,Ada,,22,13,1,-1,18496.0,,17816.0,17816.0,12022.4,22071.7705,,8273.512,11893.1735,17295.45025,12002.0355,13060.71845,,4136.756,31379.4715,24374.2018,15730.559,22316.71,,2165.06475,,2541.4218,2363.3604,1477.10025,2642.59958,,930.7778,1861.5556,2023.43,1537.8068,1821.087,,566.5604,4492.01459999999,3358.8938,2266.2416,3035.145,,85.42931568212914,,70.10249144789739,75.43077825342465,81.43974999999999,83.52079249617151,,88.9059541999999,63.9002408434782,85.457317792,78.0785270999999,71.7046172888888,,73.0346946,69.8781339603603,72.5679881710843,69.268633,73.6399545,,13_1
-3,NASS USDA,Adams,,22,13,2,-1,,,,,,,,,,,,,,,,,,,,,,,,,,,,,,,,,,,,,,,,,,,,,,,,,,,,,,,,,,13_2
-3,NASS USDA,Bannock,,22,13,3,-1,,,33945.6,28587.2,,32658.6,,,18996.419,38890.9495,41694.146,38646.01,44687.851,40442.233,53886.69,52008.8205,47137.246,43631.8896,27079.4225,,,9445.3479,5220.4365,,5948.8842,,,5018.1064,7810.4398,10521.836,10966.9906,12464.3288,13192.7636,15297.1307999999,12747.609,12019.1742,13961.667,7972.3142,,,35.938962078887535,54.80875,,54.876,,,37.8623693,49.765814,39.6354704173076,35.2440432627306,35.8459280386363,30.6599002650306,35.2390426611111,40.7735946955555,39.234337026936,31.2951531869565,33.9618055,13_3
-3,NASS USDA,Bear Lake,,22,13,4,-1,,,,,,,,,,,,,,,,,7130.461,,1959.516,,,,,,,,,,,,,,,,,2832.802,2832.802,1861.5556,,,,,,,,,,,,,,,,,25.2191625,,10.5584227,13_4
-3,NASS USDA,Benewah,,22,13,5,-1,49259.2,,30545.6,,24833.6,59738.0225,34835.84,57696.86,45599.57025,73119.88385,51951.66795,58184.01745,53206.3025,64174.149,48117.004,65888.7255,61289.306,66626.26555,63874.7785,9433.20735,,6110.7435000000005,,9449.39475,10372.10218,7082.005,10319.493,10279.0244,13273.7008,15337.5994,15013.8506,10602.7732,13111.8264,10602.7732,13759.324,14811.5075999999,16673.0632,14973.382,52.21893060582411,,50.034000000000006,,26.31188650963597,57.59690928599298,49.1605540999999,55.8856640999999,44.3428335661417,55.0835717121951,33.9050235686015,38.7366336,50.1693205999999,48.9351383759259,45.3944925,47.8709153588235,41.4604868961748,39.9034075388349,42.6877266048648,13_5
-3,NASS USDA,Bingham,,22,13,6,-1,458428.8000000001,,322972.8,366601.6,375360.0,388446.8315,404912.209,421595.3105,395250.7065,374194.07415,336323.7059,,396176.0335,367654.1895,415635.116,412532.549,339567.7935,352884.33765,295832.485,52528.113000000005,,44313.00750000001,47429.082,49047.822,48198.1026,49533.5663999999,50181.064,49776.378,46174.6726,45446.2377999999,,53459.0205999999,52447.3056,58456.8927,57060.7259999999,49088.4118,49047.9432,41237.5034,87.27303796349965,,72.8844233829085,77.34289377133106,76.58443316831683,80.5956523929471,81.7364594803921,84.0323103708064,79.4087866634146,81.0165337447852,74.0057334125556,,74.0909085074186,70.0831185444444,71.0871362647975,72.2915937929078,69.0626661108821,71.9614513853135,71.7259710347399,13_6
-3,NASS USDA,Blaine,,22,13,7,-1,,,,,,,,,,,,,,,2721.55,,,,,,,,,,,,,,,,,,,687.9662,,,,,,,,,,,,,,,,,,,39.5436468,,,,,13_7
-3,NASS USDA,Boise,,22,13,8,-1,,,,,,,,,,,,,,,,,,,,,,,,,,,,,,,,,,,,,,,,,,,,,,,,,,,,,,,,,,13_8
-3,NASS USDA,Bonner,,22,13,9,-1,,,,,,,,,,,,,,,,,,,,,,,,,,,,,,,,,,,,,,,,,,,,,,,,,,,,,,,,,,13_9
-3,NASS USDA,Bonneville,,22,13,10,-1,,,49504.0,81708.79999999999,97430.4,100452.4105,97050.473,27024.9915,112753.8165,79006.5965,67276.716,,95036.526,92859.286,170232.9525,149304.233,119993.1395,64772.89,58649.4025,,,16187.4,19020.195,23957.352000000003,21488.8266,19667.7396,5625.1354,22702.8846,16146.9714,15175.725,,19829.6139999999,20598.5174,30189.5756,29258.7978,22743.3531999999,14406.8216,14123.5414,,,30.598750000000003,42.99092180851065,40.69897297297298,46.74292937853107,49.3441800458847,48.0172854,49.6419808693404,48.9532386789473,44.3173988823999,,47.9184674571428,45.0690711654223,56.407085497319,51.0289812724758,52.7490345035587,45.058237,41.4939287,13_10
-3,NASS USDA,Boundary,,22,13,11,-1,24752.0,,20536.0,24616.0,14470.4,23078.744,19595.16,21908.4775,18642.6175,25228.7685,26899.8002,25174.3375,,,36523.201,37639.0365,7239.323,30571.17115,29392.74,3710.96145,,3528.8532,3520.7595,3439.8225,3419.5967,3520.7682,3844.517,3237.488,3804.0484,4896.7006,4532.4832,,,6515.4446,6555.9132,2185.3044,6677.31899999999,6636.8504,66.712,,58.2385,69.94000000000001,42.0985,67.519,55.6839107999999,56.9616817,57.5669415999999,66.3095846,54.9441487,55.5494085999999,,,56.0385454826087,57.3925868962962,33.2892945,45.7348238242424,44.3008419896341,13_11
-3,NASS USDA,Butte,,22,13,12,-1,17761.6,,13790.4,,,,,23242.037,20003.3925,,,,22180.6325,,,,13716.612,,4626.635,2351.21985,,1861.551,,,,,2954.2078,2670.9276,,,,3035.145,,,,2023.43,,809.372,75.58900000000001,,74.10950000000001,,,,,78.683787,74.9177254,,,,73.1019457,,,,67.923611,,57.163435,13_12
-3,NASS USDA,Camas,,22,13,13,-1,,,,5440.0,,3211.429,,5143.7295,4027.894,,,1564.89125,,,,1714.5765,2258.8865,,,,,,1497.3345000000002,,1335.4638,,2023.43,1780.6184,,,1177.63626,,,,1092.6522,809.372,,,,,,36.38225,,24.0755,,25.4209157999999,22.5963696,,,13.3157178,,,,15.6695063,27.9092065,,,13_13
-3,NASS USDA,Canyon,,22,13,14,-1,67646.4,,85516.79999999999,102516.8,79315.2,80830.035,74959.65165,66950.13,52648.38475,69630.85675,76998.0926,67684.9485,89307.66325,72828.678,108998.0775,87225.6775,72937.54,,,8296.0425,,10064.51595,11719.6776,10898.16705,9801.49492,8579.3432,7992.5485,6110.7586,8012.7828,10020.02536,8457.93739999999,11169.3336,8943.56059999999,14750.8046999999,11088.3964,9226.8408,,,81.57425,,84.96861689607634,87.51928004143646,72.80942489788342,82.4425024772915,87.3591789,83.7821014037974,86.1486590999999,86.8884211999999,76.8569798579159,80.028809,79.9615579,81.4410820999999,73.8712281731138,78.6805962543795,79.0200425,,,13_14
-3,NASS USDA,Caribou,,22,13,15,-1,20889.6,,46185.6,52251.2,,92260.545,29528.8175,60037.393,32168.721,70352.0675,78571.1485,54812.017,18098.3075,47082.815,58241.17,60064.6085,81728.1465,53391.3679,31678.842,8336.511,,10602.747,15661.3095,,19667.7396,6839.1934,15216.1936,9752.9326,16430.2516,17239.6236,14973.382,6394.0388,14811.5075999999,15661.3482,16915.8747999999,18898.8361999999,15264.75592,10036.2128,25.08425,,43.56003213129579,33.378242894056854,,46.89954115226338,43.1752062,39.4563634574468,32.953039,42.8167545241379,45.5602522535211,36.6035014118918,28.3127131,31.7996642603825,37.196114216279,35.5024670636363,43.1796704057815,34.8671636277836,31.5407658999999,13_15
-3,NASS USDA,Cassia,,22,13,16,-1,168857.59999999998,,153707.19999999998,93704.0,127132.8,168899.393,92314.976,100153.04,97621.9985,49573.03325,160734.743,164215.60545,184412.228,160680.312,226922.839,201122.545,185773.003,153332.127,123231.784,23593.135500000004,,21812.521500000003,15458.967,20638.935,21691.1696,15297.1307999999,16470.7202,15580.411,6879.662,25009.5948,25555.9209,27931.42772,26385.5272,34317.3728,31646.4452,28570.8315999999,24604.9088,19586.8024,71.57064816586163,,70.46741478283471,60.65950000000001,61.63686666666668,77.86521175373134,60.3242367,60.7949944,62.6780252,72.0259280999999,64.2868282135922,64.2576007197941,66.0413791843813,60.894839591411,66.1267853246462,63.5567614401534,65.0301943392351,62.2072675,62.9470295999999,13_16
-3,NASS USDA,Clark,,22,13,17,-1,,,,15504.0,,,,,20275.5475,17417.92,,11593.803,20411.625,,43272.645,,,15431.1885,,,,,2343.12615,,,,,2792.3334,2347.1788,,1618.744,2792.3334,,5341.8552,,,2144.8358,,,,,66.174,,,,,72.631188,74.1779633,,71.6224215,73.1019457,,81.0375755,,,71.958677,,13_17
-3,NASS USDA,Clearwater,,22,13,18,-1,,,,,,,,,,,2993.705,5361.4535,4517.773,,16873.61,16710.317,16791.9635,,14696.37,,,,,,,,,,,1578.2754,1699.6812,1416.401,,4653.889,4046.86,5260.918,,4249.20299999999,,,,,,,,,,,18.9648102,31.5407658999999,31.8770213999999,,36.2354774721739,41.2921754,31.9184066923076,,34.5785941599999,13_18
-3,NASS USDA,Custer,,22,13,19,-1,,,,,,,,,,,,,,,,,,,,,,,,,,,,,,,,,,,,,,,,,,,,,,,,,,,,,,,,,,13_19
-3,NASS USDA,Elmore,,22,13,20,-1,,,,,,44061.8945,48606.883,,,29120.585,18424.8935,23024.313,24711.674,31814.9195,35951.6755,28031.965,28031.965,,31842.135,,,,,,5584.6668,6151.2272,,,4330.1402,3480.2996,3804.0484,4856.232,5827.4784,5430.88612,4249.20299999999,4249.20299999999,,5382.3238,,,,,,78.88425,79.0200425,,,67.2511,52.9266157,60.52599,50.9090827,54.5929485111111,66.1750824,65.9733290999999,65.906078,,59.180968,13_20
-3,NASS USDA,Franklin,,22,13,21,-1,16211.2,,4270.4,24180.8,,31352.256,3946.2475,,3048.136,2811.36115,,2313.3175,13471.6725,20248.332,20411.625,23949.64,27732.5945,21081.1263,18778.695,6037.9002,,728.433,5418.732150000001,,6871.56828,849.8406,,809.372,607.029,,849.8406,3844.517,7567.6282,6636.8504,7689.034,6960.5992,7506.9253,6555.9132,26.84906915155702,,58.642,44.6428502613891,,45.62805565371024,46.403259,,37.660616,46.3360079,,27.2366955,35.0378231,26.7580259058823,30.7337527,31.1549569578947,39.6859688953488,28.0895699622641,28.6489686,13_21
-3,NASS USDA,Fremont,,22,13,22,-1,,,,,12376.0,58513.325,,,14968.525,,,74026.16,84885.1445,6967.168,96805.5335,85021.222,93621.32,64772.89,59193.7125,,,,,1902.0195,10117.15,,,1699.6812,,,14083.0728,14487.7588,1416.401,15297.1307999999,16551.6574,15985.097,12747.609,14406.8216,,,,,65.098,,,,88.098941,,,52.5358636189655,58.5757080999999,49.1605540999999,63.3041009166666,51.3798404,58.508457,50.7745805,41.0904221,13_22
-3,NASS USDA,Gem,,22,13,23,-1,5059.2,,2828.8,5603.2,4760.0,,,4381.6955,,,,,,4436.1265,6695.013,6531.72,,,,655.5897,,428.9661,647.496,607.0275,,,607.029,,,,,,647.4976,995.52756,971.2464,,,,77.203,,65.97225,86.61800000000001,78.48075,57.835,,72.1604303,,,,,,68.5288709,67.2511,67.2511,,,,13_23
-3,NASS USDA,Gooding,,22,13,24,-1,10798.4,,3563.2,5739.2,6800.0,,,,,,,9253.27,21092.0125,11974.82,10886.2,5225.376,4544.9885,24855.91615,4898.79,1141.2117,,388.4976,566.559,813.4168500000001,,,,,,,1092.6522,2751.8648,1578.2754,1375.9324,647.4976,647.4976,3411.50297999999,687.9662,94.68800000000002,,91.79625,101.34575,83.63089552238806,,,,,,,84.6691349,76.6622980529411,75.8816578333333,79.0872936,80.70132,70.2773995,72.9570726304863,71.2189149,13_24
-3,NASS USDA,Idaho,,22,13,25,-1,151096.0,,158385.59999999998,146526.4,88998.4,209885.936,151889.7055,172001.96,99472.6525,188671.45375,118066.2821,155727.091,163293.0,172056.391,121108.975,166286.705,151046.025,106091.4621,113488.635,30229.9695,,29663.4105,30108.564,33305.5755,33427.0636,29744.421,29906.2954,24928.6576,30230.0442,33022.3776,32132.0684,32374.88,33184.252,29987.2326,34883.9332,32253.4742,31282.2278,28813.6432,49.98218737865415,,53.39426496491359,48.69388104838711,26.73779921020656,62.79407687651332,51.0824715904761,57.5411877958051,39.8860160363636,62.4182036811245,35.7690139813725,48.4451853460957,50.4433688325,51.8412485568292,40.3626399530364,47.693668737819,46.7724228174404,33.8434853240621,39.4113170372191,13_25
-3,NASS USDA,Jefferson,,22,13,26,-1,,,58398.4,58344.0,,71413.472,,,,92380.2932,71818.98295,97513.1365,107542.04825,114876.6255,190562.931,176274.7935,119203.89,99608.73,84640.205,,,7972.2945,8984.007,,9833.8698,,,,10724.179,10805.1162,13828.12062,14811.5075999999,16268.3771999999,25292.875,24362.0972,16956.3433999999,14164.01,12221.5172,,,73.30250000000001,64.9635,,72.63,,,,86.1486590999999,66.4440868,70.4909025532045,72.631188,70.613655,75.33123896368,72.3797225081395,70.2388785835322,70.2773995,69.268633,13_26
-3,NASS USDA,Jerome,,22,13,27,-1,,,18060.8,18169.6,24316.8,28712.3525,27895.8875,41040.974,,27351.5775,33066.8325,30263.636,12791.285,30671.8685,57288.6275,44197.972,41040.974,61381.8387,24738.8895,,,2221.72065,2031.5187,2569.74975,2873.2706,2954.2078,4492.01459999999,,2832.802,4046.86,3237.488,1699.6812,3682.6426,6758.2562,5665.604,5220.44939999999,8093.72,3399.3624,,,81.30525,89.50975,94.68800000000002,99.9335,94.4205444,91.3706161351351,,96.5725796,81.6845310819999,93.479029,75.2539809,83.2568618,84.736386,77.990620305,78.584734992248,75.721376045,72.7656902,13_27
-3,NASS USDA,Kootenai,,22,13,28,-1,,,11260.8,17707.2,,19704.022,7402.616,15104.6025,,,7838.064,10886.2,13390.026,12546.3455,10178.597,,7565.909,,21908.4775,,,2861.12295,3884.976,,3443.87786,1659.2126,3439.831,,,2428.116,2630.459,3399.3624,2630.459,1942.4928,,1740.1498,,4896.7006,,,39.4085,45.5955,,57.20556844888367,44.5874793,43.9149683,,,32.280528,41.3594265,39.4091446,47.6810299,52.3886069,,43.3769595,,44.7431016801652,13_28
-3,NASS USDA,Latah,,22,13,29,-1,205332.8,,199240.0,195214.4,123379.2,267120.1325,212144.8225,34754.1935,150256.7755,209404.22165,174149.26295,199353.5375,209423.2725,200850.39,192876.2485,196822.496,207790.3425,185805.6616,178805.835,36623.9925,,38040.39,32415.2685,39011.634,42734.8416,40347.1942,6353.5702,32820.0346,36219.397,38768.9188,42856.2474,39456.885,40387.6628,39982.9768,42653.9044,44110.774,43625.1507999999,40590.0058,56.06510540870168,,52.37590886949371,60.256,31.64614782157677,62.50785606060605,52.5812539828485,54.6751442999999,45.7664881036991,57.8348188865921,44.9362303070981,46.5213770793201,53.077672016923,49.7077273785571,48.2571567323886,46.1467604971537,47.1272880444954,42.6046323961038,44.0345183611166,13_29
-3,NASS USDA,Lemhi,,22,13,30,-1,,,,,,,,,,,,,,,,,,,,,,,,,,,,,,,,,,,,,,,,,,,,,,,,,,,,,,,,,,13_30
-3,NASS USDA,Lewis,,22,13,31,-1,,,155475.19999999998,120060.8,85136.0,192495.2315,140023.7475,146092.804,91498.511,188167.967,133274.3035,151046.025,159210.675,160925.2515,156761.28,153767.575,134417.3545,119712.81985,128674.884,,,30270.438,26344.9935,32981.8275,31282.2278,29906.2954,27923.334,25738.0295999999,31160.822,34034.0925999999,34236.4356,33993.6239999999,33346.1264,33912.6867999999,34924.4018,33386.595,38445.17,38040.484,,,51.362058256309325,45.5955,25.824907668711656,61.53575097024579,46.8050365460081,52.3038120347826,35.5618741245283,60.3914877999999,39.1444583443519,44.1183114605201,46.8103683375,48.2364227828883,46.218198097136,44.0380152141367,40.3812286818181,31.0912453894736,33.8387502957446,13_31
-3,NASS USDA,Lincoln,,22,13,32,-1,,,5657.599999999999,13681.6,23745.6,16193.2225,,24439.519,,16601.455,7647.5555,10747.40095,,,16873.61,14914.094,,17744.506,12791.285,,,898.4007,1541.84985,3318.417,1687.54062,,2792.3334,,1740.1498,1173.5894,1800.8527,,,2225.773,2347.1788,,2711.3962,1902.0242,,,63.01325,88.77000000000001,71.60320731707317,95.96575,,87.5463123956521,,95.4293109,65.1663159,59.6517257,,,75.7919897,63.5522895,,65.5698225,67.2511,13_32
-3,NASS USDA,Madison,,22,13,33,-1,,,151748.8,124004.8,,151399.8265,,,125463.455,89321.271,86137.0575,5551.962,107909.4575,87116.8155,132593.916,117162.7275,98792.265,81564.8535,65861.51,,,18105.6069,17826.37425,,20355.7058,,,19303.5222,14528.2274,14690.1018,930.7778,18089.4642,16470.7202,21221.73384,20436.643,17603.841,15459.0052,12707.1404,,,83.81315292999099,69.59619296254257,,74.37849999999999,,,64.9645626,61.4675054,58.6429592,59.6517257,59.6347248626398,52.8593645999999,62.4544191398169,57.3112542495049,56.1206564494252,52.7921135,51.8505980999999,13_33
-3,NASS USDA,Minidoka,,22,13,34,-1,,,20780.8,,64083.2,82381.3185,,80163.25525,70787.5155,33842.47425,75702.6348,90175.8377,90638.5012,55846.206,124538.128,94165.63,79632.553,85075.653,55410.758,,,2711.3895,,8032.99725,9510.121,,9510.121,9226.8408,4492.01459999999,10036.2128,11816.8312,12140.58,7769.9712,15823.2226,12869.0147999999,11088.3964,11978.7056,8134.18859999999,,,76.665,,79.79085453400504,86.6036914893617,,84.2988245876595,76.6910307210526,75.321232,75.4188545645161,76.3258528842465,74.6451342746666,71.8914259,78.6975468158567,73.1865382786163,71.8911804580292,70.9499105,68.1253643,13_34
-3,NASS USDA,Nez Perce,,22,13,35,-1,184252.8,,191270.4,170843.19999999998,137414.4,258574.4655,146963.7,,152678.955,219615.47725,181799.54,,147235.855,189555.9575,,198101.6245,185147.0465,155052.1466,170913.34,38404.6065,,39011.634,31970.115,41196.933000000005,41399.3778,30351.45,,29987.2326,38849.856,38971.2618,,29987.2326,40509.0686,,40225.7884,40832.8174,42775.3102,42289.687,47.97674466473182,,49.0290665599908,53.463750000000005,33.37390250491159,62.45631744868035,48.420792,,50.9090827,56.53127466,46.6628356757009,,49.093303,46.785199562937,,49.2181979,45.3161772943508,36.2354271258278,40.3915255009569,13_35
-3,NASS USDA,Oneida,,22,13,36,-1,25867.2,,8540.8,,7833.599999999999,40932.112,,,,42619.473,7320.9695,8219.081,19050.85,24249.0105,35516.2275,30644.653,,25568.96225,17417.92,11472.81975,,5665.59,,6474.96,13516.5124,,,,14285.4157999999,3804.0484,4168.2658,13314.1693999999,15580.411,16996.8119999999,15013.8506,,14467.5245,9186.3722,22.54650605837331,,15.064,,12.105,30.288272455089825,,,,29.8175755331444,19.2338146,19.7045723,14.2956624,15.5605071145454,20.8688169383333,20.4205880547169,,17.668698090909,18.9648102,13_36
-3,NASS USDA,Owyhee,,22,13,37,-1,,,,,35985.6,32468.0915,27215.5,22997.0975,14424.215,26671.19,14424.215,32653.1569,,27106.638,29664.895,20411.625,23269.2525,35543.443,17336.2735,,,,,4208.724,3767.62666,3035.145,2954.2078,2023.43,3723.1112,2225.773,4937.1692,,3642.174,3913.31362,2711.3962,3116.0822,5362.0895,2589.9904,,,,,85.54200000000002,86.15996321160041,89.6457163,77.8519001054794,71.286166,71.6224215,64.8300604,66.1469692352458,,74.4454732311111,75.7919897,75.2539809,74.648721,66.299433490566,66.9495208484375,13_37
-3,NASS USDA,Payette,,22,13,38,-1,,,,15068.8,12185.6,8981.115,8708.96,9280.4855,9389.3475,10369.1055,9797.58,9389.3475,10178.597,12056.4665,15676.128,15186.249,13063.44,25196.1099,12002.0355,,,,1618.74,1497.3345000000002,1048.13674,1052.1836,1173.5894,1133.1208,1214.058,1133.1208,1416.401,1375.9324,1740.1498,2266.2416,2387.6474,1942.4928,3723.1112,2023.43,,,,93.14125,81.43974999999999,85.6765,82.7861040999999,79.0780175862068,82.8533552,85.408897,86.4849146,66.3095846,73.97621,69.268633,69.2013819,63.6206804491525,67.2511,67.751828298913,59.2952948699999,13_38
-3,NASS USDA,Power,,22,13,39,-1,178622.4,,76731.2,,61880.0,238298.918,126007.765,125327.3775,134607.863,231386.181,214567.002,110903.1625,126279.92,182697.6515,194454.7475,179377.3605,206021.335,124314.9609,180710.92,25454.6865,,12545.235,,20638.935,39740.1652,23471.788,23674.131,25414.2808,41439.8464,38890.3246,23552.7252,27437.7108,39214.0734,42168.2812,37190.6434,38849.856,26223.6528,39618.7594,70.209,,61.197500000000005,,29.9935,59.96631822810591,53.6663777999999,52.9266157,52.9938667999999,55.8468502327148,55.1569588926118,47.07577,45.9997524,46.5832892924664,46.1075348731285,48.1992073092491,52.9991207921875,47.4120255,45.6237919604698,13_39
-3,NASS USDA,Shoshone,,22,13,40,-1,,,,,,,,,,,,,,,,,,,,,,,,,,,,,,,,,,,,,,,106.52400000000002,,,,,,,,,,,,,,,,,,,13_40
-3,NASS USDA,Teton,,22,13,41,-1,,,,,,,,,,,2367.7485,1660.1455,3538.015,1986.7315,,19295.7895,26018.018,9764.9214,5796.9015,,,,,,,,,,,607.029,890.3092,1294.9952,890.3092,,5503.7296,6636.8504,3617.89284,2711.3962,,,,,,,,,,,39.005638,18.6285547,27.3039466,22.3273652,,35.0773825705882,39.235275902439,27.0584123825503,21.3858498,13_41
-3,NASS USDA,Twin Falls,,22,13,42,-1,76704.0,,77275.2,82225.59999999999,92480.0,77019.865,65453.2775,,51219.571,74094.19875,73427.419,70997.07485,86381.997,59792.4535,106548.6825,61588.6765,71549.5495,116392.52885,67630.5175,7203.393,,8012.763,8174.637000000001,10052.3754,7446.2224,6920.13059999999,,5787.0098,7931.8456,8336.5316,8538.8746,10805.1162,7648.56539999999,13678.3868,8134.18859999999,9226.8408,15539.9424,8781.6862,,,96.44014180876184,100.63995792079209,92.05539533011272,103.4305,94.5550466,,88.5024476,93.423787025,88.098941,83.1685748109004,79.9419115112359,78.1457782,77.9062210272189,75.7287535910447,77.6735456951754,75.0445217447916,77.0025095,13_42
-3,NASS USDA,Valley,,22,13,43,-1,,,,,,,,,,,,,,,,,,,,,,,,,,,,,,,,,,,,,,,,,,,,,,,,,,,,,,,,,,13_43
-3,NASS USDA,Washington,,22,13,44,-1,9732.159999999998,,9384.0,10806.56,8002.24,7429.8315,10848.0983,,,12954.578,14669.1545,12132.6699,10532.3985,,12546.3455,10886.2,16193.2225,21867.65425,16928.041,1452.81915,,1371.88215,1578.2715,1574.22465,1214.058,1456.8696,,,2063.8986,2602.13098,2266.2416,1740.1498,,2387.6474,1861.5556,3116.0822,3808.09526,3197.0194,66.98810378428725,,68.4605,68.50343653846154,50.85863367609256,61.1975,74.4469677,,,62.7505508960784,56.3610237415241,53.5258710375,60.52599,,52.5231090999999,58.508457,51.9274564999999,57.5079092848034,52.9632207291139,13_44
-2,NASS USDA,Illinois,,22,14,-1,-1,1675520.0,1637440.0,1845792.0,1203328.0,1310768.0,962340.08,1002891.175,1005884.88,972137.66,946555.09,919883.9,1221703.795,1531688.34,1114746.88,1278312.035,418846.545,1249735.76,2003060.8,1332198.725,283279.5,283279.5,315654.3,226623.6,246857.85,210436.72,222577.3,226624.16,190202.419999999,190202.419999999,210436.72,271139.62,339936.24,258999.04,311608.22,109265.22,331842.52,465388.899999999,360170.54,59.18,57.835,58.50750000000001,53.127500000000005,53.127500000000005,45.73,45.058237,44.385726,51.110836,49.765814,43.713215,45.058237,45.058237,43.040704,41.023171,38.333127,37.660616,43.040704,36.988105,14_-1
-3,NASS USDA,Adams,,22,14,1,-1,15612.8,11913.6,13436.8,9574.4,10417.6,7593.1245,,5252.5915,,10042.5195,,,12845.716,,,,,36446.9976,33605.6994,2464.53165,2318.84505,2561.65605,1954.62855,2436.2037,1687.54062,,1335.4638,,2144.8358,,,4532.4832,,,,,8741.2176,7931.8456,63.41675000000001,51.37900000000001,52.455000000000005,49.02525000000001,42.77100000000001,44.99025,,39.3418935,,46.8067655999999,,,28.3127131,,,,,41.695682,42.368193,14_1
-3,NASS USDA,Alexander,,22,14,2,-1,,,,3046.4,,1496.8525,2199.0124,,,1902.36345,,3946.2475,8491.236,7157.6765,4354.48,2528.31995,,7930.5967,5274.3639,,,,627.26175,,335.88938,602.98214,,,635.35702,,1294.9952,2023.43,2023.43,1335.4638,890.3092,,2509.0532,2063.8986,,,,48.62175,,44.58675,36.4500962,,,29.9267395,,30.4647482999999,41.9646864,35.3740786,32.6167835,28.3799642,,31.608017,25.555418,14_2
-3,NASS USDA,Bond,,22,14,3,-1,,,,18196.8,29838.4,22071.7705,,,,,,31651.6265,,,32005.428,,34095.5784,57304.9568,45055.26025,,,,3646.21185,5422.779,5220.4494,,,,,,6920.13059999999,,,8457.93739999999,,9388.7152,13314.1693999999,12181.0486,,,,49.96675,55.07775000000001,42.30025,,,,,,45.730748,,,37.8623693,,36.315594,43.040704,36.988105,14_3
-3,NASS USDA,Boone,,22,14,4,-1,,7044.799999999999,,,6664.0,1905.085,,2966.4895,2558.257,3265.86,3211.429,3129.7825,4517.773,6069.0565,7729.202,2939.274,7054.2576,,10935.1879,,922.6818,,,1404.25695,384.4517,,554.41982,445.1546,526.0918,586.7947,627.2633,967.19954,963.15268,1416.401,586.7947,1456.8696,,1982.9614,,76.396,,,47.4785,49.56325,,53.5318755999999,57.4996905,62.0727652999999,54.7423954,49.9003162,46.7395145,63.0142807,54.5406420999999,50.1020695,48.420792,,55.145902,14_4
-3,NASS USDA,Brown,,22,14,5,-1,3046.4,1868.64,,1506.88,1169.6,1842.48935,,,2637.18195,,811.0219,2120.08745,2517.43375,1842.48935,2120.08745,,3679.5356,,7315.5264,513.9499500000001,412.7787,,311.60745000000003,250.9047,441.10774,,,485.6232,,222.5773,566.5604,728.4348,489.67006,526.0918,,1052.1836,,1942.4928,59.31450000000001,45.3265,,48.352750000000015,46.6715,41.76225,,,54.3388887999999,,36.4500962,37.3916116,34.5670654,37.660616,40.2834089,,34.970572,,37.660616,14_5
-3,NASS USDA,Bureau,,22,14,6,-1,6990.4,10798.4,6228.799999999999,4080.0,6392.0,4354.48,2337.81145,3565.2305,2582.75095,,,,,,,1295.4578,5644.4947,8257.1827,8943.0133,1011.7125,1363.78845,1052.181,627.26175,1072.41525,821.51258,566.5604,728.4348,424.9203,,,,,,,323.7488,1375.9324,1659.2126,2144.8358,69.13300000000001,79.2205,59.24725,65.098,59.65075,52.993,41.2921754,48.9588008,60.7949944,,,,,,,40.0144045,41.023171,49.765814,41.695682,14_6
-3,NASS USDA,Calhoun,,22,14,7,-1,,,,4923.2,3862.4,2566.42165,1641.09465,2356.8623,2060.21335,2966.4895,,,,,2775.981,1238.30525,,,4218.4025,,,,942.91605,809.37,598.93528,428.96716,720.34108,566.5604,607.029,,,,,647.4976,343.9831,,,1254.5266,,,,52.25325000000001,47.7475,42.83825,38.2658759,32.7512857,36.3828451,48.8915497,,,,,42.9062018,35.9793385,,,33.62555,14_7
-3,NASS USDA,Carroll,,22,14,8,-1,8894.4,6201.599999999999,,3753.6,2603.04,2207.17705,1178.43115,2433.0657,,3701.308,2912.0585,2098.31505,3891.8165,3674.0925,2884.843,2884.843,,4882.4607,3655.04165,1185.72705,882.2133,,667.7302500000001,517.9968,449.20146,230.67102,505.8575,,607.029,607.029,445.1546,704.15364,562.51354,526.0918,526.0918,,930.7778,687.9662,75.051,70.3435,,56.221,50.303,49.15975,51.110836,48.0845365,,60.9967477,47.9500343,47.1430210999999,55.2804042,65.3008180999999,54.8096465,54.8096465,,52.455858,53.128369,14_8
-3,NASS USDA,Cass,,22,14,9,-1,,1746.24,4569.599999999999,,,1235.5837,1798.94455,1842.48935,1676.4748,2503.826,,,,,1935.02205,1249.19145,3453.64695,6172.4754,6259.565,,404.685,829.60425,,,279.23334,497.76378,441.10774,445.1546,526.0918,,,,,566.5604,465.3889,1092.6522,1699.6812,1861.5556,,43.17450000000001,55.145,,,44.2505,36.1138407,41.7629331,37.660616,47.6137788,,,,,34.1635588,26.8331888999999,31.608017,36.315594,33.62555,14_9
-3,NASS USDA,Champaign,,22,14,10,-1,11641.6,11641.6,15422.4,6500.799999999999,,6341.2115,4027.894,5660.824,4681.066,4463.342,6286.7805,4789.928,,,,,5927.5359,,6471.8459,1695.63015,1914.16005,2448.34425,1222.1487,,1351.65124,809.372,1064.32418,890.3092,870.0749,1052.1836,890.3092,,,,,1335.4638,,1659.2126,68.66225,60.86125,63.01325,53.19475,,46.9405,49.765814,53.1956200999999,52.5903602,51.3125893,59.7189767999999,53.80088,,,,,44.385726,,39.005638,14_10
-3,NASS USDA,Christian,,22,14,11,-1,,10390.4,,,,2424.90105,3211.429,,,1823.4385,2081.98575,3129.7825,,3429.153,4000.6785,1363.49655,6564.3786,9201.56055,5941.14365,,1695.63015,,,,526.0918,671.77876,,,364.2174,445.1546,687.9662,,837.70002,930.7778,424.9203,1456.8696,1982.9614,1497.3382,,61.33200000000001,,,,46.06625,47.8155320999999,,,50.0348184,46.7395145,45.4617435999999,,40.9559199,42.9734529,32.0787747,45.058237,46.403259,39.678149,14_11
-3,NASS USDA,Clark,,22,14,12,-1,11315.2,9900.8,7779.2,8296.0,10227.2,7348.185,5824.117,7919.7105,6286.7805,7701.9865,8001.357,13716.612,,7674.771,7484.2625,4055.1095,6885.5215,10733.7932,8366.0447,1610.6463,1545.8967,1436.63175,1327.3668,1744.19235,1501.38506,1173.5894,1574.22854,1193.8237,1436.6353,1699.6812,2630.459,,1845.36816,1861.5556,1031.9493,1861.5556,2751.8648,2144.8358,70.27625,64.08924999999999,54.2035,62.5425,58.642,48.958,49.6313118,50.3038228,52.6576113,53.5991267,47.07577,52.1196025,,41.5611798,40.2161578,39.2746424,36.988105,39.005638,39.005638,14_12
-3,NASS USDA,Clay,,22,14,13,-1,43656.0,38324.8,45451.2,32993.6,31225.6,21255.3055,28195.258,31025.67,22425.572,18697.0485,16492.593,,40796.0345,19050.85,,,24151.0347,53788.7142,25729.5337,7081.9875,6515.4285,7446.204000000001,5746.527,5948.869500000001,4653.889,5867.947,6758.2562,4370.6088,3965.9228,4249.20299999999,,9914.80699999999,4572.9518,,,7041.5364,13111.8264,6596.3818,61.66825,58.84375,61.063,57.43150000000001,52.52225,45.66275,48.0172854,45.9325013,51.3125893,47.1430210999999,38.8038847,,41.1576732,41.6284309,,,34.298061,41.023171,39.005638,14_13
-3,NASS USDA,Clinton,,22,14,14,-1,,,,60574.4,76350.4,52417.053,52335.4065,64201.3645,51301.2175,47382.1855,51328.433,59901.3155,59601.945,60881.0735,62187.4175,,54670.4964,85619.963,60293.2187,,,,11169.306,13071.3255,11735.894,11978.7056,12342.9229999999,10198.0872,9226.8408,12788.0776,13354.6379999999,12221.5172,14002.1356,16187.44,,15054.3192,19586.8024,16915.8747999999,,,,54.27075000000001,58.44025000000001,44.654,43.713215,51.9851003,50.3038228,51.3798404,40.1489067,44.8564837,48.7570475,43.5114617,38.4003781,,36.315594,43.713215,35.643083,14_14
-3,NASS USDA,Coles,,22,14,15,-1,,2910.4,,,,,,2005.78235,,,,2857.6275,4408.911,2857.6275,,1287.29315,3592.446,,4114.9836,,477.5283,,,,,,441.10774,,,,566.5604,1185.72998,607.029,,303.5145,809.372,,1092.6522,,60.99575000000001,,,,,,45.4617435999999,,,,50.438325,37.1898583,47.07577,,42.4354441,44.385726,,37.660616,14_15
-3,NASS USDA,Cook,,22,14,16,-1,,,,,,,,,,,,,,,,,,,,,,,,,,,,,,,,,,,,,,,,,,,,,,,,,,,,,,,,,,14_16
-3,NASS USDA,Crawford,,22,14,17,-1,22113.6,18169.6,19801.6,12620.8,12593.6,7565.909,12655.2075,10831.769,13553.319,8572.8825,4055.1095,14587.508,18996.419,11757.096,13825.474,4436.1265,11169.2412,17099.49865,8572.8825,3399.3540000000003,3205.1052,3488.3847,2339.0793,2407.87575,1764.43096,3010.86384,2448.3503,2751.8648,1861.5556,1133.1208,3358.8938,4289.6716,2670.9276,3763.5798,1092.6522,3075.6136,4168.2658,2549.5218,65.098,56.69175,56.82625000000001,54.00175,52.3205,42.9055,42.0319375,44.2512238,49.2278052,46.0670035,35.7775852,43.4442105999999,44.2512238,44.0494705,36.7191006,40.6196644,36.315594,41.023171,33.62555,14_17
-3,NASS USDA,Cumberland,,22,14,18,-1,5576.0,5358.4,7344.0,,6745.599999999999,,,2966.4895,3020.9205,2637.18195,2068.378,4027.894,4681.066,3946.2475,3646.877,,4528.6592,10116.00135,7402.616,857.9322000000001,845.79165,1161.44595,,1169.53965,,,578.70098,526.0918,526.0918,404.686,890.3092,1226.19858,801.27828,930.7778,,1294.9952,2387.6474,1618.744,65.03075000000001,63.41675000000001,63.28225,,57.700500000000005,,,51.2453382,57.4324394,50.1020695,51.110836,45.2599903,38.1986248,49.2278052,39.2073913,,34.970572,42.368193,45.730748,14_18
-3,NASS USDA,De Kalb,,22,14,19,-1,29865.6,17190.399999999998,17625.6,11641.6,12756.8,8491.236,7320.9695,8817.822,10069.735,8327.943,11294.4325,3211.429,11566.5875,12573.561,11702.665,5361.4535,10548.7278,9138.9649,11811.527,4451.535,2763.9985500000003,2877.31035,2371.4541,2407.87575,1679.4469,1922.2585,1618.744,1558.0411,1315.2295,2104.3672,627.2633,2448.3503,2112.46092,1861.5556,1011.715,2063.8986,1861.5556,2509.0532,67.1155,62.20625,61.26475,49.0925,52.99300000000001,50.572,38.0641226,54.473391,64.6283070999999,63.3505362,53.6663777999999,51.1780870999999,47.2102722,59.5172235,62.8797785,52.9938667999999,51.110836,49.093303,47.07577,14_19
-3,NASS USDA,De Witt,,22,14,20,-1,,,,,,,,,,,,,,,,,,,,,,,,,,,,,,,,,,,,,,,,,,,,,,,,,,,,,,,,,,14_20
-3,NASS USDA,Douglas,,22,14,21,-1,,,,2426.24,,,,838.2374,1442.4215,1877.8695,,1306.344,4408.911,1360.775,1785.3368,,1837.04625,5437.6569,2188.1262,,,,408.73185,,,,238.76474,263.0459,364.2174,,283.2802,910.5435,246.85846,364.2174,,364.2174,1092.6522,485.6232,,,,59.38175,,,,35.1050742,54.8096465,51.5815937,,46.1342545999999,48.420792,55.145902,49.0260519,,50.438325,49.765814,45.058237,14_21
-3,NASS USDA,Dupage,,22,14,22,-1,,,,,,,,,,,,,,,,,,,,,,,,,,,,,,,,,,,,,,,,,,,,,,,,,,,,,,,,,,14_22
-3,NASS USDA,Edgar,,22,14,23,-1,5902.4,2964.8,,2371.84,,,1807.1092,,1556.7266,,,3265.86,4844.359,2604.52335,3483.584,2011.22545,3652.3201,,4245.618,797.22945,473.48145,,489.66885,,,376.35798,,323.7488,,,647.4976,1064.32418,607.029,728.4348,505.8575,890.3092,,971.2464,74.10950000000001,62.67700000000001,,48.48725,,,48.0172854,,48.0845365,,,50.438325,45.5289947,42.9062018,47.8155320999999,39.7454001,41.023171,,43.713215,14_23
-3,NASS USDA,Edwards,,22,14,24,-1,14715.2,,,8867.199999999999,12294.4,9797.58,10124.166,8409.5895,7375.4005,8164.65,7729.202,,18860.3415,10886.2,11865.958,,13444.457,18751.4795,8510.28685,2468.5785,,,1849.41045,2225.7675,2246.0073,2407.8817,2286.4759,1456.8696,1699.6812,1800.8527,,4006.3914,2626.41214,3035.145,,3844.517,4289.6716,2387.6474,59.65075,,,47.94925,55.279500000000006,43.64525,42.0319375,36.7863517,50.6400783,48.0172854,42.9062018,,47.07577,41.4266776,39.0728891,,34.970572,43.713215,35.643083,14_24
-3,NASS USDA,Effingham,,22,14,25,-1,18985.6,20808.0,19828.8,13899.2,18115.2,11920.389,13417.2415,11702.665,12219.7595,10314.6745,8491.236,16111.576,22044.555,,19023.6345,,,35358.3776,26475.2384,3055.37175,3213.1989000000003,3654.30555,2642.59305,3014.9032500000003,2585.94354,2832.802,2509.0532,2266.2416,2185.3044,2063.8986,3277.9566,5260.918,,4613.4204,,,8215.1258,6151.2272,62.20625,64.76175,54.27075000000001,52.65675,60.12150000000001,46.06625,47.3447744,46.6722634,53.9353822,47.2102722,41.1576732,49.1605540999999,41.8974353,,41.2249243,,,43.040704,43.040704,14_25
-3,NASS USDA,Fayette,,22,14,26,-1,,25377.6,36475.2,,24643.2,18452.109,16274.869,15376.7575,16057.145,,,,,,,,31559.0938,47828.5197,39320.9544,,4532.472,5786.9955,,5018.094,4370.6088,3812.14212,3419.5967,3460.06529999999,,,,,,,,9024.4978,12261.9858,10440.8987999999,,56.01925000000001,63.08050000000001,,49.15975,42.233,42.7044485,44.9909859,46.403259,,,,,,,,34.970572,39.005638,37.660616,14_26
-3,NASS USDA,Ford,,22,14,27,-1,,,,,,3755.739,,2588.19405,,,,,,8872.253,10341.89,2492.9398,9144.408,11953.0476,7772.7468,,,,,,776.99712,,546.3261,,,,,,1521.61936,1982.9614,607.029,1942.4928,2468.5846,2063.8986,,,,,,48.35275,,47.3447744,,,,,,58.3067037,52.1868535999999,41.0904221,47.07577,48.420792,37.660616,14_27
-3,NASS USDA,Franklin,,22,14,28,-1,43547.2,39086.4,46512.0,33374.4,36556.8,,29419.9555,25337.6305,27787.0255,25147.122,29664.895,32495.307,39789.061,22507.2185,26126.88,5932.979,19709.4651,31376.74995,10178.597,8336.511,7486.672500000001,9388.692,6717.771000000001,7648.5465,,6677.31899999999,6313.1016,5301.3866,5179.9808,6474.976,7203.4108,7810.4398,5584.6668,6596.3818,1679.4469,5746.5412,7405.75379999999,3439.831,52.25325000000001,52.25325000000001,49.56325,49.69775,47.81475,,44.0494705,40.1489067,52.3886069,48.5552942,45.7979990999999,45.1254880999999,50.9763338,40.2834089,39.6108979,35.3068275,34.298061,42.368193,29.590484,14_28
-3,NASS USDA,Fulton,,22,14,29,-1,5331.2,3672.0,4188.8,2456.16,,928.04855,,745.7047,579.69015,,,,,,3320.291,,5051.1968,,7892.495,845.79165,643.44915,748.6672500000001,453.2472,,214.48358,,182.1087,141.6401,,,,,,849.8406,,1294.9952,,2023.43,63.08050000000001,57.09525000000001,55.952,54.2035,,43.24175,,40.9559199,40.9559199,,,,,,39.0728891,,39.005638,,39.005638,14_29
-3,NASS USDA,Gallatin,,22,14,30,-1,9955.2,,20019.2,15259.2,11369.6,8382.374,12328.6215,7484.2625,,9552.6405,11702.665,15349.542,29964.2655,11348.8635,19078.0655,3646.877,16732.0894,22910.0079,8883.1392,1477.10025,,2962.2942000000003,2330.9856,1764.4266,1529.71308,2246.00729999999,1598.5097,,1780.6184,2428.116,3035.145,5301.3866,2476.67832,4168.2658,870.0749,4289.6716,5584.6668,2589.9904,67.45175,,67.58625,65.50150000000001,64.49275000000002,54.80875,54.8768975999999,46.8067655999999,,53.6663777999999,48.2190387,50.5728272,56.490924,45.7979990999999,45.7979990999999,41.8974353,39.005638,41.023171,34.298061,14_30
-3,NASS USDA,Greene,,22,14,31,-1,8921.6,12348.8,7561.599999999999,4732.8,5657.599999999999,4708.2815,3510.7995,4163.9715,,3565.2305,2966.4895,,7756.4175,4626.635,7266.5385,1651.98085,7936.0398,13648.57325,11680.8926,1303.0857,1857.50415,1351.6479000000002,833.6511,1027.8999,934.82466,696.05992,942.91838,,789.1377,728.4348,,1861.5556,1214.058,1740.1498,546.3261,2185.3044,3439.831,2994.6764,68.52775000000001,66.51025000000001,55.952,56.82625000000001,55.07775000000001,50.370250000000006,50.438325,44.1839727,,45.1927392,40.7541666,,41.695682,38.1313737,41.7629331,30.262995,36.315594,39.678149,39.005638,14_31
-3,NASS USDA,Grundy,,22,14,32,-1,,,,,,,,,,,906.27615,1861.5402,,,,,1850.654,1769.0075,2016.66855,,,,,,,,,,,222.5773,465.3889,,,,,404.686,404.686,526.0918,,,,,,,,,,,40.6869155,40.0144045,,,,,45.730748,43.713215,38.333127,14_32
-3,NASS USDA,Hamilton,,22,14,33,-1,,,,,,22861.02,22752.158,,26725.621,,15213.4645,,52226.5445,,33529.496,,26494.28925,47591.74485,17994.8886,,,,,,5665.604,4937.1692,,4815.7634,,3561.2368,,9267.3094,,7729.5026,,7162.94219999999,10562.3046,4613.4204,,,,,,40.35,46.0670035,,55.4821575,,42.7044485,,56.3564217999999,,43.3769595,,36.988105,45.058237,39.005638,14_33
-3,NASS USDA,Hancock,,22,14,34,-1,,,8513.6,3916.8,6636.799999999999,3102.567,1404.3198,2939.274,3864.601,,,4191.187,9579.856,8981.115,,1752.6782,9313.1441,24004.071,27346.1344,,,1630.88055,732.47985,1177.63335,615.12272,445.1546,598.93528,768.9034,,,971.2464,2533.33436,1760.3841,,687.9662,2347.1788,5099.0436,6353.5702,,,52.25325000000001,53.53099999999999,56.355500000000006,50.4375,31.5407658999999,49.093303,50.2365717,,,43.1752062,37.7951182,51.0435849,,25.4881669,39.678149,47.07577,43.040704,14_34
-3,NASS USDA,Hardin,,22,14,35,-1,,,,,,,,,,,,,,,,,,,,,,,,,,,,,,,,,,,,,,,,,,,,,,,,,,,,,,,,,,14_35
-3,NASS USDA,Henderson,,22,14,36,-1,,,,500.48,,,,,,,977.03645,,,,,778.3633,,,6746.72245,,,,105.2181,,,,,,,194.24928,,,,,283.2802,,,1497.3382,,,,47.613,,,,,,,50.3038228,,,,,27.5056998999999,,,45.058237,14_36
-3,NASS USDA,Henry,,22,14,37,-1,2162.4,3508.8,3100.8,1797.9199999999998,2249.44,1358.05345,1706.41185,,,2351.4192,,,2939.274,2283.38045,,1458.7508,3257.69535,,4740.9401,319.70115000000004,554.41845,485.622,315.65430000000003,420.8724,263.0459,408.73286,,,384.4517,,,716.29422,424.9203,,283.2802,768.9034,,1052.1836,67.6535,63.349500000000006,63.88750000000001,56.96075,53.463750000000005,51.648,41.7629331,,,61.1312499,,,41.023171,53.7336289,,51.5143425999999,42.368193,,45.058237,14_37
-3,NASS USDA,Iroquois,,22,14,38,-1,,,21678.4,11043.2,14008.0,7783.633,,9416.563,10423.5365,8436.805,7266.5385,8355.1585,15540.0505,11757.096,14914.094,5470.3155,16489.87145,24575.5965,15667.96335,,,3698.8209,2076.03405,2606.1714,1723.96236,,1978.91454,1982.9614,1740.1498,1679.4469,1679.4469,2962.30152,2513.10005999999,3075.6136,1294.9952,3358.8938,5220.44939999999,4087.3286,,,58.642,53.19475,53.80000000000001,45.12475,,47.6137788,52.5903602,48.4880430999999,43.2424573,49.765814,52.455858,46.8067655999999,48.4880430999999,42.2336908,49.093303,47.07577,38.333127,14_38
-3,NASS USDA,Jackson,,22,14,39,-1,44825.6,,,39684.8,33211.2,35706.736,,,,,32413.6605,31814.9195,43599.231,27161.069,27215.5,,17779.88615,32571.5104,11468.6117,8376.9795,,,7729.4835,7162.9245,7972.3142,,,,,7769.9712,7122.4736,9348.2466,7648.56539999999,7729.5026,,5625.1354,7567.6282,3965.9228,53.53099999999999,,,51.37900000000001,46.4025,44.78849999999999,,,,,41.695682,44.6547304,46.6722634,35.5085808,35.2395764,,31.608017,43.040704,28.917973,14_39
-3,NASS USDA,Jasper,,22,14,40,-1,18686.4,15422.4,18577.6,13926.4,15803.2,9906.442,,,,10314.6745,4218.4025,14206.491,19731.2375,10096.9505,,2302.4313,,24102.0468,14990.2974,2938.0131,2727.5769,3253.6674000000003,2509.047,2824.7013,2326.9445,,,,2185.3044,951.0121,3318.4252,4896.7006,2322.89764,768.9034,768.9034,,6636.8504,4127.7972,63.6185,56.55725,57.16250000000001,55.5485,55.952,42.56925,,,,47.2102722,44.385726,42.8389507,40.2834089,43.4442105999999,,29.9267395,,36.315594,36.315594,14_40
-3,NASS USDA,Jefferson,,22,14,41,-1,,,,36475.2,26520.0,33992.1595,33475.065,,,,,,,33012.4015,34645.3315,8382.374,28004.7495,43996.5773,19464.5256,,,,7365.267000000001,6839.1765000000005,7931.8456,8619.8118,,,,,,,7769.9712,9024.4978,2610.22469999999,8498.40599999999,11088.3964,6029.8214,,,,49.56325,38.803250000000006,42.83825,38.8038847,,,,,,,42.5026952,38.4003781,32.1460258,32.953039,39.678149,32.280528,14_41
-3,NASS USDA,Jersey,,22,14,42,-1,8785.6,6337.599999999999,8568.0,7480.0,6636.799999999999,5633.6085,6150.703,4572.204,3075.3515,4272.8335,,5116.514,6286.7805,3374.722,,892.6684,4939.61325,10450.752,7772.7468,1384.0227,1189.7739,1533.7561500000002,1428.53805,1214.055,1161.44882,1266.66718,1003.62128,687.9662,829.6063,,1133.1208,1392.11984,922.68408,,323.7488,1335.4638,2589.9904,2063.8986,63.48400000000001,53.32925,55.88475,52.38775,54.67425,48.48725,48.5552942,45.5289947,44.7219815,51.5143425999999,,45.1254880999999,45.1927392,36.5845984,,27.572951,36.988105,40.35066,37.660616,14_42
-3,NASS USDA,Jo Daviess,,22,14,43,-1,,,4596.8,2078.08,,620.5134,397.3463,402.7894,,2160.9107,,,,,1782.61525,,1766.28595,,,,,675.8239500000001,416.82555,,129.49952,101.1715,97.12464,,404.686,,,,,364.2174,,445.1546,,,,,68.057,49.8995,,47.94925,39.2746424,41.4939287,,53.3973734,,,,,48.9588008,,39.678149,,,14_43
-3,NASS USDA,Johnson,,22,14,44,-1,,,,,,,,,,,,2558.257,,,,,,,,,,,,,,,,,,,566.5604,,,,,,,,,,,,,,,,,,,45.1254880999999,,,,,,,,14_44
-3,NASS USDA,Kane,,22,14,45,-1,4868.8,5684.799999999999,4923.2,5766.4,4923.2,3374.722,2707.94225,2476.6105,2939.274,3429.153,5688.0395,1722.74115,,,7838.064,5633.6085,6286.7805,8894.0254,11593.803,744.6204,995.5251,801.2763,946.9629,1003.6188,740.57538,708.2005,509.90436,505.8575,607.029,1173.5894,364.2174,,,1456.8696,1153.3551,1335.4638,1740.1498,2428.116,65.43425,57.16250000000001,61.46650000000001,60.9285,49.0925,45.5955,38.2658759,48.5552942,58.1049504,56.490924,48.4880430999999,47.2775233,,,53.80088,48.8242985999999,47.07577,51.110836,47.748281,14_45
-3,NASS USDA,Kankakee,,22,14,46,-1,12321.6,10227.2,,,,,,6640.582,,10750.1225,,,12655.2075,10668.476,,9498.2095,18370.4625,,19856.4288,1918.2069,1436.63175,,,2148.87735,,,1339.51066,,1780.6184,,,2699.25562,2290.52276,,1740.1498,3642.174,,5179.9808,64.291,71.21775000000001,,,,,,49.5640607,,60.3914877999999,,,46.8740167,46.6050123,,54.6078932,50.438325,,38.333127,14_46
-3,NASS USDA,Kendall,,22,14,47,-1,,3835.2,,,12947.2,,1752.6782,,1796.223,,,,1869.70485,1605.7145,,,,,3472.6978,,554.41845,,,,,335.88938,,303.5145,,,,392.54542,283.2802,,,,,890.3092,,69.20025000000001,,,60.256,,52.1868535999999,,59.180968,,,,47.6137788,56.6926772999999,,,,,39.005638,14_47
-3,NASS USDA,Knox,,22,14,48,-1,,3835.2,2856.0,1191.36,1768.0,650.45045,854.5667,824.62965,1679.19635,762.034,2122.809,1377.1043,2313.3175,1692.8041,2702.49915,960.70715,2656.2328,,5258.0346,,671.7771,412.7787,210.4362,368.26335,137.59324,178.06184,141.6401,263.0459,141.6401,424.9203,323.7488,542.27924,356.12368,647.4976,283.2802,647.4976,,1133.1208,,57.09525000000001,69.20025000000001,56.624500000000005,48.01650000000001,47.27675,48.0172854,58.2394525999999,63.8212939,53.80088,49.9675673,42.5699463,42.6371974,47.5465277,41.7629331,33.8945544,41.023171,,46.403259,14_48
-3,NASS USDA,La Salle,,22,14,49,-1,,11369.6,,9057.6,9928.0,4300.049,,3674.0925,4817.1435,,,,9416.563,7647.5555,,2631.73885,7960.53375,,5274.3639,,1695.63015,,1432.5849,1703.72385,772.95026,,716.29422,789.1377,,,,2035.57058,1379.97926,,607.029,1578.2754,,1375.9324,,67.1155,,63.28225,58.30575,55.61575,,51.3125893,61.0639987999999,,,,46.2687568,55.4149064,,43.3769595,50.438325,,38.333127,14_49
-3,NASS USDA,Lake,,22,14,50,-1,2363.68,,,,1014.56,,952.5425,938.93475,,2171.7969,1681.9179,,2394.964,1994.89615,1679.19635,2041.1625,,2571.86475,2155.4676,364.2165,,,,186.1551,,303.5145,254.95218,,404.686,343.9831,,667.7319,445.1546,404.686,485.6232,,607.029,445.1546,64.9635,,,,54.53975,,31.4062637,36.8536028,,53.6663777999999,48.8915497,,35.8448363,44.7892325999999,41.4939287,42.0319375,,42.368193,48.420792,14_50
-3,NASS USDA,Lake Michigan,,22,14,51,-1,,,,,,,,,,,,,,,,,,,,,,,,,,,,,,,,,,,,,,,,,,,,,,,,,,,,,,,,,,14_51
-3,NASS USDA,Lawrence,,22,14,52,-1,22331.2,22630.4,,,,8600.098,15866.6365,14152.06,9525.425,12301.406,12029.251,24929.398,34019.375,15594.4815,25174.3375,5796.9015,23949.64,31488.3335,25865.6112,3605.74335,4330.1295,,,,1946.53966,3383.17496,3630.03341999999,1962.7271,2589.9904,2853.03629999999,5544.1982,7405.75379999999,4411.0774,6798.7248,1598.5097,7122.4736,7203.4108,7122.4736,61.93725,52.3205,,,,44.18325,46.8740167,39.005638,48.5552942,47.4792765999999,42.1664397,44.9909859,45.9325013,35.3740786,37.0553561,36.2483429,33.62555,43.713215,36.315594,14_52
-3,NASS USDA,Lee,,22,14,53,-1,5440.0,3808.0,,,,,1673.75325,1883.3126,1986.7315,1956.79445,2212.62015,,4953.221,4381.6955,,2775.981,,,8001.357,894.3538500000001,566.559,,,,,404.686,412.77972,384.4517,364.2174,526.0918,,1003.62128,837.70002,,586.7947,,,1699.6812,60.86125,67.25,,,,,41.3594265,45.5962458,51.6488448,53.7336289,42.0319375,,49.3623074,52.3213558,,47.2775233,,,47.07577,14_53
-3,NASS USDA,Livingston,,22,14,54,-1,13545.6,13654.4,15966.4,12321.6,14878.4,7565.909,11621.0185,,7402.616,11811.527,9008.3305,7674.771,,,16302.0845,5660.824,16764.748,25163.4513,19595.16,2217.6738,2173.15845,2772.09225,2132.68995,2541.4218,1683.49376,2286.4759,,1497.3382,2286.4759,2144.8358,1638.9783,,,3156.5508,1396.1667,3561.2368,5584.6668,4856.232,61.13025,62.87875,57.63325000000001,57.835,58.57475,44.923,50.8418315999999,,49.4295585,51.6488448,42.0319375,46.8067655999999,,,51.6488448,40.5524133,47.07577,45.058237,40.35066,14_54
-3,NASS USDA,Logan,,22,14,55,-1,,,6228.799999999999,3372.8,3536.0,3075.3515,,2218.06325,1602.99295,,,,,1793.50145,,,2384.0778,,,,,975.29085,489.66885,590.8401,526.0918,,465.3889,404.686,,,,,400.63914,,,485.6232,,,,,63.88750000000001,68.93125,59.852500000000006,58.440250000000006,,47.6810299,39.6108979,,,,,44.7892325999999,,,49.093303,,,14_55
-3,NASS USDA,Macon,,22,14,56,-1,6963.2,6691.2,,5766.4,4515.2,2678.0052,1763.5644,,,1317.2302,1428.81375,,,1178.43115,,430.0049,,4419.7972,2729.71465,922.6818,1064.32155,,959.10345,772.94835,562.51354,441.10774,,,222.5773,303.5145,,,283.2802,,182.1087,,1133.1208,687.9662,75.52175,62.87875,,60.188750000000006,58.44025000000001,47.613,39.9471534,,,59.180968,47.07577,,,41.6284309,,23.6051361,,39.005638,39.678149,14_56
-3,NASS USDA,Macoupin,,22,14,57,-1,24425.6,19964.8,29892.8,15884.8,20155.2,10396.321,,,13662.181,,7701.9865,13771.043,15186.249,10695.6915,12519.13,,13869.0188,24330.657,20574.918,4087.3185,3828.3201,4775.283,3719.05515,3933.5382,2391.69426,,3197.0194,3197.0194,,1902.0242,3035.145,4168.2658,3051.33244,3197.0194,,4208.7344,6029.8214,5463.26099999999,59.78525000000001,52.18600000000001,62.609750000000005,42.70375000000001,51.2445,43.44349999999999,,,42.7044485,,40.4851622,45.3944925,36.4500962,35.0378231,39.1401402,,32.953039,40.35066,37.660616,14_57
-3,NASS USDA,Madison,,22,14,58,-1,38297.6,38896.0,41942.4,31008.0,36801.6,22316.71,36523.201,28113.6115,25609.7855,27650.948,30807.946,45204.9455,44742.282,33611.1425,33257.341,,40488.49935,64810.9917,50522.8542,6879.645,6798.7080000000005,7446.204000000001,5908.401,6717.771000000001,4937.1692,7324.8166,6070.29,6151.2272,5625.1354,7122.4736,9024.4978,9955.27559999999,8417.4688,8255.5944,,10562.3046,15297.1307999999,14447.2902,55.683,57.22975,56.355500000000006,52.52225,54.80875,45.192,49.8330650999999,46.3360079,41.6284309,49.1605540999999,43.2424573,50.1020695,44.9237348,39.9471534,40.2834089,,38.333127,42.368193,34.970572,14_58
-3,NASS USDA,Marion,,22,14,59,-1,46076.8,46593.6,53176.0,31089.6,35305.6,26888.914,22643.296,42374.5335,24793.3205,25174.3375,16029.9295,37040.2955,,26589.5435,31270.6095,8355.1585,23541.4075,48351.0573,36251.046,8822.133,8053.231500000001,9105.4125,5544.1845,6839.1765000000005,6596.3818,5665.604,9429.18379999999,5179.9808,5382.3238,3298.1909,8377.0002,,5665.604,7446.2224,2023.43,7001.0678,11412.1451999999,8984.02919999999,52.25325000000001,57.90225,58.44025000000001,56.08650000000001,51.648,40.7535,39.9471534,44.9237348,47.8827832,46.7395145,48.6225453,44.1839727,,46.9412678,41.9646864,41.2921754,33.62555,42.368193,40.35066,14_59
-3,NASS USDA,Marshall,,22,14,60,-1,,,2937.6,1020.0,,,,,,,1251.913,1823.4385,1064.12605,1434.25685,1902.36345,1099.5062,1945.90825,4057.83105,3265.86,,,598.9338,210.4362,,,,,,,303.5145,364.2174,275.18648,319.70194,404.686,283.2802,526.0918,849.8406,971.2464,,,49.0925,48.48725,,,,,,,41.2249243,50.0348184,38.6693825,44.8564837,47.0085189,38.8038847,36.988105,47.748281,33.62555,14_60
-3,NASS USDA,Mason,,22,14,61,-1,7752.0,7888.0,,3726.4,5929.599999999999,2939.274,3184.2135,5334.238,6885.5215,3755.739,6150.703,3646.877,6096.272,5388.669,8246.2965,1845.2109,10434.4227,20204.7872,14832.4475,1327.3668,1286.8983,,833.6511,1112.88375,635.35702,736.52852,1197.87056,1254.5266,728.4348,1214.058,1092.6522,1841.3213,1626.83772,2023.43,890.3092,2873.2706,4694.3576,4411.0774,58.44025000000001,61.33200000000001,,44.72125,53.32925,46.268,43.2424573,44.5202282,54.8768975999999,51.5815937,50.6400783,33.3565456,33.0875412,33.1547923,40.7541666,20.7133388,36.315594,43.040704,33.62555,14_61
-3,NASS USDA,Massac,,22,14,62,-1,,,11369.6,,,,3429.153,5334.238,9362.132,5307.0225,6831.0905,7538.6935,,,6341.2115,1962.23755,,5062.083,957.9856,,,2027.47185,,,,902.44978,1558.0411,1537.8068,1214.058,1699.6812,2144.8358,,,1699.6812,424.9203,,1254.5266,445.1546,,,56.08650000000001,,,,37.9968715,34.2308099,60.8622455,43.713215,40.2161578,35.1723253,,,37.3243605,46.2015057,,40.35066,21.520352,14_62
-3,NASS USDA,McDonough,,22,14,63,-1,,,,707.1999999999999,,,,,,789.2495,,,,,,,1600.2714,,6107.1582,,,,141.63975,,,,,,182.1087,,,,,,,485.6232,,1335.4638,,,,49.96675,,,,,,43.3097084,,,,,,,32.953039,,45.730748,14_63
-3,NASS USDA,McHenry,,22,14,64,-1,11043.2,9520.0,13355.2,11206.4,7779.2,4463.342,,6232.3495,,6994.3835,7266.5385,5987.41,10341.89,10722.907,14750.801,6477.289,10614.045,16100.6898,15774.1038,1808.94195,1545.8967,2080.0809,1999.1439,1728.00495,938.87152,,1250.47974,,1133.1208,1558.0411,1254.5266,2225.773,1845.36816,2792.3334,1355.6981,2428.116,3520.7682,3723.1112,61.063,61.601,64.22375000000001,56.08650000000001,45.0575,47.54575,,49.8330650999999,,61.7365097999999,46.6722634,47.748281,46.4705100999999,58.1049504,52.8593645999999,47.748281,43.713215,45.730748,42.368193,14_64
-3,NASS USDA,McLean,,22,14,65,-1,6147.2,,,,,,2912.0585,2629.0173,2231.671,2803.1965,,,4109.5405,,4762.7125,1616.6007,5236.2622,,6640.582,910.54125,,,,,,566.5604,517.99808,404.686,505.8575,,,1072.4179,,930.7778,343.9831,1052.1836,,1618.744,67.519,,,,,,51.3798404,50.7745805,55.145902,55.4149064,,,38.333127,,51.1780870999999,47.0085189,49.765814,,41.023171,14_65
-3,NASS USDA,Menard,,22,14,66,-1,,4324.8,3264.0,2856.0,2828.8,,2912.0585,,,,1524.068,,,,,1390.71205,6477.289,10331.0038,10132.33065,,700.10505,562.51215,485.622,477.5283,441.10774,530.13866,,,,283.2802,,,,,343.9831,1375.9324,2104.3672,2063.8986,,61.80275000000001,58.03675,58.84375,59.24725,56.69175,54.9441487,,,,53.80088,,,,,40.4179111,47.07577,49.093303,49.093303,14_66
-3,NASS USDA,Mercer,,22,14,67,-1,,,,375.36,,337.4722,,,,,,,919.8839,1023.3028,873.61755,,,,2482.0536,,,,68.79645000000001,,72.84348,,,,,,,234.71788,194.24928,202.343,,,,768.9034,,,,54.607,,46.33525,,,,,,,39.2073913,52.6576113,43.1752062,,,,32.280528,14_67
-3,NASS USDA,Monroe,,22,14,68,-1,53393.6,,59296.0,46267.2,47899.2,45531.5315,36985.8645,47518.263,41530.853,43544.8,49396.1325,60744.996,53342.38,39707.4145,47953.711,24766.105,50985.5177,54931.7652,39906.08765,9955.251,,11533.5225,9793.377,9550.566,10117.15,8498.40599999999,10562.3046,9105.435,8822.1548,11452.6138,12261.9858,12423.8602,11695.4254,12342.9229999999,7365.2852,13071.3578,14083.0728,13799.7925999999,53.6655,,51.446250000000006,47.27675000000001,50.1685,44.99025,43.5114617,44.9909859,45.5962458,49.3623074,43.1079550999999,49.5640607,42.9062018,33.9618055,38.8711358,33.62555,39.005638,39.005638,28.917973,14_68
-3,NASS USDA,Montgomery,,22,14,69,-1,30328.0,28668.8,31116.8,18414.4,22630.4,13063.44,,12709.6385,12328.6215,,10505.183,18207.1695,22316.71,14396.9995,13907.1205,,20270.1044,43033.1486,29011.723,4694.3460000000005,4815.7515,5341.842000000001,3532.90005,4127.787,2687.11504,,2788.28654,2468.5846,,2286.4759,3642.174,5018.1064,3686.68946,3561.2368,,5382.3238,9550.5896,6636.8504,64.62725,59.5835,58.30575,52.11875,54.876,48.62175,,45.5962458,49.9675673,,45.9325013,49.9675673,44.4529770999999,39.0728891,39.0728891,,37.660616,45.058237,43.713215,14_69
-3,NASS USDA,Morgan,,22,14,70,-1,7099.2,1852.32,4460.8,,,2939.274,,3048.136,2721.55,2939.274,1959.516,3946.2475,5007.652,4136.756,4898.79,898.1115,4980.4365,,9601.6284,1060.2747,396.5913,870.07275,,,562.51354,,627.2633,485.6232,586.7947,404.686,768.9034,1238.33916,971.2464,1173.5894,323.7488,1214.058,,1982.9614,66.981,46.73875000000001,51.31175,,,52.25325,,48.6225453,56.0201662999999,50.1020695,48.420792,51.3125893,40.4179111,42.5699463,41.7629331,27.7747042999999,41.023171,,48.420792,14_70
-3,NASS USDA,Moultrie,,22,14,71,-1,,,4977.599999999999,,,,1730.9058,,,,721.21075,,1850.654,742.98315,1725.4627,,1284.5716,3048.136,1766.28595,,,748.6672500000001,,,,364.2174,,,,182.1087,,404.686,202.343,404.686,,323.7488,647.4976,445.1546,,,66.51025000000001,,,,47.5465277,,,,39.6108979,,45.730748,36.7191006,42.6371974,,39.678149,47.07577,39.678149,14_71
-3,NASS USDA,Ogle,,22,14,72,-1,14252.8,15177.6,12811.2,10499.2,10608.0,89696.8449,4163.9715,5007.652,6422.858,5960.1945,7021.599,4517.773,9307.701,,7756.4175,4708.2815,10927.02325,13145.0865,14402.4426,1982.9565,2027.47185,2112.4557,1598.50575,1699.677,748.6691,756.76282,959.10582,971.2464,1052.1836,1375.9324,910.5435,1825.13386,,1456.8696,991.4807,2225.773,2832.802,2549.5218,71.89025000000001,74.91650000000001,60.65950000000001,65.70325,62.47525,51.98425,55.0113997999999,52.1868535999999,66.1078313,56.6254262,51.0435849,49.6313118,50.9763338,,53.2628712,47.4792765999999,49.093303,46.403259,56.490924,14_72
-3,NASS USDA,Peoria,,22,14,73,-1,2856.0,3835.2,,2298.4,2333.76,1096.78465,1295.4578,1788.05835,,,2095.5935,,4572.204,3102.567,,1317.2302,5225.376,,5625.44385,441.10665,590.8401,,457.29405,441.10665,258.99904,327.79566,396.59228,,,546.3261,,890.3092,724.38794,,424.9203,1294.9952,,1578.2754,64.76175,64.9635,,50.303,52.92575,42.3675,39.5436468,45.058237,,,38.333127,,51.3798404,42.8389507,,31.0027571,40.35066,,35.643083,14_73
-3,NASS USDA,Perry,,22,14,74,-1,73113.59999999999,,80593.59999999999,62070.4,63756.8,53505.673,,,,,44225.1875,46239.1345,49477.779,37394.097,41367.56,14723.5855,35606.03865,49616.57805,26518.7832,13395.0735,,14325.849,12181.0185,12221.487,11331.208,,,,,11654.9568,11331.208,12504.7974,9955.27559999999,10845.5848,4532.4832,10805.1162,12504.7974,9388.7152,54.607,,56.288250000000005,50.9755,52.18600000000001,47.2095,,,,,37.9296204,40.8214177,39.5436468,37.5933649,38.1313737,32.4822813,32.953039,39.678149,28.245462,14_74
-3,NASS USDA,Piatt,,22,14,75,-1,5304.0,5059.2,,3128.0,2649.28,,2231.671,,,2122.809,,,,,,,1981.2884,6041.841,2822.24735,809.37,866.0259000000001,,558.4653000000001,477.5283,,558.46668,,,424.9203,,,,,,,566.5604,1214.058,687.9662,65.56875000000001,58.44025000000001,,56.01925000000001,55.48125,,39.9471534,,,49.9675673,,,,,,,34.970572,49.765814,41.023171,14_75
-3,NASS USDA,Pike,,22,14,76,-1,,,,,4787.2,4327.2645,6776.6595,4708.2815,4844.359,4408.911,3619.6615,8219.081,10614.045,7674.771,8953.8995,,,29384.57535,21935.693,,,,,922.6818,967.19954,1234.2923,1096.69906,1011.715,991.4807,1011.715,1780.6184,2533.33436,1740.1498,2306.7102,,,7405.75379999999,5260.918,,,,,51.91700000000001,44.72125,54.8768975999999,42.9062018,47.8827832,44.4529770999999,35.7775852,46.1342545999999,41.8974353,44.1167215999999,38.8038847,,,39.678149,41.695682,14_76
-3,NASS USDA,Pope,,22,14,77,-1,,,,,,,,,,,,,,,,,,,,,,,,,,,,,,,,,,,,,,,,,,,,,,,,,,,,,,,,,,14_77
-3,NASS USDA,Pulaski,,22,14,78,-1,17598.399999999998,15204.8,21705.6,,11614.4,6286.7805,2373.1916,5960.1945,,5960.1945,,9715.9335,13771.043,9089.977,,1722.74115,6245.95725,14116.67985,4572.204,2691.1552500000003,2832.795,3290.08905,,2136.7368,1214.058,566.5604,1254.5266,,1112.8865,,2266.2416,3002.77012,2347.1788,,445.1546,2063.8986,3682.6426,1618.744,65.43425,53.73275,66.0395,,54.40525000000001,51.7825,41.8974353,47.4792765999999,,53.5318755999999,,42.9062018,45.8652502,38.7366336,,38.6693825,30.262995,38.333127,28.245462,14_78
-3,NASS USDA,Putnam,,22,14,79,-1,,,,,,,,,,1102.22775,,,,,,,1469.637,2122.809,,,,,,,,,,,202.343,,,,,,,364.2174,526.0918,,,,,,,,,,,54.473391,,,,,,,40.35066,40.35066,,14_79
-3,NASS USDA,Randolph,,22,14,80,-1,90494.4,94193.6,92044.8,69795.2,80512.0,68065.9655,60853.858,60091.824,64963.3985,53233.518,65099.476,69834.973,74271.0995,57805.722,60717.7805,32821.893,57552.61785,76813.0272,47197.1201,14811.471,15418.498500000002,15580.3725,13111.794,14042.5695,12869.0148,11897.7683999999,12140.58,11614.4882,10157.6186,14123.5414,13961.667,16673.0632,14325.8843999999,15175.725,8781.6862,16146.9714,17846.6526,15256.6621999999,61.13025,61.13025,59.112750000000005,53.26200000000001,57.364250000000006,52.85849999999999,51.1780870999999,49.4968095999999,55.9529152,52.3886069,46.0670035,50.0348184,44.5202282,40.35066,40.0144045,37.3916116,35.643083,43.040704,30.935506,14_80
-3,NASS USDA,Richland,,22,14,81,-1,29920.0,26356.8,27608.0,17924.8,21406.4,17172.9805,16819.179,16193.2225,19567.9445,17036.903,8518.4515,25963.587,36223.8305,19567.9445,,7266.5385,30290.8515,45607.7349,24395.9742,4815.7515,4694.3460000000005,4896.6885,3322.46385,3978.05355,3569.33052,3925.4542,3804.0484,3561.2368,3520.7682,1821.087,5948.88419999999,7486.691,4572.9518,,1740.1498,8498.40599999999,10764.6476,6717.7876,62.13900000000001,56.15375,56.42275000000001,54.00175,53.86725,48.08375,42.8389507,42.5699463,54.9441487,48.420792,46.8067655999999,43.6459639,48.3535409,42.7716996,,41.7629331,35.643083,42.368193,36.315594,14_81
-3,NASS USDA,Rock Island,,22,14,82,-1,758.88,,522.24,,,723.9323,,,,,647.7289,,,,748.42625,,,1766.28595,,145.6866,,149.73345,,,149.73382,,,,,182.1087,,,,202.343,,,445.1546,,52.11875,,34.90275,,,48.35275,,,,,35.5758319,,,,36.988105,,,39.678149,,14_82
-3,NASS USDA,Saint Clair,,22,14,83,-1,58779.2,56929.6,63321.6,48905.6,45206.4,39108.6735,,,,,,,,,,,,,,9591.0345,10157.5935,10966.9635,8660.259,8134.168500000001,7486.691,7972.3142,8619.8118,6272.633,6232.1644,10117.15,10602.7732,13759.324,11250.2708,10602.7732,3358.8938,12383.3915999999,15054.3192,,61.33200000000001,56.08650000000001,57.76775000000001,56.49,55.615750000000006,52.25325,,,,,,,,,,,,,,14_83
-3,NASS USDA,Saline,,22,14,84,-1,,,,,,,,1755.39975,1853.37555,2095.5935,1564.89125,6014.6255,,3755.739,,,6972.6111,11321.648,3946.2475,,,,,,,,461.34204,404.686,445.1546,364.2174,1537.8068,,1007.66814,,,1699.6812,2630.459,1173.5894,,,,,,,,38.0641226,45.7979990999999,47.07577,42.9734529,39.1401402,,37.2571094,,,41.023171,43.040704,33.62555,14_84
-3,NASS USDA,Sangamon,,22,14,85,-1,,5467.2,6228.799999999999,,,2081.98575,,1619.32225,1630.20845,,1412.48445,2857.6275,2667.119,1706.41185,,,1567.6128,2743.3224,2155.4676,,1003.6188,1052.181,,,428.96716,,335.88938,404.686,,323.7488,566.5604,639.40388,323.7488,,,323.7488,647.4976,445.1546,,54.4725,59.24725,,,48.5545,,48.2190387,40.2834089,,43.6459639,50.438325,41.695682,52.7248624,,,48.420792,42.368193,48.420792,14_85
-3,NASS USDA,Schuyler,,22,14,86,-1,3100.8,2399.04,2964.8,1664.64,3155.2,1366.2181,1387.9905,881.7822,,1798.94455,1483.24475,2585.4725,4681.066,3701.308,4681.066,,5443.1,12649.7644,11787.03305,441.10665,424.91925,489.66885,348.0291,623.2149000000001,315.65508,315.65508,258.99904,,404.686,404.686,647.4976,1303.08892,1060.27732,1375.9324,,1618.744,3358.8938,2873.2706,70.3435,56.49,60.59224999999999,47.882000000000005,50.63925,43.309000000000005,43.9822194,34.0290566,,44.4529770999999,36.6518495,39.9471534,35.9120874,34.9033209,34.0290566,,33.62555,37.660616,41.023171,14_86
-3,NASS USDA,Scott,,22,14,87,-1,,,,,,261.2688,,,,,1050.5183,2721.55,3238.6445,2337.81145,1749.95665,,,7960.53375,5551.962,,,,,,60.7029,,,,,283.2802,526.0918,776.99712,485.6232,445.1546,,,1821.087,1375.9324,,,,,,43.04,,,,,37.0553561,51.7160959,41.695682,48.1517875999999,39.3418935,,,43.713215,40.35066,14_87
-3,NASS USDA,Shelby,,22,14,88,-1,,23528.0,27526.4,14035.2,16483.2,8708.96,13580.5345,11784.3115,10967.8465,9089.977,,16683.1015,,15104.6025,16193.2225,,20357.194,32457.2053,27604.68165,,3755.4768,4613.409000000001,2654.7336,3476.24415,2286.4759,3120.12905999999,2496.91262,2266.2416,1740.1498,,3257.7223,,3399.3624,3884.9856,,5503.7296,7203.4108,6515.4446,,62.67700000000001,59.718,52.92575,47.41125,38.0635,43.5114617,47.2102722,48.420792,52.2541047,,51.1780870999999,,44.4529770999999,41.695682,,36.988105,45.058237,42.368193,14_88
-3,NASS USDA,Stark,,22,14,89,-1,,,,,1311.04,,,,,1186.5958,,,,,,,,2204.4555,1714.5765,,,,,222.57675,,,,,190.20242,,,,,,,,404.686,404.686,,,,,58.911,,,,,62.4090207999999,,,,,,,,54.473391,42.368193,14_89
-3,NASS USDA,Stephenson,,22,14,90,-1,,7072.0,10281.6,6582.4,7779.2,3946.2475,3048.136,5007.652,7838.064,6313.996,8083.0035,5007.652,10096.9505,6477.289,6776.6595,4544.9885,7511.478,8981.115,8382.374,,991.47825,1464.9597,1080.50895,1396.16325,748.6691,526.0918,1011.715,1214.058,1011.715,1598.5097,1011.715,1902.0242,1137.16766,1294.9952,890.3092,1618.744,2023.43,1618.744,,71.35225,70.209,60.9285,55.75025000000001,52.724,57.9704482,49.4968095999999,64.561056,62.4090207999999,50.5728272,49.4968095999999,53.0611179,56.9616817,52.3213558,51.0435849,46.403259,44.385726,51.783347,14_90
-3,NASS USDA,Tazewell,,22,14,91,-1,,,14633.6,8241.6,6990.4,3565.2305,4218.4025,6150.703,4381.6955,4653.8505,4191.187,3293.0755,,,6885.5215,2966.4895,7076.03,,9906.442,,,2007.2376,1355.69475,1258.57035,692.01306,934.82466,1210.01114,809.372,890.3092,849.8406,829.6063,,,1456.8696,667.7319,1618.744,,2266.2416,,,72.96625,60.794,55.5485,51.51349999999999,45.1254880999999,50.8418315999999,54.1371355,52.2541047,49.2950563,39.678149,,,47.2775233,44.4529770999999,43.713215,,43.713215,14_91
-3,NASS USDA,Union,,22,14,92,-1,,,,,3427.2,3401.9375,3755.739,2648.06815,5007.652,,3619.6615,3265.86,4953.221,,,,,4615.7488,,,,,,772.94835,756.76282,809.372,663.68504,971.2464,,930.7778,890.3092,1469.01018,,,,,1294.9952,,,,,,44.385000000000005,44.923,46.403259,39.8799023,51.5815937,,38.8711358,36.6518495,33.6928011,,,,,35.643083,,14_92
-3,NASS USDA,Vermilion,,22,14,93,-1,,,,,11560.0,5007.652,,,4055.1095,,6477.289,6395.6425,9470.994,5633.6085,5769.686,3429.153,8001.357,,6744.0009,,,,,1885.8321,1064.32418,,,890.3092,,1112.8865,1254.5266,2165.0701,1007.66814,1294.9952,687.9662,1699.6812,,1699.6812,,,,,61.33200000000001,47.075,,,45.5289947,,58.1722015,50.9763338,43.713215,55.8856640999999,44.5874793,49.8330650999999,47.07577,,39.678149,14_93
-3,NASS USDA,Wabash,,22,14,94,-1,7996.799999999999,,14116.8,9193.6,7888.0,7647.5555,,4408.911,6858.306,5987.41,5524.7465,11784.3115,17853.368,9906.442,12029.251,,19039.9638,,16876.33155,1448.7723,,2335.03245,1744.19235,1691.5833,1606.60342,,1222.15172,1092.6522,1133.1208,1517.5725,2873.2706,3642.174,2549.5218,2994.6764,,5341.8552,,4734.82619999999,55.21225,,60.45775,52.72400000000001,46.6715,47.613,,36.0465896,62.7452762999999,52.8593645999999,36.3828451,41.023171,49.0260519,38.8711358,40.1489067,,35.643083,,35.643083,14_94
-3,NASS USDA,Warren,,22,14,95,-1,,816.0,777.92,,340.0,,,,,,166.01455,,1687.361,,,,,,1959.516,,149.73345,137.5929,,76.89015,,,,,,48.56232,,441.10774,,,,,,404.686,,54.53975,56.55725,,44.2505,,,,,,34.1635588,,38.2658759,,,,,,48.420792,14_95
-3,NASS USDA,Washington,,22,14,96,-1,152918.4,178948.8,174243.19999999998,124929.6,129281.6,105351.2005,100153.04,111338.6105,106385.3895,81211.052,96070.715,122769.1205,124102.68,110930.378,108943.6465,33828.8665,91835.9832,129240.9664,82190.81,26628.273,27437.643,27720.9225,21933.927,23147.982,23309.9136,21448.358,23431.3194,19424.928,16187.44,20881.7975999999,25738.0295999999,23957.4112,23148.0392,25171.4692,8903.092,23957.4112,30027.7012,24443.0344,57.43150000000001,65.2325,62.87875,56.96075,55.88475,45.192,46.6722634,47.5465277,54.7423954,50.1693205999999,45.9997524,47.6810299,51.783347,47.9500343,43.3097084,37.9968715,38.333127,43.040704,33.62555,14_96
-3,NASS USDA,Wayne,,22,14,97,-1,57500.8,45124.8,62913.6,36774.4,41724.8,22616.0805,,,,,19894.5305,48253.0815,43463.1535,20329.9785,41231.4825,,32114.29,67222.285,28870.2024,9388.692,9469.629,11816.802,7486.672500000001,7810.4205,5787.0098,,,,,4653.889,11007.4592,9833.8698,4977.63779999999,11533.551,,9550.5896,15378.068,8255.5944,61.26475,47.68025000000001,53.26200000000001,49.15975,53.463750000000005,39.07225,,,,,42.7716996,43.8477172,44.1839727,40.8214177,35.7775852,,33.62555,43.713215,34.970572,14_97
-3,NASS USDA,White,,22,14,98,-1,,,,13980.8,10744.0,11893.1735,,20983.1505,16928.041,20955.935,22316.71,32522.5225,44442.9115,24820.536,32658.6,11240.0015,36305.477,61430.8266,21554.676,,,,2513.09385,2322.8919,2727.58364,,5665.604,3399.3624,4087.3286,4613.4204,8215.1258,8619.8118,5503.7296,7891.37699999999,2428.116,9307.778,13840.2611999999,7122.4736,,,,55.683,46.268,43.578,,37.0553561,49.765814,51.2453382,48.3535409,39.6108979,51.5815937,45.1254880999999,41.3594265,46.2687568,39.005638,44.385726,30.262995,14_98
-3,NASS USDA,Whiteside,,22,14,99,-1,,,4896.0,,,,,1638.3731,,,5443.1,,6041.841,,5334.238,,3962.5768,7054.2576,8074.83885,,,902.44755,,,,,465.3889,,,1234.2923,,1388.07298,,1294.9952,,1052.1836,1456.8696,1740.1498,,,54.27075000000001,,,,,35.1723253,,,44.1167215999999,,43.5114617,,41.2249243,,37.660616,48.420792,46.403259,14_99
-3,NASS USDA,Will,,22,14,100,-1,,7507.2,,5984.0,,5932.979,,7865.2795,4490.5575,,,13607.75,,,,7021.599,16593.29035,23661.1557,6801.15345,,1254.5235,,1137.16485,,1274.7609,,1533.75994,971.2464,,,2751.8648,,,,1416.401,3682.6426,5099.0436,2063.8986,,59.852500000000006,,52.65675,,46.537,,51.3125893,46.2687568,,,49.4295585,,,,49.5640607,45.058237,46.403259,32.953039,14_100
-3,NASS USDA,Williamson,,22,14,101,-1,,,,,,,,,,,,2422.1795,,3565.2305,2721.55,405.51095,,,1347.16725,,,,,,,,,,,,768.9034,,890.3092,566.5604,121.4058,,,445.1546,,,,,,,,,,,,31.4735147999999,,40.0144045,48.0172854,33.4237967,,,30.262995,14_101
-3,NASS USDA,Winnebago,,22,14,102,-1,,8486.4,5739.2,7044.799999999999,6881.599999999999,5034.8675,4109.5405,3646.877,3837.3855,4844.359,6177.9185,5388.669,10287.459,,8953.8995,5470.3155,10581.3864,12192.544,12573.561,,1246.4298,938.8692,1290.94515,1363.78845,991.4807,797.23142,849.8406,728.4348,971.2464,1294.9952,1173.5894,2185.3044,,1780.6184,1072.4179,2185.3044,2589.9904,2670.9276,,68.12425,61.13025,54.607,50.50475,50.77375,51.5143425999999,42.9062018,52.6576113,49.9003162,47.6810299,45.9325013,47.07577,,50.3038228,50.9763338,48.420792,47.07577,47.07577,14_102
-3,NASS USDA,Woodford,,22,14,103,-1,10417.6,11886.4,,,8350.4,,3347.5065,,,4762.7125,3538.015,1831.60315,4490.5575,3510.7995,4300.049,1728.18425,4419.7972,,4759.99095,1663.25535,2140.7836500000003,,,1582.31835,,785.09084,,,849.8406,849.8406,485.6232,1092.6522,764.85654,930.7778,485.6232,1133.1208,,1335.4638,62.67700000000001,55.5485,,,52.791250000000005,,42.6371974,,,56.0201662999999,41.6284309,37.7278671,41.0904221,45.9325013,46.2015057,35.5758319,39.005638,,35.643083,14_103
-2,NASS USDA,Indiana,,22,15,-1,-1,580992.0,580992.0,838304.0,528768.0,624240.0,476271.25,438713.86,502398.13,483347.28,617247.54,481170.04,692906.63,864228.2025,519679.9725,683381.205,383738.55,820547.325,1070385.615,563905.16,97124.4,97124.4,135569.475,97124.4,109264.95,101171.5,105218.36,105218.36,97124.64,113312.08,105218.36,135569.81,176038.41,115335.51,163897.83,95101.2099999999,182108.699999999,230671.02,149733.82,59.852500000000006,59.852500000000006,61.870000000000005,54.4725,57.16250000000001,47.075,41.695682,47.748281,49.765814,54.473391,45.730748,51.110836,49.093303,45.058237,41.695682,40.35066,45.058237,46.403259,37.660616,15_-1
-3,NASS USDA,Adams,,22,15,1,-1,11968.0,,17734.399999999998,8486.4,14524.8,10396.321,7565.909,13090.6555,11675.4495,17798.937,5987.41,17390.7045,14152.06,15240.68,15676.128,12682.423,26499.73235,28328.61395,19298.51105,1958.6754,,2424.06315,1699.677,2468.5785,2185.3044,2428.116,2428.116,2347.1788,3075.6136,1699.6812,3176.7851,3213.20684,3035.145,4046.86,3415.54984,5139.5122,5948.88419999999,4815.7634,61.13025,,73.168,49.96675,58.84375,47.54575,31.1372592999999,53.9353822,49.765814,57.9031970999999,35.2395764,54.7423954,44.0494705,50.2365717,38.7366336,37.1226072,51.4470915,47.748281,40.0816556,15_1
-3,NASS USDA,Allen,,22,15,2,-1,27907.2,,34435.2,19230.4,29022.4,18833.126,16737.5325,24983.829,23704.7005,23813.5625,8627.3135,33148.479,29066.154,25228.7685,33338.9875,19649.591,38885.5064,41174.32995,24376.92335,4168.2555,,5179.968,3399.3540000000003,4330.1295,3480.2996,4451.546,4572.9518,4370.6088,3884.9856,2185.3044,5341.8552,5827.4784,5139.5122,7162.94219999999,4937.1692,8215.1258,8943.56059999999,6110.7586,66.981,,66.51025000000001,56.624500000000005,67.04825000000001,54.13625,37.5933649,54.6078932,54.2043865999999,61.2657520999999,39.4763957,62.0727652999999,49.9003162,49.093303,46.5377612,39.8126512,47.4120255,46.0670035,39.8799023,15_2
-3,NASS USDA,Bartholomew,,22,15,3,-1,,,18224.0,12648.0,17081.6,13117.871,15975.4985,9715.9335,13335.595,17907.799,20983.1505,19676.8065,26562.328,9416.563,9171.6235,5470.3155,12842.99445,14946.7526,7059.7007,,,2759.9517,2063.8935,3002.7627,2711.3962,3156.5508,1982.9614,2610.22469999999,3176.7851,3541.0025,3371.03438,4046.86,1723.96236,2371.45996,1278.80776,2942.06722,3561.2368,1821.087,,,66.0395,61.33200000000001,56.8935,48.35275,50.6400783,49.0260519,51.110836,56.3564217999999,59.2482190999999,58.3739547999999,65.6370736,54.6078932,38.6693825,42.7716996,43.713215,42.0319375,38.7366336,15_3
-3,NASS USDA,Benton,,22,15,4,-1,,,,,5113.599999999999,4272.8335,,,,,,,,,,,3687.70025,2988.2619,,,,,,821.5105500000001,728.4348,,,,,,,,,,,647.4976,607.029,,,,,,62.273500000000006,58.642,,,,,,,,,,,56.8271795,49.093303,,15_4
-3,NASS USDA,Blackford,,22,15,5,-1,3046.4,,,,,2966.4895,1837.04625,4163.9715,3919.032,5851.3325,3048.136,5007.652,2125.53055,3102.567,,1896.92035,4085.04655,6313.996,,485.622,,,,,566.5604,607.029,849.8406,870.0749,1068.37104,760.80968,809.372,473.48262,534.18552,,445.1546,768.9034,1173.5894,,62.74425,,,,,52.38775,30.262995,49.0260519,45.058237,54.7423954,40.0816556,61.871012,44.9237348,58.1049504,,42.6371974,53.128369,53.80088,,15_5
-3,NASS USDA,Boone,,22,15,6,-1,,,7480.0,,9329.6,,,,7810.8485,7239.323,5769.686,,6504.5045,4681.066,6613.3665,4354.48,,17181.14515,5459.4293,,,1266.66405,,1460.9128500000002,,,,1404.26042,1133.1208,1092.6522,,1214.058,971.2464,1404.26042,1007.66814,,3399.3624,1375.9324,,,59.112750000000005,,63.88750000000001,,,,55.6166597,63.888545,52.7921135,,53.5991267,48.2190387,47.07577,43.2424573,,50.438325,39.678149,15_6
-3,NASS USDA,Brown,,22,15,7,-1,,,,,,,,,,,,,,,,,,,,,,,,,,,,,,,,,,,,,,,,,,,,,,,,,,,,,,,,,,15_7
-3,NASS USDA,Carroll,,22,15,8,-1,,,12620.8,,,,7729.202,9062.7615,3755.739,,8083.0035,,,,,7457.047,10028.91175,12674.25835,9457.38625,,,1812.9888,,,,1659.2126,1537.8068,704.15364,,1537.8068,,,,,1659.2126,1780.6184,2428.116,2306.7102,,,69.671,,,,46.6050123,58.9119635999999,53.3301222999999,,52.5903602,,,,,44.9237348,56.490924,52.1196025,41.023171,15_8
-3,NASS USDA,Cass,,22,15,9,-1,,,,5766.4,,4544.9885,5415.8845,,4109.5405,5443.1,4517.773,,,5198.1605,7348.185,5116.514,,9313.1441,4506.8868,,,,,,849.8406,1133.1208,,744.62224,1011.715,1092.6522,,,1120.98022,1679.4469,1157.40196,,1699.6812,1294.9952,,,,,,53.46375,47.8155320999999,,55.2131530999999,53.80088,41.3594265,,,46.403259,43.7804660999999,44.1839727,,54.8096465,34.8360698,15_9
-3,NASS USDA,Clark,,22,15,10,-1,4161.599999999999,,9220.8,2556.8,,,3510.7995,4844.359,5851.3325,,,9226.0545,9988.0885,5143.7295,7130.461,3156.998,6251.40035,12170.7716,4479.6713,890.307,,1545.8967,1027.8999,,,849.8406,1133.1208,1355.6981,,,1991.05512,2246.00729999999,1404.26042,2237.91358,890.3092,1630.88458,2792.3334,1335.4638,46.73875000000001,,59.65075,56.15375,,,41.2921754,42.7716996,43.1752062,,,46.3360079,44.4529770999999,36.6518495,31.8770213999999,35.4413297,38.333127,43.713215,33.5582989,15_10
-3,NASS USDA,Clay,,22,15,11,-1,2045.44,,2475.2,,2075.36,,,,1126.7217,2223.50635,805.5788,,5252.5915,1769.0075,1880.59105,1456.02925,3548.9012,3818.33465,1309.06555,335.88855,,433.0129500000001,473.48145,477.5283,,,,283.2802,526.0918,222.5773,,1456.8696,420.87344,671.77876,392.54542,999.57442,971.2464,445.1546,60.9285,,57.16250000000001,54.00175,43.51075000000001,,,,39.7454001,42.2336908,36.1810918,,36.0465896,42.0319375,27.9764576,37.1226072,35.643083,39.3418935,29.3887307,15_11
-3,NASS USDA,Clinton,,22,15,12,-1,3236.8,,,,4270.4,,1877.8695,,,,,4953.221,5225.376,3456.3685,4626.635,4027.894,5753.3567,8259.90425,5361.4535,509.9031,,,,611.07435,,647.4976,,,,,833.65316,1015.76186,696.05992,1003.62128,902.44978,1076.46476,1537.8068,1375.9324,63.48400000000001,,,,69.94000000000001,,28.9852241,,,,,59.3827212999999,51.4470915,49.6313118,46.0670035,44.6547304,53.4646245,53.80088,38.9383869,15_12
-3,NASS USDA,Crawford,,22,15,13,-1,,,,,,,,,,,,,,,,,,,,,,,,,,,,,,,,,,,,,,,,,,,,,,,,,,,,,,,,,,15_13
-3,NASS USDA,Daviess,,22,15,14,-1,,,5358.4,2472.48,3019.2,808.30035,2422.1795,,1657.42395,2177.24,2569.1432,6939.9525,18152.7385,6395.6425,12927.3625,5960.1945,13406.3553,24376.92335,7092.3593,,,1125.0243,473.48145,513.9499500000001,202.343,687.9662,,441.10774,461.34204,566.5604,1804.89956,3520.7682,1982.9614,3180.83196,1549.94738,3500.5339,5503.7296,1699.6812,,,47.68025000000001,52.25325000000001,58.77650000000001,39.9465,35.2395764,,37.5933649,47.2102722,45.3272414,38.4676292,51.5815937,32.280528,40.6196644,38.4676292,38.333127,44.385726,41.695682,15_14
-3,NASS USDA,De Kalb,,22,15,15,-1,16972.8,,,8241.6,25676.8,16492.593,17172.9805,16547.024,18125.523,26453.466,,25119.9065,,16982.472,25283.1995,8981.115,22501.7754,24885.8532,13711.1689,2577.8434500000003,,,1602.5526,4249.1925,3682.6426,3965.9228,3804.0484,3480.2996,4208.7344,,4289.6716,,3723.1112,5179.9808,2278.38218,4532.4832,5220.44939999999,3682.6426,65.905,,,51.446250000000006,60.45775,44.78849999999999,43.3097084,43.5114617,52.0523514,62.8797785,,58.5757080999999,,45.5962458,48.8242985999999,39.4091446,49.765814,47.748281,37.2571094,15_15
-3,NASS USDA,Dearborn,,22,15,16,-1,1090.72,,1909.44,1689.12,1104.32,,843.6805,544.31,,,,,,,895.38995,,,1107.67085,,222.57675,,384.45075,343.98225,242.811,,202.343,121.4058,,,,,,,392.54542,,,404.686,,49.02525000000001,,49.69775,49.15975,45.52825,,41.695682,44.8564837,,,,,,,22.7981229,,,27.2366955,,15_16
-3,NASS USDA,Decatur,,22,15,17,-1,7942.4,,20835.2,13219.2,12974.4,10205.8125,9715.9335,8055.788,6232.3495,10559.614,9579.856,9144.408,13090.6555,8273.512,7756.4175,5307.0225,12056.4665,14367.06245,5780.5722,1473.0534,,2857.0761,2250.0486,2310.75135,1942.4928,1942.4928,1659.2126,1404.26042,1966.77396,1942.4928,1841.3213,2468.5846,1752.29038,2144.8358,1379.97926,2646.64644,3075.6136,1537.8068,53.93450000000001,,72.96625,58.77650000000001,56.15375,52.52224999999999,50.0348184,48.5552942,44.385726,53.6663777999999,49.2950563,49.6313118,53.0611179,47.2102722,36.1810918,38.4676292,45.3944925,46.7395145,37.5933649,15_17
-3,NASS USDA,Delaware,,22,15,18,-1,6174.4,,7888.0,4542.4,6337.599999999999,2884.843,,3075.3515,3347.5065,,,3320.291,4027.894,3129.7825,3946.2475,3374.722,,,3535.29345,1100.7432,,1157.3991,829.60425,1092.6495,607.029,,687.9662,930.7778,,,651.54446,813.41886,675.82562,857.93432,704.15364,,,1011.715,56.15375,,68.1915,54.80875,58.03675,47.54575,,44.7219815,35.9793385,,,50.9763338,49.4968095999999,46.3360079,45.9997524,47.9500343,,,34.970572,15_18
-3,NASS USDA,Dubois,,22,15,19,-1,2325.6,,8622.4,,5984.0,8164.65,9852.011,6123.4875,7076.03,6776.6595,4789.928,8681.7445,20955.935,7974.1415,11566.5875,3701.308,10067.01345,19494.46265,4841.63745,384.45075,,1331.41365,,1068.3684,1942.4928,2144.8358,1428.54158,1416.401,1375.9324,1214.058,2144.8358,4370.6088,1982.9614,2974.44209999999,1011.715,2670.9276,4127.7972,1861.5556,60.525000000000006,,64.82900000000001,,56.01925000000001,42.03125,45.9325013,42.8389507,49.9675673,49.2278052,39.4763957,40.4851622,47.9500343,40.2161578,38.8711358,36.5845984,37.660616,47.07577,26.0261757,15_19
-3,NASS USDA,Elkhart,,22,15,20,-1,4406.4,,4732.8,3155.2,3780.8,1790.7799,,2993.705,1877.8695,3619.6615,3919.032,4762.7125,4681.066,3048.136,4082.325,2748.7655,5045.7537,4945.05635,3225.03675,857.9322000000001,,914.5881,550.3716000000001,655.5897,364.2174,,687.9662,392.54542,728.4348,930.7778,833.65316,874.12176,833.65316,959.10582,679.87248,1125.02708,1133.1208,890.3092,51.37900000000001,,51.7825,57.364250000000006,57.700500000000005,49.15975,,43.5114617,47.8155320999999,49.6985629,42.0991886,57.163435,53.5318755999999,36.5845984,42.5699463,40.4179111,44.7219815,43.713215,36.2483429,15_20
-3,NASS USDA,Fayette,,22,15,21,-1,,,5385.599999999999,3889.6,3345.6,3782.9545,2803.1965,2354.14075,2544.64925,4844.359,4599.4195,4055.1095,,3075.3515,,2136.41675,3739.4097,4626.635,,,,825.5574,700.10505,607.0275,768.9034,647.4976,526.0918,473.48262,841.74688,849.8406,768.9034,,615.12272,,578.70098,764.85654,930.7778,,,,65.29975,55.615750000000006,55.145,49.227,43.3097084,44.7219815,53.7336289,57.5669415999999,54.1371355,52.7248624,,49.9675673,,36.9208539,48.7570475,49.765814,,15_21
-3,NASS USDA,Floyd,,22,15,22,-1,,,,,,,,,,87.0896,,,,,,,,,,,,,,,,,,,40.4686,,,,,,,,,,,,,,,,,,,21.520352,,,,,,,,,,15_22
-3,NASS USDA,Fountain,,22,15,23,-1,,,4460.8,,,,,6205.134,4082.325,,,,,,3674.0925,1673.75325,4803.53575,8461.29895,5995.57465,,,631.3086000000001,,,,,1294.9952,849.8406,,,,,,886.26234,404.686,1076.46476,1861.5556,1618.744,,,70.67975,,,,,47.9500343,48.0172854,,,,,,41.4266776,41.3594265,44.7219815,45.3944925,37.0553561,15_23
-3,NASS USDA,Franklin,,22,15,24,-1,3808.0,,10118.4,4542.4,5304.0,4572.204,3565.2305,3619.6615,3538.015,3728.5235,2656.2328,3293.0755,,2748.7655,2694.3345,2566.42165,4694.67375,5728.86275,3252.25225,797.22945,,1432.5849,861.97905,1173.5865,1133.1208,890.3092,809.372,789.1377,829.6063,708.2005,760.80968,,712.24736,910.5435,740.57538,1141.21452,1294.9952,930.7778,47.81475,,70.67975,52.72400000000001,45.19200000000001,40.35,40.0144045,44.7219815,44.8564837,44.9237348,37.5261138,43.3097084,,38.6021314,29.590484,34.6343165,41.023171,44.385726,34.970572,15_24
-3,NASS USDA,Fulton,,22,15,25,-1,3128.0,,,,3644.8,2389.5209,2803.1965,2912.0585,2707.94225,3919.032,1741.792,3510.7995,4572.204,1534.9542,,3619.6615,,5600.9499,4438.84805,497.76255,,,,647.496,526.0918,687.9662,607.029,647.4976,768.9034,485.6232,716.29422,894.35606,416.82658,,902.44978,,1294.9952,1294.9952,62.87875,,,,56.355500000000006,45.39375,40.7541666,47.9500343,41.8301842,50.9763338,35.8448363,49.0260519,51.110836,36.8536028,,40.0816556,,43.3769595,34.298061,15_25
-3,NASS USDA,Gibson,,22,15,26,-1,25486.4,,52142.4,,,26262.9575,24221.795,32713.031,35298.5035,37285.235,31107.3165,43354.2915,63684.27,43027.7055,44551.7735,20030.608,48620.49075,65910.4979,31855.74275,4249.1925,,8174.637000000001,,659.63655,5341.8552,5341.8552,6677.31899999999,6555.9132,6394.0388,6474.976,9024.4978,12100.1114,8700.749,10319.493,4734.82619999999,11574.0196,13233.2322,8012.7828,59.987,,63.82025,,,49.15975,45.3272414,48.9588008,53.8681310999999,58.3067037,48.0172854,48.0172854,52.6576113,49.4295585,43.1752062,42.3009419,42.0319375,49.765814,39.7454001,15_26
-3,NASS USDA,Grant,,22,15,27,-1,4270.4,,7344.0,,3753.6,3810.17,,3156.998,4136.756,6232.3495,3510.7995,6341.2115,5089.2985,4789.928,6286.7805,4653.8505,13087.93395,14133.00915,3320.291,736.5267,,1052.181,,194.2488,768.9034,,607.029,870.0749,1072.4179,870.0749,1112.8865,1019.80872,971.2464,1537.8068,1125.02708,2537.38121999999,2751.8648,849.8406,58.03675,,69.8055,,56.96075,49.56325,,51.9851003,47.5465277,58.1049504,40.35066,56.9616817,49.9003162,49.2950563,40.8886688,41.3594265,51.4470915,51.4470915,39.0728891,15_27
-3,NASS USDA,Greene,,22,15,28,-1,,,,,1079.84,,952.5425,,,1804.38765,1129.44325,1736.3489,,,,,4653.8505,5579.1775,,,,,,,,202.343,,,380.40484,263.0459,441.10774,,,,,1440.68216,1537.8068,,,,,,55.615750000000006,,47.07577,,,47.4120255,42.9062018,39.3418935,,,,,32.280528,36.315594,,15_28
-3,NASS USDA,Hamilton,,22,15,29,-1,3481.6,,4188.8,3400.0,,2912.0585,,2830.412,2533.76305,3293.0755,3674.0925,3701.308,4027.894,,5089.2985,3973.463,6188.8047,6074.4996,3012.75585,473.48145,,667.7302500000001,582.7464,,647.4976,,647.4976,517.99808,728.4348,708.2005,724.38794,906.49664,,1129.07394,930.7778,1254.5266,1214.058,849.8406,73.57150000000001,,62.74425,58.373,,44.99025,,43.713215,48.8915497,45.1927392,51.8505980999999,51.110836,44.4529770999999,,45.058237,42.7044485,49.4295585,50.1020695,35.4413297,15_29
-3,NASS USDA,Hancock,,22,15,30,-1,7534.4,,11260.8,6256.0,7969.599999999999,7484.2625,5388.669,8300.7275,6014.6255,6014.6255,3401.9375,4844.359,5198.1605,4000.6785,5198.1605,4191.187,9677.8318,8891.30385,6792.9888,1294.992,,1719.91125,1201.91445,1436.63175,1537.8068,1214.058,1659.2126,1173.5894,1052.1836,687.9662,849.8406,1080.51162,809.372,1250.47974,1007.66814,1942.4928,1942.4928,1537.8068,58.2385,,65.50150000000001,52.0515,55.48125,48.689,44.385726,50.0348184,51.2453382,57.163435,49.4295585,57.0289327999999,48.0845365,49.4295585,41.5611798,41.5611798,49.765814,45.730748,44.1839727,15_30
-3,NASS USDA,Harrison,,22,15,31,-1,3182.4,,6881.599999999999,,2442.56,1227.41905,2367.7485,1578.499,2884.843,2678.0052,3728.5235,3837.3855,,4572.204,,5089.2985,5383.2259,7960.53375,2846.7413,675.8239500000001,,1125.0243,,485.622,485.6232,728.4348,445.1546,639.40388,586.7947,849.8406,971.2464,,1226.19858,,1266.66718,1294.9952,1821.087,849.8406,47.14225,,61.197500000000005,,50.303,25.286,32.4822813,35.4413297,45.1254880999999,45.6634969,43.8477172,39.5436468,,37.2571094,,40.1489067,41.695682,43.713215,33.4910478,15_31
-3,NASS USDA,Hendricks,,22,15,32,-1,3726.4,,,,,,,,1926.8574,,4218.4025,6341.2115,7783.633,2748.7655,,4082.325,7209.38595,6882.79995,5919.37125,550.3716000000001,,,,,,,,392.54542,,801.27828,1153.3551,1760.3841,526.0918,,930.7778,1392.11984,1740.1498,1294.9952,67.72075000000001,,,,,,,,49.093303,,52.6576113,55.0113997999999,44.1839727,52.2541047,,43.8477172,51.783347,39.678149,45.730748,15_32
-3,NASS USDA,Henry,,22,15,33,-1,7208.0,,18468.8,6691.2,6256.0,,5851.3325,4871.5745,5606.393,9035.546,6695.013,,8899.4685,5851.3325,7212.1075,5579.1775,12138.113,12298.68445,7149.51185,1068.3684,,2468.5785,1282.85145,1011.7125,,1294.9952,1052.1836,1230.24544,1578.2754,1355.6981,,1602.55656,1290.94834,1545.90052,1214.058,2278.38218,2347.1788,1659.2126,67.519,,74.84925000000001,52.18600000000001,61.870000000000005,,45.1927392,46.2687568,45.5962458,57.2306860999999,49.3623074,,55.5494085999999,45.3272414,46.6722634,45.9325013,53.128369,52.455858,43.1079550999999,15_33
-3,NASS USDA,Howard,,22,15,34,-1,,,6691.2,4406.4,5059.2,,,3973.463,,3674.0925,3646.877,5415.8845,4000.6785,,4055.1095,3293.0755,6044.56255,5952.02985,4525.93765,,,894.3538500000001,776.9952000000001,801.2763,,,687.9662,,687.9662,789.1377,910.5435,801.27828,,959.10582,809.372,1129.07394,1214.058,1214.058,,,74.84925000000001,56.759,63.14775000000001,,,57.7686949,,53.3973734,46.2015057,59.4499724,49.9003162,,42.3009419,40.6869155,53.4646245,49.093303,37.2571094,15_34
-3,NASS USDA,Huntington,,22,15,35,-1,,,20345.6,,15014.4,10668.476,,10477.9675,,,4109.5405,12791.285,9362.132,9253.27,11838.7425,8083.0035,15869.35805,20368.0802,9813.9093,,,3439.8225,,2452.3911000000003,1821.087,,1942.4928,,,1031.9493,2266.2416,2023.43,1849.41502,3014.9107,2096.27348,3091.80104,3925.4542,2711.3962,,,59.18,,61.26475,58.57475,,53.9353822,,,39.8126512,56.4236729,46.2687568,50.0348184,39.2746424,38.5348803,51.4470915,51.783347,36.1810918,15_35
-3,NASS USDA,Jackson,,22,15,36,-1,,,,7616.0,,8572.8825,8409.5895,,6341.2115,,8681.7445,10341.89,16247.6535,6286.7805,9797.58,3701.308,9321.30875,15420.3023,5772.40755,,,,1384.0227,,1861.5556,1780.6184,,1578.2754,,1711.82178,2189.35126,3035.145,1481.15076,2630.459,946.96524,2432.16286,3439.831,1740.1498,,,,55.07775000000001,,46.06625,47.2102722,,40.1489067,,50.7073294,47.2102722,53.5318755999999,42.4354441,37.2571094,39.0728891,38.333127,44.7219815,33.1547923,15_36
-3,NASS USDA,Jasper,,22,15,37,-1,,,,,,,,,,,,,,,4817.1435,,,,,,,,,,,,,,,,,,,979.34012,,,,,,,,,,,,,,,,,,,49.1605540999999,,,,,15_37
-3,NASS USDA,Jay,,22,15,38,-1,16320.0,,21705.6,10417.6,,15431.1885,7729.202,17744.506,12519.13,21609.107,16111.576,20847.073,10913.4155,19649.591,16356.5155,16955.2565,24591.9258,32438.15445,14484.0891,2557.6092000000003,,3140.3556000000003,2035.56555,,2913.7392,2509.0532,3480.2996,2780.19281999999,3419.5967,3439.831,3520.7682,2844.94258,3905.2199,4492.01459999999,4168.2658,5179.9808,6555.9132,4087.3286,63.82025,,69.13300000000001,51.17725,43.84700000000001,52.993,30.8010037999999,50.9763338,45.058237,63.216034,46.8067655999999,59.180968,38.333127,50.3038228,36.3828451,40.6869155,47.4120255,49.4295585,35.4413297,15_38
-3,NASS USDA,Jefferson,,22,15,39,-1,,,3699.2,4950.4,2464.32,,1687.361,,,,,,,,3211.429,666.77975,,5336.95955,1235.5837,,,732.47985,1044.0873,562.51215,,404.686,,,,,,,,894.35606,234.71788,,1375.9324,445.1546,,,50.50475,47.41125,48.958000000000006,,41.695682,,,,,,,,35.9120874,28.3799642,,38.6693825,27.7747042999999,15_39
-3,NASS USDA,Jennings,,22,15,40,-1,7534.4,,11532.8,7969.599999999999,6337.599999999999,6477.289,,,3674.0925,7212.1075,7674.771,4027.894,,2392.24245,628.67805,854.5667,2454.8381,4681.066,481.71435,1440.6786,,2217.6738,1481.1471,1294.992,2023.43,,,849.8406,1578.2754,1294.9952,789.1377,,501.81064,226.62416,218.53044,720.34108,1173.5894,161.8744,52.3205,,52.0515,53.86725,,32.011,,,43.2424573,45.6634969,59.2482190999999,51.0435849,,47.6810299,27.7747042999999,39.0728891,33.9618055,40.0144045,29.7922372999999,15_40
-3,NASS USDA,Johnson,,22,15,41,-1,10444.8,,10200.0,,,7484.2625,6177.9185,2857.6275,5878.548,7320.9695,,5824.117,,5443.1,4381.6955,1880.59105,5810.50925,9547.1974,4101.37585,1618.74,,1440.6786,,,1335.4638,1335.4638,607.029,1052.1836,1173.5894,,1092.6522,,1133.1208,1161.44882,437.06088,1242.38602,2023.43,1133.1208,64.56,,70.81425,,,56.01925,46.2687568,47.07577,55.8856640999999,62.4090207999999,,53.3301222999999,,48.0172854,37.7278671,43.040704,46.7395145,47.07577,36.1810918,15_41
-3,NASS USDA,Knox,,22,15,42,-1,29620.8,,,30164.8,27934.4,17989.4455,18370.4625,18914.7725,12791.285,,16819.179,20874.2885,31406.687,9933.6575,29447.171,10586.8295,30543.95565,55642.08975,34593.62205,4451.535,,,4977.6255,4694.3460000000005,3925.4542,4330.1402,4451.546,2784.23968,,4411.0774,4896.7006,7122.4736,3354.84694,7689.034,2962.30152,7891.37699999999,12626.2032,8862.6234,66.5775,,,60.65950000000001,59.51625,45.79725,42.4354441,42.5026952,45.9325013,,38.1313737,42.6371974,44.1167215999999,29.590484,38.2658759,35.7103341,38.6693825,44.0494705,39.005638,15_42
-3,NASS USDA,Kosciusko,,22,15,43,-1,5657.599999999999,,9819.2,7969.599999999999,7371.2,6096.272,6858.306,9089.977,5878.548,9525.425,6286.7805,8355.1585,8355.1585,,,3075.3515,5701.64725,10203.09095,7212.1075,902.44755,,1618.74,1343.5542,1258.57035,1214.058,1456.8696,1821.087,1214.058,1740.1498,1497.3382,1634.93144,1740.1498,,,712.24736,1189.77684,2266.2416,1942.4928,62.74425,,60.72675,59.38175,58.57475,50.23575,47.07577,49.9003162,48.420792,54.7423954,41.9646864,51.110836,48.0172854,,,43.1752062,48.0845365,45.058237,37.1226072,15_43
-3,NASS USDA,LaGrange,,22,15,44,-1,,,4950.4,,4080.0,1943.1867,,2422.1795,,3510.7995,2286.102,2939.274,3510.7995,,6041.841,3891.8165,5843.16785,5726.1412,3875.4872,,,841.7448,,675.8239500000001,404.686,,566.5604,,607.029,505.8575,627.2633,930.7778,,1396.1667,942.91838,1286.90148,1254.5266,1011.715,,,58.84375,,60.3905,48.0165,,42.7716996,,57.835946,45.1927392,46.8740167,37.7278671,,43.2424573,41.2921754,45.3944925,45.730748,38.333127,15_44
-3,NASS USDA,Lake,,22,15,45,-1,,,2630.24,2385.44,3536.0,,2449.395,,,,1994.89615,,4163.9715,,6885.5215,2117.3659,4972.27185,8194.58705,3306.68325,,,457.29405,404.685,607.0275,,445.1546,,,,505.8575,,918.63722,,1501.38506,513.95122,1125.02708,1861.5556,768.9034,,,57.566,58.97825000000001,58.30575,,55.0113997999999,,,,39.4091446,,45.3272414,,45.8652502,41.2249243,44.0494705,44.0494705,42.9734529,15_45
-3,NASS USDA,Lake Michigan,,22,15,46,-1,,,,,,,,,,,,,,,,,,,,,,,,,,,,,,,,,,,,,,,,,,,,,,,,,,,,,,,,,,15_46
-3,NASS USDA,LaPorte,,22,15,47,-1,,,,,5929.599999999999,9661.5025,,,,,,,,,,,,,,,,,,1173.5865,1902.0242,1214.058,1821.087,1659.2126,1464.96332,2853.03629999999,2792.3334,,2225.773,4087.3286,2832.802,3751.43921999999,4492.01459999999,,,,,,50.57200000000001,50.77375,,,,,,,,,,,,,,15_47
-3,NASS USDA,Lawrence,,22,15,48,-1,,,,,,,,1415.206,1875.14795,,,1115.8355,3946.2475,,,634.12115,1483.24475,2726.9931,,,,,,,,,323.7488,364.2174,,,311.60822,740.57538,,,214.48358,445.1546,607.029,,,,,,,,,43.713215,51.5143425999999,,,35.7775852,53.2628712,,,29.590484,33.2892945,45.058237,,15_48
-3,NASS USDA,Madison,,22,15,49,-1,4324.8,,5630.4,2317.44,4460.8,2653.51125,1796.223,2966.4895,2310.59595,2090.1504,,2629.0173,2114.64435,1913.24965,2264.3296,2321.48215,5630.88695,8306.1706,4406.18945,643.44915,,805.32315,424.91925,793.1826,526.0918,647.4976,687.9662,481.57634,428.96716,,469.43576,497.76378,445.1546,554.41982,522.04494,1133.1208,1618.744,1133.1208,67.25,,69.94000000000001,54.53975,56.288250000000005,50.4375,27.7747042999999,43.1079550999999,47.9500343,48.7570475,,56.0201662999999,42.5026952,42.9734529,40.8214177,44.4529770999999,49.765814,51.4470915,38.8711358,15_49
-3,NASS USDA,Marion,,22,15,50,-1,,,,,,,,,,,,,,,,800.1357,,,,,,,,,,,,,,,,,,,202.343,,,,,,,,,,,,,,,,,,,39.5436468,,,,15_50
-3,NASS USDA,Marshall,,22,15,51,-1,,,3944.0,4188.8,4460.8,3456.3685,,3429.153,2490.21825,4599.4195,4599.4195,5742.4705,6259.565,2748.7655,7021.599,4898.79,7144.06875,7413.5022,3889.09495,,,700.10505,756.76095,776.9952000000001,728.4348,,687.9662,526.0918,890.3092,1153.3551,1108.83964,1359.74496,736.52852,1659.2126,1056.23046,1578.2754,1740.1498,1416.401,,,56.355500000000006,55.414,57.43150000000001,47.4785,,49.8330650999999,47.3447744,51.6488448,39.8799023,51.783347,46.0670035,37.3243605,42.3009419,46.403259,45.3944925,42.7044485,27.4384487999999,15_51
-3,NASS USDA,Martin,,22,15,52,-1,,,,1093.4399999999998,,,,,,,1099.5062,,,,1143.051,,,3254.9738,,,,,202.3425,,,,,,,323.7488,,,,279.23334,,,768.9034,,,,,54.06900000000001,,,,,,,33.9618055,,,,40.9559199,,,42.368193,,15_52
-3,NASS USDA,Miami,,22,15,53,-1,,,13273.6,,10036.8,7375.4005,,,7974.1415,9525.425,7076.03,12165.3285,12736.854,8763.391,10967.8465,6912.737,16410.9465,15205.29985,10023.46865,,,1999.1439,,1578.2715,1335.4638,,,1525.66622,1821.087,1659.2126,2084.1329,2533.33436,2144.8358,2415.97541999999,1578.2754,3156.5508,2994.6764,2387.6474,,,66.443,,63.6185,55.21225,,,52.2541047,52.3213558,42.6371974,58.3739547999999,50.3038228,40.8886688,45.3944925,43.7804660999999,52.1196025,50.7745805,41.9646864,15_53
-3,NASS USDA,Monroe,,22,15,54,-1,,,563.04,,,,,,,,,,,,,,,1083.1769,,,,105.2181,,,,,,,,,,,,,,,242.8116,,,,53.53099999999999,,,,,,,,,,,,,,,44.7219815,,15_54
-3,NASS USDA,Montgomery,,22,15,55,-1,7072.0,,8160.0,4624.0,5548.799999999999,3619.6615,3946.2475,4762.7125,5034.8675,7565.909,4000.6785,7293.754,6858.306,3211.429,5660.824,2656.2328,4808.97885,7242.04455,4079.60345,1011.7125,,1230.2424,776.9952000000001,1052.181,728.4348,849.8406,930.7778,890.3092,1214.058,667.7319,1173.5894,1505.43192,785.09084,1294.9952,683.91934,963.15268,1537.8068,1092.6522,69.94000000000001,,66.37575000000001,59.51625,52.791250000000005,49.697750000000006,46.403259,51.1780870999999,56.5581750999999,62.3417697,59.9207300999999,62.1400164,45.5289947,40.8886688,43.713215,38.8711358,49.765814,47.07577,37.3243605,15_55
-3,NASS USDA,Morgan,,22,15,56,-1,,,2720.0,992.8,2312.0,1358.05345,1143.051,,,647.7289,,3265.86,6695.013,,,1066.8476,,,,,,469.4346000000001,210.4362,441.10665,323.7488,242.8116,,,161.8744,,627.2633,1574.22854,,,303.5145,,,,,,57.96950000000001,47.209500000000006,52.455000000000005,41.964,47.07577,,,40.0144045,,52.0523514,42.5026952,,,35.1723253,,,,15_56
-3,NASS USDA,Newton,,22,15,57,-1,,,,4297.599999999999,,,2912.0585,,,,,,,,,,,9177.0666,,,,,809.37,,,687.9662,,,,,,,,,,,1740.1498,,,,,53.127500000000005,,,42.3009419,,,,,,,,,,,52.7921135,,15_57
-3,NASS USDA,Noble,,22,15,58,-1,7371.2,,8540.8,4025.6,10390.4,7048.8145,7484.2625,5905.7635,6368.427,5932.979,6558.9355,7783.633,8382.374,4844.359,9416.563,5796.9015,8548.38855,9713.21195,6058.1703,1282.85145,,1711.81755,789.13575,1902.0195,1416.401,1740.1498,1214.058,1234.2923,1052.1836,1537.8068,1416.401,1817.04014,1173.5894,2209.58556,1497.3382,1914.16478,2225.773,1740.1498,57.49875,,49.8995,51.042750000000005,54.67425,49.765,43.040704,48.6225453,51.5815937,56.3564217999999,42.6371974,54.9441487,46.1342545999999,41.2921754,42.6371974,38.7366336,44.7219815,43.713215,34.8360698,15_58
-3,NASS USDA,Ohio,,22,15,59,-1,,,,,,639.56425,,,860.0098,,,,,,,,,,,,,,,,202.343,,,202.343,,,,,,,,,,,,,,,,31.6075,,,42.5026952,,,,,,,,,,,15_59
-3,NASS USDA,Orange,,22,15,60,-1,,,,,,,,,,,,,7048.8145,,1790.7799,,,4485.1144,2740.60085,,,,,,,,,,,,,1222.15172,,485.6232,,,930.7778,728.4348,,,,,,,,,,,,,57.7014437999999,,36.8536028,,,48.0845365,37.5933649,15_60
-3,NASS USDA,Owen,,22,15,61,-1,,,,,,,,,,2340.533,,2476.6105,3646.877,2775.981,3129.7825,1608.43605,3777.5114,3660.48475,1192.0389,,,,,,,,,,449.20146,,716.29422,951.0121,732.48166,922.68408,473.48262,1031.9493,849.8406,323.7488,,,,,,,,,,52.1196025,,34.5670654,38.333127,37.9296204,33.8945544,33.9618055,36.6518495,43.040704,36.8536028,15_61
-3,NASS USDA,Parke,,22,15,62,-1,5521.599999999999,,,,,3646.877,,,2680.72675,2748.7655,3374.722,2449.395,,1820.71695,3184.2135,1660.1455,4719.1677,5244.42685,2740.60085,918.63495,,,,,890.3092,,,566.5604,485.6232,647.4976,485.6232,,497.76378,841.74688,485.6232,1080.51162,1335.4638,809.372,60.12150000000001,,,,,40.95525,,,47.3447744,56.6254262,52.1196025,50.438325,,36.5845984,37.8623693,34.1635588,43.713215,39.3418935,33.8945544,15_62
-3,NASS USDA,Perry,,22,15,63,-1,,,,,,566.0824,394.62475,231.33175,446.3342,,,269.43345,1809.83075,,,,,1668.31015,,,,,,,161.8744,121.4058,80.9372,105.21836,,,80.9372,505.8575,,,,,404.686,,,,,,,34.97,32.4822813,28.5817175,42.4354441,,,33.2892945,35.7775852,,,,,41.3594265,,15_63
-3,NASS USDA,Pike,,22,15,64,-1,,,7806.4,,,3891.8165,4109.5405,3211.429,,,2555.53545,,,,,,,8483.07135,,,,1052.181,,,1133.1208,1173.5894,768.9034,,,667.7319,,,,,,,1982.9614,,,,74.24400000000001,,,34.36475,35.0378231,41.7629331,,,38.2658759,,,,,,,42.7044485,,15_64
-3,NASS USDA,Porter,,22,15,65,-1,,,,2828.8,3889.6,2038.44095,2667.119,2329.6468,2857.6275,4681.066,3075.3515,2884.843,3674.0925,4163.9715,,3646.877,5688.0395,8455.85585,5516.58185,,,,538.23105,712.2456000000001,526.0918,607.029,445.1546,546.3261,752.71596,728.4348,651.54446,882.21548,898.40292,,841.74688,1210.01114,1699.6812,1254.5266,,,,52.5895,54.67425,38.736,43.9149683,52.3213558,52.3213558,62.2072675,42.2336908,44.2512238,41.6284309,46.3360079,,43.3097084,47.07577,49.765814,43.9822194,15_65
-3,NASS USDA,Posey,,22,15,66,-1,36312.0,,40011.2,37400.0,,26344.604,29474.3865,,39516.906,35652.305,37584.6055,51110.709,72610.954,43082.1365,53560.104,19186.9275,64862.70115,88809.6196,48288.46165,6272.6175,,6920.1135,6555.897,,5544.1982,6474.976,,7284.348,7122.4736,7810.4398,10521.836,13273.7008,9429.18379999999,11897.7683999999,4937.1692,15701.8168,19182.1164,12990.4206,57.90225,,57.835,57.09525000000001,,47.54575,45.5289947,,54.2716377,50.0348184,48.1517875999999,48.5552942,54.6751442999999,45.6634969,44.9909859,38.8711358,41.3594265,46.403259,37.1898583,15_66
-3,NASS USDA,Pulaski,,22,15,67,-1,,,,,,,,,,,,,,,,1866.9833,,3886.3734,3075.3515,,,,,,,,,,,,,,,,396.59228,,849.8406,809.372,,,,,,,,,,,,,,,,47.07577,,45.730748,37.9968715,15_67
-3,NASS USDA,Putnam,,22,15,68,-1,5440.0,,9547.2,,,,4789.928,,,,,4544.9885,,,2400.4071,2318.7606,6169.75385,6512.66915,,951.00975,,1699.677,,,,1294.9952,,,,934.82466,934.82466,,,797.23142,598.93528,1359.74496,1659.2126,,57.22975,,56.221,,,,36.988105,,,,,48.6225453,,,30.1284927999999,38.7366336,45.3944925,39.3418935,,15_68
-3,NASS USDA,Randolph,,22,15,69,-1,7371.2,,7697.599999999999,6745.599999999999,9166.4,5796.9015,7865.2795,8191.8655,9280.4855,10341.89,8055.788,11811.527,,,13226.733,10831.769,17232.8546,20825.3006,11125.6964,1416.3975,,1687.53645,1371.88215,1659.2085,1214.058,1942.4928,1982.9614,2003.1957,1942.4928,1841.3213,2185.3044,,,3168.69137999999,2585.94353999999,3670.50202,4289.6716,2954.2078,52.0515,,45.66275000000001,49.227,55.279500000000006,47.7475,40.4851622,41.2921754,46.3360079,53.2628712,43.7804660999999,54.0698844,,,41.7629331,41.8974353,47.07577,48.420792,37.660616,15_69
-3,NASS USDA,Ripley,,22,15,70,-1,,,9520.0,6745.599999999999,7452.799999999999,6096.272,3320.291,4109.5405,3156.998,4000.6785,3075.3515,5334.238,7021.599,,,1232.86215,5296.1363,6137.09525,2620.85265,,,1570.1778000000002,1193.82075,1456.866,1537.8068,849.8406,890.3092,809.372,983.38698,748.6691,1254.5266,1537.8068,,,453.24832,1412.35414,1537.8068,809.372,,,60.65950000000001,56.55725,51.17725,39.61025,39.0728891,46.1342545999999,39.005638,40.6869155,41.0904221,42.5026952,45.6634969,,,27.1694443999999,37.660616,40.0144045,32.4150302,15_70
-3,NASS USDA,Rush,,22,15,71,-1,,,22494.4,15612.8,17462.399999999998,11648.234,10396.321,9416.563,9253.27,8926.684,8981.115,,,6803.875,,6205.134,10649.42515,12908.31165,6814.7612,,,3043.2312,2662.8273,2816.6076000000003,2347.1788,2306.7102,1821.087,1655.16574,1578.2754,1800.8527,,,1343.55752,,1509.47878,2031.52372,2549.5218,1699.6812,,,73.97500000000001,58.642,62.00450000000001,49.6305,45.058237,51.7160959,55.8856640999999,56.5581750999999,49.9003162,,,50.6400783,,41.0904221,52.455858,50.7745805,40.0816556,15_71
-3,NASS USDA,Saint Joseph,,22,15,72,-1,,,6908.799999999999,4216.0,,4626.635,,,,,,,,,,,,,,,,1173.5865,805.32315,,1011.715,1011.715,,728.4348,,829.6063,,1359.74496,845.79374,1533.75994,999.57442,1327.37008,1902.0242,,,,58.911,52.38775,,45.73,,,,,,,,,,,,,,15_72
-3,NASS USDA,Scott,,22,15,73,-1,,,,,,,,,,,,,,,,,2291.5451,1997.6177,,,,,,,,,,,,,,,,,,598.93528,485.6232,,,,,,,,,,,,,,,,,,38.333127,41.023171,,15_73
-3,NASS USDA,Shelby,,22,15,74,-1,,,22603.2,9628.8,8785.6,7674.771,8572.8825,6858.306,9906.442,10477.9675,7756.4175,9362.132,19704.022,7375.4005,7457.047,5279.807,12883.8177,10853.5414,5481.2017,,,3083.6997,1780.614,1529.7093,1618.744,2023.43,1497.3382,1902.0242,1861.5556,1335.4638,1881.7899,3403.40926,1699.6812,1699.6812,1250.47974,2581.89668,2387.6474,1375.9324,,,73.36975,54.13625,57.43150000000001,47.41125,42.368193,45.7979990999999,52.0523514,56.2891707,58.1049504,49.765814,57.9031970999999,43.3769595,43.8477172,42.2336908,49.765814,45.3944925,39.8126512,15_74
-3,NASS USDA,Spencer,,22,15,75,-1,,,6038.4,3617.6,,,,,2503.826,2335.0899,,3701.308,16138.7915,4708.2815,,,8276.23355,17306.33645,3943.52595,,,817.4637,647.496,,,,,526.0918,404.686,,914.59036,3237.488,1246.43288,,,2136.74208,4046.86,1173.5894,,,73.90775000000001,55.88475,,,,,47.6137788,57.7014437999999,,40.4851622,49.8330650999999,37.7951182,,,38.6693825,42.7044485,33.62555,15_75
-3,NASS USDA,Starke,,22,15,76,-1,,,,,,,,,,,601.46255,,898.1115,,,2016.66855,,,,,,,,,,,,,,202.343,,218.53044,,,513.95122,,,,,,,,,,,,,,29.7249862,,41.0904221,,,39.2073913,,,,15_76
-3,NASS USDA,Steuben,,22,15,77,-1,,,,,,,6695.013,7157.6765,9525.425,,,9852.011,,7103.2455,8681.7445,4381.6955,8232.68875,7535.97195,6085.3858,,,,,,,1578.2754,1497.3382,1699.6812,,,2043.6643,,1586.36912,1922.2585,1120.98022,1707.77492,1861.5556,1659.2126,,,,,,,42.4354441,47.8155320999999,56.0201662999999,,,48.2190387,,44.7892325999999,45.1927392,39.0728891,48.0845365,40.35066,36.6518495,15_77
-3,NASS USDA,Sullivan,,22,15,78,-1,4134.4,,10390.4,,3481.6,,,,,,4708.2815,,,4653.8505,,3293.0755,5244.42685,10268.40815,6379.3132,716.29245,,1687.53645,,651.54285,,,,,,1052.1836,,,1602.55656,,898.40292,1529.71308,2589.9904,1740.1498,57.76775000000001,,61.601,,53.463750000000005,,,,,,44.7219815,,,29.0524752,,36.6518495,34.298061,39.678149,36.6518495,15_78
-3,NASS USDA,Switzerland,,22,15,79,-1,,,1729.9199999999998,,1234.88,781.08485,,,740.2616,,,,,,,,,,,,,315.65430000000003,,323.748,323.7488,,,222.5773,,,,,,,,,,,,,54.80875,,38.198,24.14275,,,33.2892945,,,,,,,,,,,15_79
-3,NASS USDA,Tippecanoe,,22,15,80,-1,5603.2,,,3128.0,,4381.6955,3646.877,6069.0565,6885.5215,5443.1,6504.5045,5715.255,7783.633,4926.0055,7103.2455,4817.1435,8431.3619,10290.18055,6071.77805,817.4637,,,542.2779,,728.4348,849.8406,1173.5894,1335.4638,1092.6522,1355.6981,967.19954,1537.8068,1044.08988,1594.46284,1133.1208,1659.2126,2023.43,1659.2126,68.595,,,57.700500000000005,,60.121500000000005,42.9062018,51.7160959,51.5815937,49.8330650999999,47.9500343,59.1137169,50.6400783,47.2102722,44.5202282,42.5026952,50.7745805,50.7745805,36.5845984,15_80
-3,NASS USDA,Tipton,,22,15,81,-1,,,,2605.76,2992.0,1932.3005,2231.671,,,3129.7825,2645.3466,4136.756,2449.395,3592.446,2884.843,3129.7825,5535.6327,8131.9914,5840.4463,,,,538.23105,473.48145,364.2174,485.6232,,,538.23238,505.8575,692.01306,530.13866,594.88842,631.31016,647.4976,971.2464,1456.8696,1294.9952,,,,48.42,63.215,53.06025,45.9325013,,,58.1722015,52.3213558,59.7862279,46.2015057,60.3914877999999,45.6634969,48.3535409,57.163435,55.818413,45.1254880999999,15_81
-3,NASS USDA,Union,,22,15,82,-1,,,,,,734.8185,,884.50375,857.28825,,,,1657.42395,870.896,,865.4529,,,,,,,,,161.8744,,202.343,202.343,,,,400.63914,202.343,,242.8116,,,,,,,,,45.39375,,43.713215,42.368193,,,,41.3594265,43.040704,,35.643083,,,,15_82
-3,NASS USDA,Vanderburgh,,22,15,83,-1,,,12512.0,8785.6,9656.0,8436.805,8001.357,10369.1055,8191.8655,,,,18778.695,12328.6215,13580.5345,4572.204,16065.30965,22550.7633,11133.86105,,,2314.7982,1853.4573,1902.0195,1902.0242,1861.5556,2225.773,1740.1498,,,,3354.84694,2428.116,3087.75418,1193.8237,4249.20299999999,5179.9808,3156.5508,,,54.06900000000001,47.41125,50.77375,44.385,42.9734529,46.6050123,47.07577,,,,55.9529152,50.7745805,43.9822194,38.2658759,37.660616,43.3769595,35.2395764,15_83
-3,NASS USDA,Vermillion,,22,15,84,-1,,,1917.6,,1381.76,,,,,,,,,1219.2544,1417.92755,,,1915.9712,,,,279.23265000000004,,271.13895,,,,,,,,,331.84252,457.29518,,,485.6232,,,,68.7295,,50.9755,,,,,,,,,36.7191006,31.0027571,,,39.3418935,,15_84
-3,NASS USDA,Vigo,,22,15,85,-1,,,,,1664.64,1276.40695,,,1894.1988,2884.843,1924.13585,,,2403.12865,2438.5088,1714.5765,,4332.7076,,,,,,408.73185,283.2802,,,404.686,647.4976,505.8575,,,712.24736,728.4348,481.57634,,1133.1208,,,,,,40.7535,45.0575,,,46.8067655999999,44.5874793,38.0641226,,,33.7600522,33.4910478,35.5758319,,38.333127,,15_85
-3,NASS USDA,Wabash,,22,15,86,-1,,,,7344.0,11641.6,8382.374,4218.4025,12573.561,7402.616,11376.079,5633.6085,10260.2435,10831.769,8219.081,11321.648,7674.771,18253.43585,18348.6901,15052.89305,,,,1258.57035,1821.0825,1537.8068,1335.4638,1982.9614,1408.30728,1942.4928,1375.9324,1978.91454,2144.8358,1752.29038,2549.5218,1978.91454,3415.54984,3804.0484,3723.1112,,,,58.373,63.95475,54.53975,31.608017,63.4177872999999,52.5903602,58.5757080999999,40.9559199,51.8505980999999,50.5055760999999,46.8740167,44.385726,38.8038847,53.4646245,48.0845365,40.4179111,15_86
-3,NASS USDA,Warren,,22,15,87,-1,,,,,,,,,6749.444,,,,,,6885.5215,,,6414.69335,,,,,,,,,,1416.401,,,,,,1558.0411,,,1375.9324,,,,,,,,,,47.6810299,,,,,,44.1839727,,,46.7395145,,15_87
-3,NASS USDA,Warrick,,22,15,88,-1,,,,8812.8,4868.8,5415.8845,6477.289,5252.5915,5579.1775,7348.185,6858.306,7402.616,,6613.3665,8436.805,,9133.5218,15123.65335,3831.9424,,,,1582.31835,902.44755,1254.5266,1497.3382,1052.1836,1092.6522,1497.3382,1537.8068,1780.6184,,1691.58748,2359.31938,,2407.8817,3480.2996,1214.058,,,,55.75025000000001,54.00175,43.1745,43.2424573,49.9003162,51.0435849,49.093303,44.5874793,41.5611798,,39.0728891,35.7775852,,37.9968715,43.3769595,31.5407658999999,15_88
-3,NASS USDA,Washington,,22,15,89,-1,802.4,,6392.0,,2567.68,1709.1334,,1170.2665,944.37785,1260.07765,914.4408,2620.85265,9198.839,2775.981,3102.567,1279.1285,4724.6108,6904.57235,2952.88175,178.06140000000002,,967.19715,,526.0905,445.1546,,364.2174,250.90532,295.42078,250.90532,687.9662,1918.21164,728.4348,837.70002,428.96716,1294.9952,1942.4928,890.3092,45.0575,,66.10675,,48.8235,38.39975,,32.1460258,37.660616,42.6371974,36.4500962,38.0641226,47.9500343,38.1313737,37.0553561,29.7922372999999,36.6518495,35.643083,33.1547923,15_89
-3,NASS USDA,Wayne,,22,15,90,-1,7398.4,,8758.4,7044.799999999999,6881.599999999999,4817.1435,6286.7805,4544.9885,4898.79,5769.686,4191.187,6640.582,7457.047,,5742.4705,3538.015,7522.3642,9783.97225,5271.64235,1578.2715,,1825.12935,1315.2262500000002,1335.4605,1011.715,1537.8068,1173.5894,1100.74592,1052.1836,1092.6522,1214.058,1489.24448,,1282.85462,866.02804,1541.85366,2185.3044,1456.8696,46.873250000000006,,48.01650000000001,53.59825000000001,51.58075,47.613,40.8886688,38.7366336,44.5202282,54.8096465,38.333127,54.6751442999999,50.1020695,,44.7892325999999,40.8214177,48.7570475,44.7219815,36.1810918,15_90
-3,NASS USDA,Wells,,22,15,91,-1,9057.6,,10689.6,5848.0,17544.0,6177.9185,5932.979,6858.306,7511.478,8981.115,5334.238,13879.905,10995.062,,13063.44,8681.7445,24164.64245,27011.38375,16149.6777,1594.4589,,1566.13095,1088.60265,,1294.9952,1375.9324,1335.4638,1537.8068,1578.2754,1497.3382,2387.6474,2294.56961999999,,3107.98848,2136.74208,4572.9518,5341.8552,4208.7344,56.82625000000001,,68.32600000000001,53.73275,,47.68025,43.1079550999999,51.3798404,48.8242985999999,56.8944305999999,35.643083,58.1049504,47.9500343,,42.0319375,40.6196644,52.7921135,50.438325,38.4003781,15_91
-3,NASS USDA,White,,22,15,92,-1,9030.4,,,,,,,5824.117,4708.2815,8790.6065,3129.7825,4517.773,,2318.7606,4735.497,3211.429,4436.1265,6006.46085,3818.33465,1294.992,,,,,,,1214.058,809.372,1343.55752,687.9662,890.3092,,655.59132,1035.99616,728.4348,866.02804,1173.5894,890.3092,69.8055,,,,,,,47.9500343,58.1722015,65.4353203,45.4617435999999,50.7745805,,35.3740786,45.730748,44.1167215999999,51.110836,51.110836,42.9062018,15_92
-3,NASS USDA,Whitley,,22,15,93,-1,13736.0,,14715.2,8976.0,624240.0,12491.9145,11158.355,14015.9825,13961.5515,15648.9125,9035.546,15594.4815,15730.559,14233.7065,14288.1375,10369.1055,17809.8232,16876.33155,12132.6699,2347.173,,2687.1084,1768.4734500000002,2913.732,2468.5846,2670.9276,2711.3962,2711.3962,2670.9276,2569.7561,2933.9735,3480.2996,3107.98848,3282.00346,2456.44402,3492.44018,3925.4542,3197.0194,58.57475,,54.80875,50.77375,60.256,50.572,41.7629331,51.7160959,51.5143425999999,58.5757080999999,35.1723253,53.128369,45.1927392,45.7979990999999,43.5114617,42.2336908,51.110836,43.040704,37.9296204,15_93
-2,NASS USDA,Iowa,,22,16,-1,-1,,,,,,,,9470.994,14805.232,29147.8005,21228.09,20003.3925,29719.326,17690.075,19595.16,12519.13,26943.345,39190.32,36577.632,,,,,,,,2428.116,3237.488,6879.662,6070.29,6070.29,8498.40599999999,5260.918,6474.976,4046.86,8903.092,12140.58,11331.208,,,,,,,,39.005638,45.730748,42.368193,34.970572,32.953039,34.970572,33.62555,30.262995,30.935506,30.262995,32.280528,32.280528,16_-1
-3,NASS USDA,Adair,,22,16,1,-1,,,,,,,,,,,,,,,,,,,,,,,,,,,,,,,,,,,,,,,,,,,,,,,,,,,,,,,,,,16_1
-3,NASS USDA,Adams,,22,16,2,-1,,,,,,,,,,,,,,,,,,,,,,,,,,,,,,,,,,,,,,,,,,,,,,,,,,,,,,,,,,16_2
-3,NASS USDA,Allamakee,,22,16,3,-1,,,,,,,,,,,,,,,,,,,,,,,,,,,,,,,,,,,,,,,,,,,,,,,,,,,,,,,,,,16_3
-3,NASS USDA,Appanoose,,22,16,4,-1,,,,,,,,,,,,,,,,,,,,,,,,,,,,,,,,,,,,,,,,,,,,,,,,,,,,,,,,,,16_4
-3,NASS USDA,Audubon,,22,16,5,-1,,,,,,,,,,,,,,,,,,,,,,,,,,,,,,,,,,,,,,,,,,,,,,,,,,,,,,,,,,16_5
-3,NASS USDA,Benton,,22,16,6,-1,,,,,,,,,,,,,,,,,,,,,,,,,,,,,,,,,,,,,,,,,,,,,,,,,,,,,,,,,,16_6
-3,NASS USDA,Black Hawk,,22,16,7,-1,,,,,,,,,,,,,,,,,,,,,,,,,,,,,,,,,,,,,,,,,,,,,,,,,,,,,,,,,,16_7
-3,NASS USDA,Boone,,22,16,8,-1,,,,,,,,,,,,,,,,,,,,,,,,,,,,,,,,,,,,,,,,,,,,,,,,,,,,,,,,,,16_8
-3,NASS USDA,Bremer,,22,16,9,-1,,,,,,,,,,,,,,,,,,,,,,,,,,,,,,,,,,,,,,,,,,,,,,,,,,,,,,,,,,16_9
-3,NASS USDA,Buchanan,,22,16,10,-1,,,,,,,,,,,,,,,,,,,,,,,,,,,,,,,,,,,,,,,,,,,,,,,,,,,,,,,,,,16_10
-3,NASS USDA,Buena Vista,,22,16,11,-1,,,,,,,,,,,,,,,,,,,,,,,,,,,,,,,,,,,,,,,,,,,,,,,,,,,,,,,,,,16_11
-3,NASS USDA,Butler,,22,16,12,-1,,,,,,,,,,,,,,,,,,,,,,,,,,,,,,,,,,,,,,,,,,,,,,,,,,,,,,,,,,16_12
-3,NASS USDA,Calhoun,,22,16,13,-1,,,,,,,,,,,,,,,,,,,,,,,,,,,,,,,,,,,,,,,,,,,,,,,,,,,,,,,,,,16_13
-3,NASS USDA,Carroll,,22,16,14,-1,,,,,,,,,,,,,,,,,,,,,,,,,,,,,,,,,,,,,,,,,,,,,,,,,,,,,,,,,,16_14
-3,NASS USDA,Cass,,22,16,15,-1,,,,,,,,,,,,,,,,,,,,,,,,,,,,,,,,,,,,,,,,,,,,,,,,,,,,,,,,,,16_15
-3,NASS USDA,Cedar,,22,16,16,-1,,,,,,,,,,,,,,,,,,,,,,,,,,,,,,,,,,,,,,,,,,,,,,,,,,,,,,,,,,16_16
-3,NASS USDA,Cerro Gordo,,22,16,17,-1,,,,,,,,,,,,,,,,,,,,,,,,,,,,,,,,,,,,,,,,,,,,,,,,,,,,,,,,,,16_17
-3,NASS USDA,Cherokee,,22,16,18,-1,,,,,,,,,,,,,,,,,,,,,,,,,,,,,,,,,,,,,,,,,,,,,,,,,,,,,,,,,,16_18
-3,NASS USDA,Chickasaw,,22,16,19,-1,,,,,,,,,,,,,,,,,,,,,,,,,,,,,,,,,,,,,,,,,,,,,,,,,,,,,,,,,,16_19
-3,NASS USDA,Clarke,,22,16,20,-1,,,,,,,,,,,,,,,,,,,,,,,,,,,,,,,,,,,,,,,,,,,,,,,,,,,,,,,,,,16_20
-3,NASS USDA,Clay,,22,16,21,-1,,,,,,,,,,,,,,,,,,,,,,,,,,,,,,,,,,,,,,,,,,,,,,,,,,,,,,,,,,16_21
-3,NASS USDA,Clayton,,22,16,22,-1,,,,,,,,,,,,,,,,,,,,,,,,,,,,,,,,,,,,,,,,,,,,,,,,,,,,,,,,,,16_22
-3,NASS USDA,Clinton,,22,16,23,-1,,,,,,,,,,,,,,,,,,,,,,,,,,,,,,,,,,,,,,,,,,,,,,,,,,,,,,,,,,16_23
-3,NASS USDA,Crawford,,22,16,24,-1,,,,,,,,,,,,,,,,,,,,,,,,,,,,,,,,,,,,,,,,,,,,,,,,,,,,,,,,,,16_24
-3,NASS USDA,Dallas,,22,16,25,-1,,,,,,,,,,,,,,,,,,,,,,,,,,,,,,,,,,,,,,,,,,,,,,,,,,,,,,,,,,16_25
-3,NASS USDA,Davis,,22,16,26,-1,,,,,,,,,,,,,,,,,,,,,,,,,,,,,,,,,,,,,,,,,,,,,,,,,,,,,,,,,,16_26
-3,NASS USDA,Decatur,,22,16,27,-1,,,,,,,,,,,,,,,,,,,,,,,,,,,,,,,,,,,,,,,,,,,,,,,,,,,,,,,,,,16_27
-3,NASS USDA,Delaware,,22,16,28,-1,,,,,,,,,,,,,,,,,,,,,,,,,,,,,,,,,,,,,,,,,,,,,,,,,,,,,,,,,,16_28
-3,NASS USDA,Des Moines,,22,16,29,-1,,,,,,,,,,,,,,,,,,2852.1844,2272.49425,,,,,,,,,,,,,,,,,,623.21644,469.43576,,,,,,,,,,,,,,,,,,45.730748,48.420792,16_29
-3,NASS USDA,Dickinson,,22,16,30,-1,,,,,,,,,,,,,,,,,,,,,,,,,,,,,,,,,,,,,,,,,,,,,,,,,,,,,,,,,,16_30
-3,NASS USDA,Dubuque,,22,16,31,-1,,,,,,,,,,,,,,,,,,,,,,,,,,,,,,,,,,,,,,,,,,,,,,,,,,,,,,,,,,16_31
-3,NASS USDA,Emmet,,22,16,32,-1,,,,,,,,,,,,,,,,,,,,,,,,,,,,,,,,,,,,,,,,,,,,,,,,,,,,,,,,,,16_32
-3,NASS USDA,Fayette,,22,16,33,-1,,,,,,,,,,,,,,,,,,,,,,,,,,,,,,,,,,,,,,,,,,,,,,,,,,,,,,,,,,16_33
-3,NASS USDA,Floyd,,22,16,34,-1,,,,,,,,,,,,,,,,,,,,,,,,,,,,,,,,,,,,,,,,,,,,,,,,,,,,,,,,,,16_34
-3,NASS USDA,Franklin,,22,16,35,-1,,,,,,,,,,,,,,,,,,,,,,,,,,,,,,,,,,,,,,,,,,,,,,,,,,,,,,,,,,16_35
-3,NASS USDA,Fremont,,22,16,36,-1,,,,,,,,,,,,,,,,,,,,,,,,,,,,,,,,,,,,,,,,,,,,,,,,,,,,,,,,,,16_36
-3,NASS USDA,Greene,,22,16,37,-1,,,,,,,,,,,,,,,,,,,,,,,,,,,,,,,,,,,,,,,,,,,,,,,,,,,,,,,,,,16_37
-3,NASS USDA,Grundy,,22,16,38,-1,,,,,,,,,,,,,,,,,,,,,,,,,,,,,,,,,,,,,,,,,,,,,,,,,,,,,,,,,,16_38
-3,NASS USDA,Guthrie,,22,16,39,-1,,,,,,,,,,,,,,,,,,,,,,,,,,,,,,,,,,,,,,,,,,,,,,,,,,,,,,,,,,16_39
-3,NASS USDA,Hamilton,,22,16,40,-1,,,,,,,,,,,,,,,,,,,,,,,,,,,,,,,,,,,,,,,,,,,,,,,,,,,,,,,,,,16_40
-3,NASS USDA,Hancock,,22,16,41,-1,,,,,,,,,,,,,,,,,,,,,,,,,,,,,,,,,,,,,,,,,,,,,,,,,,,,,,,,,,16_41
-3,NASS USDA,Hardin,,22,16,42,-1,,,,,,,,,,,,,,,,,,,,,,,,,,,,,,,,,,,,,,,,,,,,,,,,,,,,,,,,,,16_42
-3,NASS USDA,Harrison,,22,16,43,-1,,,,,,,,,,,,,,,,,,,,,,,,,,,,,,,,,,,,,,,,,,,,,,,,,,,,,,,,,,16_43
-3,NASS USDA,Henry,,22,16,44,-1,,,,,,,,,,,,,,,,,,,,,,,,,,,,,,,,,,,,,,,,,,,,,,,,,,,,,,,,,,16_44
-3,NASS USDA,Howard,,22,16,45,-1,,,,,,,,,,,,,,,,,,,,,,,,,,,,,,,,,,,,,,,,,,,,,,,,,,,,,,,,,,16_45
-3,NASS USDA,Humboldt,,22,16,46,-1,,,,,,,,,,,,,,,,,,,,,,,,,,,,,,,,,,,,,,,,,,,,,,,,,,,,,,,,,,16_46
-3,NASS USDA,Ida,,22,16,47,-1,,,,,,,,,,,,,,,,,,,,,,,,,,,,,,,,,,,,,,,,,,,,,,,,,,,,,,,,,,16_47
-3,NASS USDA,Iowa,,22,16,48,-1,,,,,,,,,,,,,,,,,,,,,,,,,,,,,,,,,,,,,,,,,,,,,,,,,,,,,,,,,,16_48
-3,NASS USDA,Jackson,,22,16,49,-1,,,,,,,,,,,,,,,,,,,,,,,,,,,,,,,,,,,,,,,,,,,,,,,,,,,,,,,,,,16_49
-3,NASS USDA,Jasper,,22,16,50,-1,,,,,,,,,,,,,,,,,,,,,,,,,,,,,,,,,,,,,,,,,,,,,,,,,,,,,,,,,,16_50
-3,NASS USDA,Jefferson,,22,16,51,-1,,,,,,,,,,,,,,,,,,1172.98805,1075.01225,,,,,,,,,,,,,,,,,,554.41982,380.40484,,,,,,,,,,,,,,,,,,21.1840965,28.245462,16_51
-3,NASS USDA,Johnson,,22,16,52,-1,,,,,,,,,,,,,,,,,,625.9565,1660.1455,,,,,,,,,,,,,,,,,,206.38986,396.59228,,,,,,,,,,,,,,,,,,30.262995,41.8301842,16_52
-3,NASS USDA,Jones,,22,16,53,-1,,,,,,,,,,,,,,,,,,,,,,,,,,,,,,,,,,,,,,,,,,,,,,,,,,,,,,,,,,16_53
-3,NASS USDA,Keokuk,,22,16,54,-1,,,,,,,,,,,,,,,,,,465.38505,517.0945,,,,,,,,,,,,,,,,,,137.59324,174.01498,,,,,,,,,,,,,,,,,,33.9618055,29.7249862,16_54
-3,NASS USDA,Kossuth,,22,16,55,-1,,,,,,,,,,,,,,,,,,,,,,,,,,,,,,,,,,,,,,,,,,,,,,,,,,,,,,,,,,16_55
-3,NASS USDA,Lee,,22,16,56,-1,,,,,,,,,,,,,,,,,,4721.88925,5198.1605,,,,,,,,,,,,,,,,,,1210.01114,1250.47974,,,,,,,,,,,,,,,,,,39.005638,41.5611798,16_56
-3,NASS USDA,Linn,,22,16,57,-1,,,,,,,,,,,,,,,,,,,,,,,,,,,,,,,,,,,,,,,,,,,,,,,,,,,,,,,,,,16_57
-3,NASS USDA,Louisa,,22,16,58,-1,,,,,,,,,,,,,,,,,,,,,,,,,,,,,,,,,,,,,,,,,,,,,,,,,,,,,,,,,,16_58
-3,NASS USDA,Lucas,,22,16,59,-1,,,,,,,,,,,,,,,,,,,,,,,,,,,,,,,,,,,,,,,,,,,,,,,,,,,,,,,,,,16_59
-3,NASS USDA,Lyon,,22,16,60,-1,,,,,,,,,,,,,,,,,,1398.8767,,,,,,,,,,,,,,,,,,,295.42078,,,,,,,,,,,,,,,,,,,47.4120255,,16_60
-3,NASS USDA,Madison,,22,16,61,-1,,,,,,,,,,,,,,,,,,,,,,,,,,,,,,,,,,,,,,,,,,,,,,,,,,,,,,,,,,16_61
-3,NASS USDA,Mahaska,,22,16,62,-1,,,,,,,,,,,,,,,,,,,,,,,,,,,,,,,,,,,,,,,,,,,,,,,,,,,,,,,,,,16_62
-3,NASS USDA,Marion,,22,16,63,-1,,,,,,,,,,,,,,,,,,,,,,,,,,,,,,,,,,,,,,,,,,,,,,,,,,,,,,,,,,16_63
-3,NASS USDA,Marshall,,22,16,64,-1,,,,,,,,,,,,,,,,,,,,,,,,,,,,,,,,,,,,,,,,,,,,,,,,,,,,,,,,,,16_64
-3,NASS USDA,Mills,,22,16,65,-1,,,,,,,,,,,,,,,,,,,,,,,,,,,,,,,,,,,,,,,,,,,,,,,,,,,,,,,,,,16_65
-3,NASS USDA,Mitchell,,22,16,66,-1,,,,,,,,,,,,,,,,,,,,,,,,,,,,,,,,,,,,,,,,,,,,,,,,,,,,,,,,,,16_66
-3,NASS USDA,Monona,,22,16,67,-1,,,,,,,,,,,,,,,,,,,,,,,,,,,,,,,,,,,,,,,,,,,,,,,,,,,,,,,,,,16_67
-3,NASS USDA,Monroe,,22,16,68,-1,,,,,,,,,,,,,,,,,,,734.8185,,,,,,,,,,,,,,,,,,,279.23334,,,,,,,,,,,,,,,,,,,26.2951801,16_68
-3,NASS USDA,Montgomery,,22,16,69,-1,,,,,,,,,,,,,,,,,,,,,,,,,,,,,,,,,,,,,,,,,,,,,,,,,,,,,,,,,,16_69
-3,NASS USDA,Muscatine,,22,16,70,-1,,,,,,,,,,,,,,,,,,,,,,,,,,,,,,,,,,,,,,,,,,,,,,,,,,,,,,,,,,16_70
-3,NASS USDA,O'Brien,,22,16,71,-1,,,,,,,,,,,,,,,,,,,,,,,,,,,,,,,,,,,,,,,,,,,,,,,,,,,,,,,,,,16_71
-3,NASS USDA,Osceola,,22,16,72,-1,,,,,,,,,,,,,,,,,,,,,,,,,,,,,,,,,,,,,,,,,,,,,,,,,,,,,,,,,,16_72
-3,NASS USDA,Page,,22,16,73,-1,,,,,,,,,,,,,,,,,,,,,,,,,,,,,,,,,,,,,,,,,,,,,,,,,,,,,,,,,,16_73
-3,NASS USDA,Palo Alto,,22,16,74,-1,,,,,,,,,,,,,,,,,,,,,,,,,,,,,,,,,,,,,,,,,,,,,,,,,,,,,,,,,,16_74
-3,NASS USDA,Plymouth,,22,16,75,-1,,,,,,,,,,,,,,,,,,,,,,,,,,,,,,,,,,,,,,,,,,,,,,,,,,,,,,,,,,16_75
-3,NASS USDA,Pocahontas,,22,16,76,-1,,,,,,,,,,,,,,,,,,,,,,,,,,,,,,,,,,,,,,,,,,,,,,,,,,,,,,,,,,16_76
-3,NASS USDA,Polk,,22,16,77,-1,,,,,,,,,,,,,,,,,,,,,,,,,,,,,,,,,,,,,,,,,,,,,,,,,,,,,,,,,,16_77
-3,NASS USDA,Pottawattamie,,22,16,78,-1,,,,,,,,,,,,,,,,,,,,,,,,,,,,,,,,,,,,,,,,,,,,,,,,,,,,,,,,,,16_78
-3,NASS USDA,Poweshiek,,22,16,79,-1,,,,,,,,,,,,,,,,,,,,,,,,,,,,,,,,,,,,,,,,,,,,,,,,,,,,,,,,,,16_79
-3,NASS USDA,Ringgold,,22,16,80,-1,,,,,,,,,,,,,,,,,,,,,,,,,,,,,,,,,,,,,,,,,,,,,,,,,,,,,,,,,,16_80
-3,NASS USDA,Sac,,22,16,81,-1,,,,,,,,,,,,,,,,,,,,,,,,,,,,,,,,,,,,,,,,,,,,,,,,,,,,,,,,,,16_81
-3,NASS USDA,Scott,,22,16,82,-1,,,,,,,,,,,,,,,,,,,,,,,,,,,,,,,,,,,,,,,,,,,,,,,,,,,,,,,,,,16_82
-3,NASS USDA,Shelby,,22,16,83,-1,,,,,,,,,,,,,,,,,,,,,,,,,,,,,,,,,,,,,,,,,,,,,,,,,,,,,,,,,,16_83
-3,NASS USDA,Sioux,,22,16,84,-1,,,,,,,,,,,,,,,,,,2729.71465,,,,,,,,,,,,,,,,,,,554.41982,,,,,,,,,,,,,,,,,,,49.093303,,16_84
-3,NASS USDA,Story,,22,16,85,-1,,,,,,,,,,,,,,,,,,,,,,,,,,,,,,,,,,,,,,,,,,,,,,,,,,,,,,,,,,16_85
-3,NASS USDA,Tama,,22,16,86,-1,,,,,,,,,,,,,,,,,,,,,,,,,,,,,,,,,,,,,,,,,,,,,,,,,,,,,,,,,,16_86
-3,NASS USDA,Taylor,,22,16,87,-1,,,,,,,,,,,,,,,,,,,,,,,,,,,,,,,,,,,,,,,,,,,,,,,,,,,,,,,,,,16_87
-3,NASS USDA,Union,,22,16,88,-1,,,,,,,,,,,,,,,,,,,,,,,,,,,,,,,,,,,,,,,,,,,,,,,,,,,,,,,,,,16_88
-3,NASS USDA,Van Buren,,22,16,89,-1,,,,,,,,,,,,,,,,,,2367.7485,1905.085,,,,,,,,,,,,,,,,,,655.59132,659.63818,,,,,,,,,,,,,,,,,,35.9793385,28.8507218999999,16_89
-3,NASS USDA,Wapello,,22,16,90,-1,,,,,,,,,,,,,,,,,,,,,,,,,,,,,,,,,,,,,,,,,,,,,,,,,,,,,,,,,,16_90
-3,NASS USDA,Warren,,22,16,91,-1,,,,,,,,,,,,,,,,,,,,,,,,,,,,,,,,,,,,,,,,,,,,,,,,,,,,,,,,,,16_91
-3,NASS USDA,Washington,,22,16,92,-1,,,,,,,,,,,,,,,,,,468.1066,734.8185,,,,,,,,,,,,,,,,,,174.01498,178.06184,,,,,,,,,,,,,,,,,,26.90044,41.2921754,16_92
-3,NASS USDA,Wayne,,22,16,93,-1,,,,,,,,,,,,,,,,,,,1850.654,,,,,,,,,,,,,,,,,,,663.68504,,,,,,,,,,,,,,,,,,,27.9092065,16_93
-3,NASS USDA,Webster,,22,16,94,-1,,,,,,,,,,,,,,,,,,,,,,,,,,,,,,,,,,,,,,,,,,,,,,,,,,,,,,,,,,16_94
-3,NASS USDA,Winnebago,,22,16,95,-1,,,,,,,,,,,,,,,,,,,,,,,,,,,,,,,,,,,,,,,,,,,,,,,,,,,,,,,,,,16_95
-3,NASS USDA,Winneshiek,,22,16,96,-1,,,,,,,,,,,,,,,,,,,,,,,,,,,,,,,,,,,,,,,,,,,,,,,,,,,,,,,,,,16_96
-3,NASS USDA,Woodbury,,22,16,97,-1,,,,,,,,,,,,,,,,,,,,,,,,,,,,,,,,,,,,,,,,,,,,,,,,,,,,,,,,,,16_97
-3,NASS USDA,Worth,,22,16,98,-1,,,,,,,,,,,,,,,,,,,,,,,,,,,,,,,,,,,,,,,,,,,,,,,,,,,,,,,,,,16_98
-3,NASS USDA,Wright,,22,16,99,-1,,,,,,,,,,,,,,,,,,,,,,,,,,,,,,,,,,,,,,,,,,,,,,,,,,,,,,,,,,16_99
-2,NASS USDA,Kansas,,22,17,-1,-1,9432960.0,8362639.999999999,5474000.0,6642240.0,9900800.0,7654359.375,9198839.0,7549579.7,9079090.8,12720524.7,8760669.45,6705899.2,8738897.05,10401764.1,7572712.875,9797580.0,10230306.45,9797580.0,7723758.9,2751858.0,2893497.75,2326938.75,2670921.0,2832795.0,2529287.5,2630459.0,2954207.8,2812567.69999999,3318425.19999999,3520768.19999999,3561236.8,3419596.69999999,3682642.6,3217253.69999999,3237488.0,3621939.69999999,3642174.0,3480299.6,34.2975,28.9175,23.5375,24.882500000000004,34.970000000000006,30.2625,34.970572,25.555418,32.280528,38.333127,24.882907,18.830308,25.555418,28.245462,23.537885,30.262995,28.245462,26.90044,22.192863,17_-1
-3,NASS USDA,Allen,,22,17,1,-1,22412.8,,25704.0,16592.0,19856.0,,5089.2985,,,,27433.224,23786.347,38999.8115,,16601.455,,16955.2565,30998.4545,7076.03,5058.5625,,6758.239500000001,4613.409000000001,5382.3105000000005,,1699.6812,,,,9914.80699999999,7608.0968,12181.0486,,7203.4108,,7850.9084,15620.8796,9793.4012,44.31775000000001,,38.063500000000005,35.978750000000005,36.92025,,29.9267395,,,,27.6402021,31.2717615,32.0115236,,23.0671272999999,,21.520352,19.8390745,7.397621,17_1
-3,NASS USDA,Anderson,,22,17,2,-1,,,18278.4,2856.0,11913.6,2648.06815,2258.8865,7348.185,6014.6255,15104.6025,14669.1545,21826.831,42320.1025,30916.808,15104.6025,,6939.9525,18207.1695,16519.8085,,,5099.031,,4451.535,870.0749,890.3092,2452.39716,1723.96236,4775.2948,6029.8214,7122.4736,11331.208,8053.2514,5584.6668,,3318.4252,10359.9616,12585.7346,,,35.84425,,26.7655,30.46425,25.3536647,29.9939906,34.9033209,31.608017,24.3448982,30.6665016,37.3243605,38.4003781,27.0349422,,20.847841,17.485286,13.45022,17_2
-3,NASS USDA,Atchison,,22,17,3,-1,,,5168.0,76758.4,1982.88,1300.9009,1469.637,1505.01715,1760.84285,,1643.8162,4490.5575,6504.5045,,2694.3345,2160.9107,5252.5915,7157.6765,7620.34,,,1129.07115,724.38615,582.7464,505.8575,590.84156,526.0918,526.0918,,740.57538,1262.62032,1740.1498,,1011.715,1052.1836,1780.6184,3358.8938,4451.546,,,45.79725,39.475750000000005,34.0285,25.6895,24.882907,28.5817175,33.4910478,,22.192863,35.5758319,37.3916116,,26.6314356,20.5115855,29.590484,21.1840965,16.812775,17_3
-3,NASS USDA,Barber,,22,17,4,-1,94193.6,,,147505.6,121067.2,135206.604,,,,,,36593.9613,86300.3505,128919.8235,95281.4655,123389.6339,107174.639,129464.1335,31542.7645,38930.697,,,40792.248,41884.8975,41885.001,,,,,,40897.56716,41723.1265999999,48076.6968,46741.233,46336.547,48440.9142,44677.3344,18291.8072,24.21,,,18.83,28.9175,32.28,,,,,,8.9443963,20.7133388,26.8331888999999,20.3770833,26.6314356,22.192863,28.917973,17.485286,17_4
-3,NASS USDA,Barton,,22,17,5,-1,158004.8,,27472.0,10553.6,188904.0,176383.6555,148270.044,181881.1865,199870.632,222786.083,174750.7255,117951.977,156951.7885,144024.426,135124.9575,184684.383,177172.905,158339.779,89185.1935,51556.869,,23350.3245,54592.0065,52932.798,54187.4554,48149.54028,62224.51936,57129.5226199999,59229.84296,63628.77978,63495.2334,69889.2721999999,65316.3204,60783.8372,63738.045,59569.7792,61633.6778,56656.04,30.666000000000004,,11.76875,27.034500000000005,35.70975,32.549,30.8010037999999,29.2542285,34.970572,37.5933649,27.4384487999999,18.5613036,22.4618674,22.0583607999999,22.2601141,28.9852241,29.590484,25.555418,15.467753,17_5
-3,NASS USDA,Bourbon,,22,17,6,-1,,,16972.8,4188.8,9601.6,2057.4918,,1905.085,4359.9231,9666.9456,8014.96475,11076.7085,14941.3095,13199.5175,6640.582,1113.11395,3129.7825,10178.597,5824.117,,,4532.472,3168.68355,2687.1084,578.70098,,687.9662,1242.38602,2513.10005999999,2513.10005999999,3472.20588,4775.2948,3561.2368,2468.5846,768.9034,1942.4928,4087.3286,4006.3914,,,37.45825000000001,33.356,35.77700000000001,35.57525,,27.7074532,35.1050742,38.4676292,31.8770213999999,31.8770213999999,31.2717615,37.0553561,26.90044,14.4589865,16.140264,24.882907,14.795242,17_6
-3,NASS USDA,Brown,,22,17,7,-1,,,5113.599999999999,45424.0,3291.2,1796.223,2476.6105,,2669.84055,3320.291,3728.5235,5443.1,8028.5725,5388.669,6531.72,7138.62565,7593.1245,10505.183,12219.7595,,,1064.32155,801.2763,857.9322000000001,574.65412,764.85654,,602.98214,825.55944,1319.27636,1582.32226,2063.8986,1537.8068,1902.0242,2144.8358,2630.459,4046.86,5018.1064,,,48.08375000000001,52.3205,38.39975,31.27125,32.3477791,,44.2512238,40.2161578,28.245462,34.4325632,38.8711358,35.0378231,34.3653121,33.2892945,28.917973,25.8916735,24.210396,17_7
-3,NASS USDA,Butler,,22,17,8,-1,70720.0,,53774.4,10608.0,47192.0,38646.01,32005.428,40191.8504,,55666.5837,61180.444,43177.39075,86273.135,73128.0485,30127.5585,24303.4415,42184.025,64119.718,24602.812,15539.904,,18696.447,13880.6955,14244.912,11654.9568,10562.3046,13921.1984,,18210.87,21367.4208,20638.986,22055.387,21367.4208,14042.6042,10926.5219999999,19141.6478,22824.2903999999,19020.242,45.52825,,28.783,32.750750000000004,33.15425,33.15425,30.3302461,28.8507218999999,,30.5992505,28.6489686,20.9150921,39.1401402,34.2308099,21.4531009,22.2601141,22.192863,28.245462,12.777709,17_8
-3,NASS USDA,Chase,,22,17,9,-1,12539.2,,12457.6,2883.2,12294.4,10722.907,5584.6206,7266.5385,9253.27,12736.854,13009.009,15975.4985,,16329.3,7484.2625,5769.686,8518.4515,8899.4685,6613.3665,3342.6981,,3557.1811500000003,3172.7304,3375.0729,3136.3165,2023.43,2549.5218,2707.34933999999,3921.40733999999,4208.7344,5341.8552,,4734.82619999999,3116.0822,2428.116,3318.4252,3662.4083,4370.6088,37.5255,,35.03725,33.42325,36.44950000000001,34.163,27.572951,28.5144663999999,34.1635588,32.4822813,30.935506,29.9267395,,34.4998143,24.0086427,23.7396382999999,25.555418,24.210396,15.467753,17_9
-3,NASS USDA,Chautauqua,,22,17,10,-1,7072.0,,5657.599999999999,91256.0,2181.44,2090.1504,,2803.1965,4490.5575,3538.015,4939.61325,,8518.4515,5715.255,2803.1965,977.03645,1251.913,3129.7825,163.293,1630.88055,,1837.2699,918.63495,882.2133,776.99712,,1266.66718,1222.15172,1153.3551,1663.25946,,2751.8648,1861.5556,1173.5894,647.4976,971.2464,1396.1667,242.8116,43.37625,,30.8005,31.405750000000005,24.748,26.9,,22.1256119,36.7191006,30.6665016,29.7249862,,30.935506,30.7337527,23.8741405,15.0642463999999,12.777709,22.5291185,6.72511,17_10
-3,NASS USDA,Cherokee,,22,17,11,-1,122726.4,,146472.0,86169.59999999999,85408.0,35080.7795,50092.8493,73171.5933,,94742.5986,76734.10225,80361.9284,110794.3005,95417.543,58731.049,,51573.3725,81074.9745,18588.1865,23471.73,,27275.769,21448.305,21245.9625,12788.0776,13637.9182,20153.3628,,23148.0392,23593.1938,23148.0392,30068.1698,27478.1794,20558.0488,,20760.3918,28692.2373999999,20962.7348,52.3205,,53.73275,42.56925,40.215500000000006,27.438,36.7191006,36.315594,,40.9559199,32.5495324,34.7015676,36.8536028,34.7015676,28.5817175,,24.882907,28.245462,8.742643,17_11
-3,NASS USDA,Cheyenne,,22,17,12,-1,,,,32395.2,150878.4,106984.1305,171566.512,132430.623,160979.6825,,132348.9765,109868.9735,79795.846,180683.7045,175376.682,194454.7475,176247.578,151290.9645,189365.449,,,,37595.2365,39942.4095,36826.426,41820.25124,42148.0469,43212.37108,,52127.60366,49047.9432,46215.1412,47105.4504,48279.0398,49776.378,52164.0254,50788.093,59853.0594,,,,22.93225,37.794500000000006,29.052,41.023171,31.4062637,37.2571094,,25.4209157999999,22.3946162999999,17.2835327,38.333127,36.315594,39.0728891,33.62555,29.9267395,31.608017,17_12
-3,NASS USDA,Clark,,22,17,13,-1,82225.59999999999,,23990.4,47300.8,81436.79999999999,76176.1845,89702.288,49695.503,74053.3755,93049.7945,82299.672,,16329.3,42456.18,38782.0875,68501.4135,61425.3835,60608.9185,57152.55,22864.7025,,13516.479,17725.203,24523.911,23552.7252,23269.445,22682.6503,25086.48514,26223.6528,29550.17172,,19910.5511999999,25454.7494,23633.6624,26304.59,28449.4258,26830.6818,26871.1504,35.978750000000005,,17.754,18.292,33.2215,32.34725,38.5348803,21.9238586,29.5232328999999,35.5085808,27.8419553999999,,8.2046342,16.6782728,16.4092684,26.0261757,21.520352,22.5291185,21.520352,17_13
-3,NASS USDA,Clay,,22,17,14,-1,67456.0,,45668.8,65171.2,62152.0,57125.3345,,63090.9721,80136.03975,105274.9971,,73710.4602,113488.635,97758.076,86082.6265,87786.3168,117271.5895,94799.75115,70460.9295,15135.219,,17118.1755,17684.734500000002,17158.644,16754.0004,,22775.72808,21363.3739399999,27761.4596,,30877.5418,32658.1602,31322.6964,30715.6674,27316.305,33386.595,33358.26698,37757.2037999999,44.58675,,26.69825,26.7655,36.24775,34.09575,,27.7074532,37.5261138,37.9296204,,23.8741405,34.7688187,31.2045103999999,28.0437087,32.1460258,34.970572,28.5817175,18.830308,17_14
-3,NASS USDA,Cloud,,22,17,15,-1,,,34924.8,13436.8,68108.8,60608.9185,,,105778.48385,,,68876.9874,155264.4275,136621.81,126715.368,144639.4963,144487.0895,145817.92745,95580.836,,,19910.502,22500.486,19789.0965,20719.9232,,,30833.02634,,,39869.66472,45122.489,44029.8368,44394.0542,45122.489,45769.9866,48971.0528599999,49128.8804,,,17.55225,28.984750000000005,34.432,29.25375,,,34.298061,,,17.2835327,34.4325632,31.0027571,28.5144663999999,32.0787747,31.608017,29.9267395,19.502819,17_15
-3,NASS USDA,Coffey,,22,17,16,-1,24779.2,,21270.4,18360.0,14062.4,11403.2945,4490.5575,11811.527,13852.6895,,18560.971,,48280.297,28304.12,14070.4135,,12573.561,,22480.003,5179.968,,6313.086,4694.3460000000005,5099.031,3731.20492,1825.13386,3573.37738,3710.97062,,6677.31899999999,,13111.8264,8255.5944,5908.4156,,5665.604,,12019.1742,47.882000000000005,,33.69225,28.6485,27.5725,30.5315,24.6139026,33.0875412,37.3243605,,27.7747042999999,,36.8536028,34.298061,23.8068894,,22.192863,,18.830308,17_16
-3,NASS USDA,Comanche,,22,17,17,-1,,,11587.2,76051.2,53094.4,56281.654,53396.811,15891.13045,48008.142,48133.3333,50675.261,15787.71155,27650.948,,34291.53,57070.9035,45722.04,52716.4235,34917.4865,,,10521.81,15985.0575,19748.628,19829.614,17887.1211999999,11242.17708,15782.7539999999,17158.6864,18162.3076799999,16244.09604,20315.2372,,21610.2324,23876.474,22662.416,24362.0972,23269.445,,,11.029,11.499750000000002,26.90000000000001,28.3795,29.8594883999999,14.122731,30.3974972,28.0437087,27.9092065,9.7514095,13.5847221999999,,15.8712596,23.8741405,20.17533,21.520352,14.795242,17_17
-3,NASS USDA,Cowley,,22,17,18,-1,95608.0,,38705.6,37128.0,91174.4,78816.088,51048.11335,,,88967.4695,67698.55625,79901.98645,135723.6985,115774.737,55628.482,48952.51985,53641.7505,87633.91,12954.578,25495.155,,24928.596,27599.517,27680.454,24362.0972,21679.0290199999,,,30715.6674,34843.4646,34964.8704,39740.1651999999,34519.7158,27356.7736,20638.986,28368.4886,34317.3728,13556.981,37.5255,,15.534750000000004,27.5725,32.9525,32.34725,23.537885,,,28.9852241,19.4355679,22.865374,34.1635588,33.5582989,20.3098322,23.7396382999999,18.830308,25.555418,9.415154,17_18
-3,NASS USDA,Crawford,,22,17,19,-1,61444.8,,55188.8,56956.8,52985.6,8953.8995,14015.9825,,26507.897,39522.3491,,,,52934.1475,22044.555,3184.2135,19459.0825,34699.7625,11049.493,13152.2625,,14771.0025,9914.7825,12261.9555,2897.55176,4815.7634,,7284.348,10440.8987999999,,,,12788.0776,8296.063,1537.8068,7850.9084,13637.9182,9348.2466,46.73875000000001,,37.391000000000005,37.45825000000001,43.24175,30.86775,29.1197262999999,,36.3828451,37.8623693,,,,41.4266776,26.5641845,20.7133388,24.882907,25.555418,12.105198,17_19
-3,NASS USDA,Decatur,,22,17,20,-1,85625.59999999999,,89379.2,131076.8,137115.19999999998,84204.757,141828.13515,,129918.63235,166281.2619,88232.651,78035.00315,64201.3645,134825.587,137302.1975,136221.74215,171620.943,121177.01375,147834.596,29906.2215,,34276.819500000005,30270.438,33831.666000000005,28651.7688,35122.69794,,34560.1844,39772.54008,42208.7498,41156.5662,36178.9284,40306.7256,42694.373,40468.6,44758.2716,43544.2135999999,44960.6146,28.6485,,26.093000000000004,18.83,40.55175,29.388250000000003,40.35066,,37.5933649,41.8301842,20.9150921,18.9648102,17.7542904,33.4237967,32.1460258,33.6928011,38.333127,27.9092065,32.953039,17_20
-3,NASS USDA,Dickinson,,22,17,21,-1,185939.2,,131593.6,,183355.2,152624.524,,109245.73855,187449.4778,208454.4007,177104.86625,129660.0851,236448.264,197475.668,153822.006,141692.05765,196904.1425,207137.1705,71168.5325,46336.4325,,50464.2195,46215.027,48197.9835,46984.0446,,52851.9916,47672.0108,53539.9578,56453.697,56340.38492,61755.0836,59003.2187999999,50181.064,48359.977,58760.4072,62483.5184,58800.8758,40.14825,,26.093000000000004,28.3795,38.063500000000005,32.48175,,20.6460877,39.3418935,38.9383869,31.3390126,22.9998762,38.2658759,33.4910478,30.6665016,29.3214796,33.62555,33.2892945,12.105198,17_21
-3,NASS USDA,Doniphan,,22,17,22,-1,,,,,,,,,,,,,,,,,,,1877.8695,,,,,1946.53485,,,,,,,,,,,,,,1052.1836,,,,,29.388250000000006,,,,,,,,,,,,,,18.157797,17_22
-3,NASS USDA,Douglas,,22,17,23,-1,4488.0,,6990.4,2747.2,5712.0,2775.981,3981.62765,3810.17,3048.136,,3551.62275,6997.10505,13907.1205,7320.9695,3728.5235,1823.4385,5715.255,6667.7975,7783.633,930.7755,,2343.12615,914.5881,35126.658,890.3092,1566.13482,1294.9952,979.34012,,1707.77492,2322.89764,3804.0484,2549.5218,1497.3382,687.9662,2347.1788,3391.26868,4613.4204,48.218250000000005,,29.859,30.06075000000001,39.07225,31.204,25.4209157999999,29.4559817999999,31.1372592999999,,20.7805899,30.1284927999999,36.5845984,28.7162197,24.882907,26.4969333999999,24.210396,19.502819,16.812775,17_23
-3,NASS USDA,Edwards,,22,17,24,-1,123624.0,,40174.4,76540.8,137169.6,120727.958,108780.3535,95308.681,138717.4035,,129709.073,98710.6185,92015.6055,126851.4455,95335.8965,116210.185,114713.3325,101949.263,92777.6395,36421.65,,25980.777,35693.217000000004,2646.6399,34519.7158,34357.8414,38364.2328,39456.885,,44110.774,44717.803,43867.9624,43422.8078,39942.5082,39052.199,39902.0396,37271.5806,43787.0252,33.96125,,15.4675,21.45275,37.86175,34.97,31.6752681,24.8156559,35.1723253,,29.3887307,22.0583607999999,20.9823432,29.1869773999999,23.8741405,29.7249862,28.5817175,27.2366955,21.520352,17_24
-3,NASS USDA,Elk,,22,17,25,-1,10308.8,,,6473.599999999999,10009.6,,,4626.635,4163.9715,4789.928,,5334.238,10858.9845,5688.0395,3401.9375,1309.06555,2531.0415,4572.204,1306.344,2306.7045000000003,,,1926.3006,28166.076,,,1586.36912,1145.26138,1748.24352,,2415.97541999999,3156.5508,2347.1788,1537.8068,809.372,1699.6812,2407.8817,1456.8696,44.72125,,,33.625,,,,29.1869773999999,36.3828451,27.3711977,,22.0583607999999,34.4325632,24.210396,22.1256119,16.2075151,14.795242,18.830308,8.742643,17_25
-3,NASS USDA,Ellis,,22,17,26,-1,89297.59999999999,,45315.2,98192.0,,102194.2025,98228.90415,75468.5815,,128435.3876,84544.95075,50928.36515,76856.572,96261.2235,92042.821,128647.6685,117353.236,128266.6515,91933.959,29461.068000000003,,23997.8205,31079.808,,32536.7544,31363.165,34487.34092,,36988.3004,38242.827,37959.5468,39618.7594,39780.6337999999,39821.1023999999,40873.286,40630.4744,43018.1218,42289.687,30.329750000000004,,18.897250000000003,31.6075,31.405750000000005,31.40575,31.3390126,21.8566075,,34.7015676,22.1256119,13.3829688999999,19.3683168,24.210396,23.1343784,31.4735147999999,28.917973,29.9267395,21.520352,17_26
-3,NASS USDA,Ellsworth,,22,17,27,-1,93976.0,,43248.0,80756.79999999999,88400.0,83769.309,82457.5219,98906.5701,102722.1832,,80745.66695,59117.5091,,98710.6185,82816.7665,100319.05455,122388.1035,104044.8565,50566.399,28530.2925,,22743.297,27680.454,62281.0215,28247.0828,25167.42234,32597.4573,30877.5418,,33346.1264,32213.0056,,35571.8994,34034.0925999999,33993.6239999999,37959.5468,39740.1651999999,39618.7594,32.9525,,19.03175,29.1865,44.72125,29.65725,32.7512857,30.3302461,33.2892945,,24.210396,18.3595503,,27.7747042999999,24.3448982,29.5232328999999,32.280528,26.227929,12.777709,17_27
-3,NASS USDA,Finney,,22,17,28,-1,,,,106379.2,278364.8,103554.9775,,,,,183405.2545,107855.0265,103173.9605,142200.9875,87906.065,231141.2415,235985.6005,179333.8157,208770.1005,,,,51718.743,3075.606,37838.141,,,,,66489.9098,62888.2043999999,64061.7938,72641.137,47955.291,61512.272,68756.1514,61633.6778,61795.5522,,,,20.5785,,27.37075,,,,,27.572951,17.1490305,16.0730129,19.5700701,18.3595503,37.5933649,34.298061,29.2542285,33.62555,17_28
-3,NASS USDA,Ford,,22,17,29,-1,,,,,,211791.021,,160707.5275,234706.472,301901.5415,186807.192,128919.8235,106956.915,188821.139,152461.231,233890.007,191542.689,170439.7903,172437.408,,,,,,61512.272,,61309.929,66530.3784,67663.4991999999,73288.6346,72236.451,66773.19,74462.224,68149.1224,68189.591,67542.0934,65923.3493999999,70051.1466,,,,,,34.432,,26.227929,35.3068275,44.5874793,25.4881669,17.8215415,16.0057618,25.3536647,22.3946162999999,34.298061,28.245462,25.8916735,24.882907,17_29
-3,NASS USDA,Franklin,,22,17,30,-1,10227.2,,12539.2,8676.8,9873.6,3701.308,4681.066,4681.066,4463.342,10369.1055,15512.835,16522.53005,,24847.7515,10614.045,476.27125,5905.7635,,11267.217,2468.5785,,3164.6367,2638.5462,3116.0745,1319.27636,1651.11888,1274.7609,1400.21356,3415.54984,5787.0098,5179.9808,,6677.31899999999,4168.2658,202.343,2428.116,,8457.93739999999,41.42600000000001,,39.6775,32.88525,32.1455,28.04325,28.3799642,36.7191006,31.8770213999999,30.3302461,26.8331888999999,31.8770213999999,,37.1898583,25.4881669,23.537885,24.210396,,13.45022,17_30
-3,NASS USDA,Geary,,22,17,31,-1,12947.2,,,8214.4,11342.4,,8194.58705,6265.0081,9922.7713,14299.0237,12913.75475,12059.18805,18452.109,14015.9825,13879.905,9196.11745,12655.2075,11757.096,9035.546,2873.2635,,,2557.6092000000003,33062.764500000005,,2703.30248,2861.13002,2529.2875,3909.26676,4370.6088,3969.96965999999,4775.2948,4977.63779999999,4492.01459999999,3439.831,3763.5798,4042.81313999999,6434.50739999999,45.0575,,,32.1455,36.44950000000001,,30.3302461,21.9238586,39.2073913,36.5845984,29.5232328999999,30.3974972,38.6693825,28.1782108999999,30.8682548999999,26.7659377999999,33.62555,28.917973,14.122731,17_31
-3,NASS USDA,Gove,,22,17,32,-1,124140.8,,45886.4,95880.0,135347.19999999998,77945.192,147426.3635,84656.5343,,162394.8885,86028.1955,98628.972,93757.3975,147290.286,83279.43,126851.4455,138690.188,102166.987,128865.3925,35652.7485,,23147.982,37150.083,33062.764500000005,27923.334,37053.05016,33872.2181999999,,42018.5473799999,41132.28504,45822.5957799999,44555.9286,43463.2764,32374.88,39861.5709999999,41237.5034,42127.8126,42896.716,34.8355,,19.83875,25.824,40.95525000000001,27.90875,39.8126512,25.0174092,,38.6693825,20.9150921,21.520352,21.0495943,33.8945544,25.7571712999999,31.8097702999999,33.62555,24.210396,30.262995,17_32
-3,NASS USDA,Graham,,22,17,33,-1,59160.0,,26193.6,64192.0,94737.6,70651.438,,,,,,,,95199.819,82735.12,99064.42,106684.76,63534.58475,73100.833,22621.8915,,18048.951,23876.415,24645.3165,24321.6286,,,,,,,,33346.1264,31970.194,31970.194,31767.851,28854.1118,32900.9718,26.16025,,14.526000000000002,26.90000000000001,38.467,29.052,,,,,,,,28.5817175,25.8916735,31.0027571,33.62555,21.8566075,22.192863,17_33
-3,NASS USDA,Grant,,22,17,34,-1,97974.4,,44172.8,51000.0,104992.0,51600.588,95199.819,,59765.238,146092.804,69943.835,54975.31,44252.403,90001.6585,50158.1665,112889.894,97812.507,,116890.5725,31565.43,,12990.3885,25373.7495,34034.0085,19424.928,28166.1456,,23836.0054,37150.1748,31039.4162,29542.0779999999,30472.8557999999,42451.5614,20922.2662,34195.967,44110.774,,35976.5853999999,31.069500000000005,,34.0285,20.107750000000003,30.86775,26.56375,33.8273033,,25.0846602999999,39.3418935,22.5291185,18.6285547,14.5262376,21.1840965,23.9413916,33.0202901,22.192863,,32.280528,17_34
-3,NASS USDA,Gray,,22,17,35,-1,228262.4,,100286.4,113179.2,,120510.234,170641.185,,164817.068,244259.1125,179077.99,89566.2105,91933.959,122170.3795,98737.834,181173.5835,188195.1825,129918.63235,176710.2415,47631.4245,,31282.1505,42734.736,,39821.1024,46053.2668,,45203.4262,47752.948,57182.1317999999,49938.2524,51314.1847999999,54592.1414,46741.233,49574.0349999999,57424.9434,50747.6244,53459.0205999999,47.94925,,32.078250000000004,26.496500000000005,,30.2625,37.0553561,,36.4500962,51.1780870999999,31.3390126,17.9560437,17.8887926,22.3946162999999,21.1168454,36.5173473,32.6167835,25.555418,32.953039,17_35
-3,NASS USDA,Greeley,,22,17,36,-1,147016.0,,158140.8,123406.4,171659.19999999998,139071.205,280047.495,,75550.228,243714.8025,127069.1695,149195.371,22126.2015,167701.911,96941.611,203109.2765,167620.2645,108181.6125,240204.003,53216.0775,,64992.411,53216.0775,59529.1635,53297.1462,62613.01792,,42496.07686,65619.8349,71775.10896,86084.80592,20153.3628,72843.48,64547.417,66570.847,71669.8906,51152.3104,68756.1514,27.639750000000003,,24.344500000000004,23.20125,28.850250000000003,26.093,44.7219815,,17.7542904,37.1226072,17.6870393,17.3507838,10.9619293,22.9998762,14.9969953,30.5319993999999,23.537885,21.1840965,34.970572,17_36
-3,NASS USDA,Greenwood,,22,17,37,-1,15476.8,,8785.6,6310.4,8350.4,3129.7825,2612.688,5824.117,3102.567,7146.7903,9443.7785,8817.822,14342.5685,,3075.3515,,2966.4895,,3701.308,3605.74335,,3184.87095,2241.9549,2517.1407,1019.80872,801.27828,1630.88458,882.21548,2395.74112,3265.81601999999,2942.06722,3844.517,,1456.8696,,1254.5266,,3318.4252,42.97275,,27.5725,28.177750000000003,33.2215,30.666,32.6167835,35.7103341,35.1723253,29.8594883999999,28.917973,29.9939906,37.3243605,,21.1168454,,23.537885,,11.432687,17_37
-3,NASS USDA,Hamilton,,22,17,38,-1,94574.4,,31198.4,61009.6,129009.6,81973.086,197856.685,,73781.2205,169770.289,43354.2915,39271.9665,16166.007,97676.4295,55982.2835,138145.878,111148.102,63466.546,175376.682,39861.4725,,16349.274,36462.1185,50383.2825,33305.6578,43677.75998,,36021.10086,50553.37512,31468.38336,48364.02386,16511.1888,52406.837,47752.948,48157.634,58558.0642,39740.1651999999,56291.8226,23.73925,,19.099,16.74525,25.62225,24.6135,45.3272414,,20.5115855,33.5582989,13.7864755,8.1373831,9.8186606,18.6285547,11.7016913999999,28.7162197,18.830308,15.8040085,30.935506,17_38
-3,NASS USDA,Harper,,22,17,39,-1,,,94384.0,164097.59999999998,248417.6,269841.6825,,116637.46835,242571.7515,269090.5347,163175.97335,62541.219,176165.9315,246191.413,162340.4575,210637.0838,178805.835,231603.905,54839.2325,,,65316.159,82758.0825,81948.71250000001,85186.40299999999,,79140.39416,83770.002,86315.47694,87501.20692,73693.3205999999,85226.8716,90852.007,91863.722,87816.862,92389.8138,93077.78,37392.9864,,,14.45875,19.83875,30.329750000000004,31.67475,,14.7279908999999,28.9852241,31.2045103999999,18.6285547,8.4736386,20.6460877,27.1021932999999,17.6870393,24.0086427,19.502819,24.882907,14.795242,17_39
-3,NASS USDA,Harvey,,22,17,40,-1,122536.0,,74092.8,96124.8,112390.4,99227.713,59874.1,87334.5395,116727.2795,145739.0025,141466.169,94192.8455,183405.2545,173634.89,92532.7,96024.44865,130443.8915,164408.8355,38646.01,32496.2055,,34236.351,33103.233,33710.260500000004,29865.8268,24681.79914,34499.4815,34398.31,41221.31596,44891.81798,44968.70832,46579.3586,47712.4794,39537.8222,35410.025,44110.774,48886.0688,42532.4986,37.727250000000005,,21.6545,29.052000000000003,33.356,33.2215,24.2776471,25.2864136,33.9618055,35.3740786,31.5407658999999,20.9150921,39.3418935,36.3828451,23.4033827999999,27.1021932999999,29.590484,33.62555,9.415154,17_40
-3,NASS USDA,Haskell,,22,17,41,-1,109670.4,,37862.4,47382.4,133089.6,63629.839,,,,,,,55029.741,90736.477,54240.4915,119693.769,125790.041,89125.3194,159074.5975,27842.328,,13192.731,23269.3875,29380.131,20436.643,,,,,,,32900.9718,44555.9286,26385.5272,37231.112,43827.4938,33710.3438,46174.6726,39.4085,,28.715750000000003,20.37675,45.3265,31.13675,,,,,,,16.7455239,20.3770833,20.5788366,32.1460258,28.5817175,26.5641845,34.298061,17_41
-3,NASS USDA,Hodgeman,,22,17,42,-1,,,65307.2,91908.8,164832.0,105024.6145,,,,,,81211.052,72828.678,96234.008,64310.2265,139642.7305,119203.89,106573.17645,121979.871,,,29987.1585,37878.516,38202.264,35733.7738,,,,,,42759.12276,43463.2764,44232.1798,39133.1362,41480.315,40387.6628,40590.0058,42734.8416,,,21.789,24.27725,43.17450000000001,29.388250000000003,,,,,,18.9648102,16.7455239,21.7893564,16.4092684,33.6928011,29.590484,26.227929,28.245462,17_42
-3,NASS USDA,Jackson,,22,17,43,-1,3128.0,,6827.2,3672.0,1667.36,,3429.153,2005.78235,1456.02925,4163.9715,5415.8845,9688.718,,5225.376,4898.79,2321.48215,4136.756,9171.6235,8028.5725,683.91765,,1780.614,918.63495,546.32475,,1137.16766,825.55944,526.0918,1416.401,2444.30344,3176.7851,,1740.1498,1902.0242,971.2464,1618.744,4451.546,5179.9808,45.73,,38.3325,40.01375,30.5315,,30.1284927999999,24.2776471,27.7074532,29.3887307,22.1256119,30.5319993999999,,30.0612417,25.7571712999999,23.8741405,25.555418,20.5115855,15.467753,17_43
-3,NASS USDA,Jefferson,,22,17,44,-1,,,,2118.88,2613.92,1004.25195,,1932.3005,860.0098,2593.63715,3102.567,,,3401.9375,1660.1455,413.6756,1932.3005,4055.1095,10886.2,,,,534.1842,671.7771,348.02996,,594.88842,327.79566,934.82466,1424.49472,,,1052.1836,607.029,202.343,687.9662,2347.1788,5382.3238,,,,39.6775,38.93775,28.85025,,32.4822813,26.227929,27.7747042999999,21.7893564,,,32.3477791,27.3711977,20.4443344,28.245462,17.1490305,20.17533,17_44
-3,NASS USDA,Jewell,,22,17,45,-1,,,,92860.8,,77101.5115,,68953.1908,107770.65845,147529.7824,117113.7396,129246.4095,136240.793,150474.4995,146637.114,150991.594,145521.2785,169498.134,124864.714,,,,28489.824,,27761.4596,,34802.996,33791.281,41399.3778,47510.1363999999,52730.5858,51111.8418,47712.4794,54187.4554,50383.407,48926.5374,54511.2042,54470.7356,,,,32.61625,,27.77425,,19.8390745,31.8770213999999,35.643083,24.6811537,24.4794004,26.6314356,31.5407658999999,27.0349422,29.9939906,29.590484,30.935506,22.865374,17_45
-3,NASS USDA,Johnson,,22,17,46,-1,,,,,,1997.6177,1796.223,,4300.049,3156.998,,6180.64005,10069.735,5606.393,1796.223,1091.34155,1959.516,,5688.0395,,,,,,659.63818,517.99808,,922.68408,866.02804,,1849.41502,2913.7392,1456.8696,728.4348,485.6232,971.2464,,3156.5508,,,,,,30.2625,34.7015676,,46.6050123,36.4500962,,33.4237967,34.5670654,38.4676292,24.6811537,22.4618674,20.17533,,18.157797,17_46
-3,NASS USDA,Kearny,,22,17,47,-1,127867.2,,,77003.2,132056.0,82680.689,,,105487.278,203571.94,,52144.898,47191.677,105296.7695,51029.0625,126279.92,114495.6085,69557.3749,130008.4435,36583.524000000005,,,32739.0165,40428.031500000005,31525.0394,,,37595.3294,46781.7016,,42411.0928,36057.5226,46822.1702,33386.595,42694.373,44555.9286,33467.5322,43260.9334,34.970000000000006,,,23.5375,32.6835,26.2275,,,28.0437087,43.5114617,,12.3069513,13.1139645,22.4618674,15.2659996999999,29.590484,25.555418,20.847841,30.262995,17_47
-3,NASS USDA,Kingman,,22,17,48,-1,194425.6,,81409.59999999999,146308.8,200790.4,202102.303,,160680.312,230678.578,240503.3735,204633.3445,95744.129,226759.546,212689.1325,141575.031,168572.807,176165.9315,213560.0285,33311.772,65154.285,,56332.152,66165.9975,66530.214,64628.3542,,71091.18962,70253.4896,74401.5211,76214.51438,77416.4317999999,78387.6782,79601.7362,75271.596,69808.3349999999,76607.0598,79035.1758,36785.9574,29.859,,14.45875,22.12525,30.19525,31.27125,,22.5963696,32.8185368,32.3477791,26.8331888999999,12.3742023999999,28.917973,26.6986867,18.830308,24.1431449,22.865374,26.90044,8.742643,17_48
-3,NASS USDA,Kiowa,,22,17,49,-1,80566.4,,,44091.2,77656.0,69943.835,81238.2675,,,93947.906,,,46048.626,65426.062,55682.913,78135.7005,73917.298,74788.194,43027.7055,24362.037,,,21933.927,22176.738,20881.7976,22715.02518,,,28198.52048,,,28328.02,30756.136,25899.904,27518.648,28368.4886,28044.7398,25778.4981999999,33.087,,,20.107750000000003,35.03725,33.4905,35.7775852,,,33.2892945,,,16.2747662,21.2513476,21.520352,28.3799642,25.8916735,26.5641845,16.812775,17_49
-3,NASS USDA,Labette,,22,17,50,-1,67619.2,,95172.8,62668.8,48633.6,12437.4835,5415.8845,,41694.146,,39816.2765,40496.664,66759.6215,78326.209,42265.6715,5905.7635,23105.9595,46837.8755,6232.3495,17968.014,,21852.99,16106.463000000002,14244.912,4775.2948,2399.78798,,14447.2902,,15418.5366,15459.0052,22379.1358,20193.8314,15297.1307999999,3035.145,14811.5075999999,22662.416,8984.02919999999,37.66,,42.56925,38.93775,34.163000000000004,26.02575,22.5963696,,28.8507218999999,,25.8244224,26.227929,29.8594883999999,38.8038847,27.6402021,19.4355679,15.467753,20.5115855,6.72511,17_50
-3,NASS USDA,Lane,,22,17,51,-1,,,,72678.4,141276.8,71740.058,152978.3255,,,181309.661,85538.3165,62786.1585,60282.3325,84313.619,46103.057,145739.0025,126960.3075,,123612.801,,,,31808.241,35329.0005,26142.7156,35070.08876,,,38716.30962,38590.85696,38327.81106,39456.885,44232.1798,21772.1067999999,38040.484,39982.9768,,43179.9962,,,,22.865,40.01375,27.438,43.6459639,,,46.8067655999999,22.192863,16.4092684,15.2659996999999,19.0320613,21.1840965,38.333127,31.608017,,28.917973,17_51
-3,NASS USDA,Leavenworth,,22,17,52,-1,,,4732.8,2227.68,2265.76,1172.98805,2941.99555,2152.74605,1883.3126,3211.429,3265.86,3867.32255,7130.461,3483.584,2775.981,1905.085,3238.6445,2313.3175,3075.3515,,,1112.88375,570.60585,663.6834,424.9203,942.91838,675.82562,570.60726,906.49664,1262.62032,1367.83868,2225.773,1416.401,1092.6522,728.4348,1335.4638,1153.3551,2225.773,,,42.56925,39.07225,34.163000000000004,27.5725,31.2045103999999,31.8770213999999,33.0202901,35.4413297,25.8916735,28.245462,32.0115236,24.6139026,25.4209157999999,26.1606779,24.210396,20.17533,14.122731,17_52
-3,NASS USDA,Lincoln,,22,17,53,-1,94547.2,,45696.0,71617.59999999999,,91933.959,,,,131437.25725,,59767.95955,121163.406,114522.824,101513.815,118039.0666,117843.115,138037.016,75087.5645,30513.249,,26142.651,31808.241,3087.7465500000003,,,,,37190.6434,,38214.49898,42532.4986,39092.6676,40023.4454,39861.5709999999,39618.7594,42451.5614,42532.4986,31.002250000000004,,17.485000000000003,22.52875,,29.92625,,,,35.3740786,,15.6695063,28.5144663999999,29.3214796,25.3536647,29.590484,29.590484,32.6167835,17.485286,17_53
-3,NASS USDA,Linn,,22,17,54,-1,,,,6419.2,9329.6,,4136.756,3456.3685,,12655.2075,7035.20675,13553.319,,14614.7235,10477.9675,,4381.6955,9552.6405,8083.0035,,,,2023.425,35693.217000000004,,1440.68216,1112.8865,,3743.3455,3180.83196,4492.01459999999,,4572.9518,4168.2658,,2023.43,5665.604,7284.348,,,,31.742000000000004,30.262500000000003,,28.7162197,31.0700082,,33.8273033,22.1256119,30.1957438999999,,31.9442725,25.1519114,,21.520352,16.812775,11.432687,17_54
-3,NASS USDA,Logan,,22,17,55,-1,,,,,130995.2,84068.6795,,89835.64395,,174478.5705,,85075.653,,173852.614,59574.7295,187514.795,167348.1095,98765.0495,166994.308,,,,,4694.3460000000005,30634.7302,,38000.0154,,46405.34362,,52973.3974,,55603.8564,26871.1504,53418.5519999999,54996.8274,45405.7692,52690.1172,,,,,36.718500000000006,27.438,,23.6723872,,37.5933649,,16.0730129,,31.2717615,22.192863,35.1050742,30.262995,21.8566075,31.608017,17_55
-3,NASS USDA,Lyon,,22,17,56,-1,22603.2,,,13844.8,13491.2,9824.7955,4517.773,,9296.8148,13498.888,14968.525,,43435.938,26371.8195,13199.5175,4327.2645,10233.028,15893.852,10042.5195,5503.716,,,4815.7515,,3447.92472,1740.1498,,2747.81794,4532.4832,6232.1644,,11614.4882,8619.8118,5665.604,2185.3044,4775.2948,8417.4688,8862.6234,41.08975,,,28.783,28.783,28.514,25.9589246,,33.8273033,29.7922372999999,24.0086427,,37.3916116,30.5992505,23.2688806,19.7718234,21.520352,18.830308,11.432687,17_56
-3,NASS USDA,Marion,,22,17,57,-1,157270.4,,126643.2,109452.8,,130661.6155,110497.65155,110367.01715,144552.4067,170371.75155,159308.6508,103816.2463,224990.5385,179159.6365,136540.1635,104534.7355,152243.507,147671.303,49287.2705,39659.130000000005,,45405.657,40711.311,,39011.7304,36000.86656,44835.16194,39537.8222,49412.1605999999,51192.779,55765.7308,58477.127,54551.6728,49371.6919999999,40873.286,48238.5712,52406.837,47267.3248,39.6775,,27.90875,26.90000000000001,,33.4905,30.6665016,24.6139026,36.5845984,34.4998143,31.1372592999999,18.6285547,38.4676292,32.8185368,27.6402021,25.555418,31.608017,28.245462,10.760176,17_57
-3,NASS USDA,Marshall,,22,17,58,-1,,,19284.8,13300.8,,8763.391,,,,37952.01475,,53641.7505,72121.075,62514.0035,55900.637,65562.1395,85429.4545,68936.8615,65752.648,,,4572.940500000001,3686.68035,,2776.14596,,,,10643.2418,,18898.8361999999,20193.8314,20558.0488,22055.387,22864.759,25980.8412,29623.0151999999,35410.025,,,42.16575,36.11325,,31.54025,,,,35.643083,,28.3799642,35.7103341,30.3974972,25.3536647,28.6489686,32.953039,23.2016295,18.830308,17_58
-3,NASS USDA,McPherson,,22,17,59,-1,241155.2,,170190.4,207372.8,210147.2,253267.443,204470.0515,214131.554,278087.979,336056.994,262357.42,175757.699,347269.78,300186.965,245184.4395,211396.39625,280809.529,329742.998,62241.8485,66692.088,,72762.363,67218.17850000001,71791.119,73126.7602,65757.42814,75077.34672,71532.29736,81277.1362399999,85117.60638,85833.9006,92673.094,89476.0745999999,82596.4126,76687.997,84781.717,89435.606,71103.3302,36.1805,,23.403,30.86775,29.321,34.63375,31.0700082,28.5144663999999,38.8711358,41.3594265,30.8010037999999,20.4443344,37.4588627,33.5582989,29.6577351,27.572951,33.2892945,36.988105,8.742643,17_59
-3,NASS USDA,Meade,,22,17,60,-1,138339.19999999998,,,,,87470.617,,,,145140.2615,101160.0135,,40714.388,83306.6455,52471.484,98683.403,81592.069,62187.4175,110467.7145,35126.658,,,,,29096.9234,,,,33629.4066,38242.827,,28368.4886,34722.0588,32941.4404,30553.7929999999,34924.4018,31120.3534,35045.8076,39.4085,,,,,30.06075,,,,43.1752062,26.4296822999999,,14.3244843,24.0086427,15.9385106999999,32.280528,23.2016295,19.8390745,31.608017,17_60
-3,NASS USDA,Miami,,22,17,61,-1,10363.2,,9955.2,,7235.2,,3619.6615,,6014.6255,9607.0715,11321.648,15213.4645,24004.071,12655.2075,9253.27,1265.52075,4544.9885,7157.6765,4490.5575,1954.62855,,2889.4509000000003,,2173.15845,,1096.69906,,1335.4638,2707.34933999999,3362.94065999999,3832.37642,5260.918,3156.5508,2387.6474,485.6232,1497.3382,4087.3286,4249.20299999999,53.06025000000001,,34.49925,,33.28875,,33.0202901,,45.058237,35.5085808,33.6928011,39.678149,45.5962458,40.0816556,38.7366336,26.0934267999999,30.262995,17.485286,10.760176,17_61
-3,NASS USDA,Mitchell,,22,17,62,-1,166164.8,,,120387.2,139209.6,124374.835,165252.516,146550.0244,178846.65825,234238.3654,188347.5893,133282.46815,194318.67,199299.1065,199625.6925,218818.0631,219493.0075,262357.42,182126.126,44070.196500000005,,,39982.878,36462.1185,41561.2522,44875.63054,51026.85774,53256.6775999999,57161.8975,62220.4724999999,66307.8011,61633.6778,62807.2672,61916.958,65154.4459999999,72155.5138,76817.49652,79520.799,37.727250000000005,,,30.128,38.198,29.92625,36.8536028,28.7162197,33.5582989,40.9559199,30.262995,20.1080789,31.5407658999999,31.7425192,32.2132769,33.5582989,30.262995,34.298061,22.865374,17_62
-3,NASS USDA,Montgomery,,22,17,63,-1,50184.0,,64083.2,47328.0,35795.2,22833.8045,14587.508,39560.4508,38401.0705,50457.537,44864.75175,38999.8115,61126.013,58975.9885,25637.001,9661.5025,20765.4265,,6640.582,13678.353,,17401.455,13111.794,11654.928,7931.8456,5787.0098,13597.4496,13516.5124,14487.7588,16713.5318,14325.8843999999,17361.0294,15985.097,10602.7732,4653.889,12342.9229999999,,7891.37699999999,36.718500000000006,,36.853,36.11325,30.733250000000005,28.783,25.2191625,29.1197262999999,28.3799642,34.8360698,26.8331888999999,27.2366955,35.2395764,36.9208539,24.210396,20.7805899,16.812775,,8.742643,17_63
-3,NASS USDA,Morris,,22,17,64,-1,32177.6,,25377.6,25459.2,21705.6,23568.623,14560.2925,15703.3435,33747.22,37693.4675,32359.2295,28712.3525,53886.69,37339.666,30426.929,14168.3893,34890.271,28712.3525,16220.438,8012.763,,8579.322,7810.4205,7324.7985,7648.565399999999,5463.26099999999,9024.4978,8457.93739999999,10643.2418,11614.4882,12423.8602,15297.1307999999,13678.3868,10643.2418,6677.31899999999,12100.1114,13273.7008,14406.8216,40.14825,,29.59,32.61625,29.657250000000005,30.8005,26.6314356,17.4180349,39.8799023,35.4413297,27.8419553999999,23.1343784,35.2395764,27.3039466,28.5817175,21.2513476,28.917973,21.520352,11.432687,17_64
-3,NASS USDA,Morton,,22,17,65,-1,,,,,106188.8,27161.069,94546.647,54049.983,59248.1435,119176.6745,57070.9035,40523.8795,21473.0295,72801.4625,21908.4775,82163.5945,65997.5875,37326.05825,97703.645,,,,,37433.3625,16834.9376,30189.5756,32010.6626,25818.9668,35733.7738,27761.4596,31929.7254,22379.1358,39821.1023999999,20031.957,29542.0779999999,36543.1458,22581.4788,30837.0732,,,,,28.3795,16.14,31.3390126,16.8800261,22.9326251,33.3565456,20.5788366,12.7104578999999,9.6169073,18.2922992,10.9619293,27.8419553999999,18.157797,16.4765195,31.608017,17_65
-3,NASS USDA,Nemaha,,22,17,66,-1,,,9112.0,6174.4,,3592.446,8600.098,,5769.686,10314.6745,,,,14696.37,,17499.5665,24874.967,23133.175,27787.0255,,,2080.0809,1416.3975,,1145.26138,2302.66334,,1473.05704,2723.53678,,,,4694.3576,,5867.947,7850.9084,11209.8022,13799.7925999999,,,43.84700000000001,43.64525,,31.3385,37.3243605,,39.1401402,37.8623693,,,,31.3390126,,29.7922372999999,31.608017,20.5115855,20.17533,17_66
-3,NASS USDA,Neosho,,22,17,67,-1,42649.6,,42758.4,33864.0,33483.2,,4381.6955,21636.3225,,39408.044,31896.566,25473.708,47790.418,51627.8035,24575.5965,2585.4725,11076.7085,30671.8685,6177.9185,10319.4675,,12302.424,9914.7825,9105.4125,,1966.77396,7365.2852,,10279.0244,12464.3288,9226.8408,15175.725,13840.2611999999,9793.4012,1740.1498,7203.4108,15418.5366,8741.2176,41.35875,,34.76825,34.163000000000004,36.78575000000001,,22.2601141,29.3887307,,38.333127,25.6226691,27.6402021,31.4735147999999,37.3243605,25.0846602999999,14.8624931,15.467753,19.8390745,7.397621,17_67
-3,NASS USDA,Ness,,22,17,68,-1,153081.6,,57201.6,101891.2,157460.8,115230.427,140015.58285,,,181600.86685,94220.061,83029.0474,93702.9665,104398.658,42265.6715,162830.3365,151100.456,147823.7098,132348.9765,44313.0075,,30391.843500000003,40104.283500000005,43625.043000000005,,41512.68988,,,47906.72868,49497.14466,47688.19824,50383.407,50869.0302,28449.4258,49371.6919999999,50909.4988,52285.4312,53378.0833999999,34.566500000000005,,18.83,25.4205,36.11325,30.19525,33.7600522,,,37.9296204,19.0320613,17.4180349,18.6285547,20.5115855,14.8624931,32.953039,29.590484,28.245462,24.882907,17_68
-3,NASS USDA,Norton,,22,17,69,-1,,,,40120.0,,47409.401,,,61670.323,,69916.6195,68112.23185,38428.286,94002.337,97295.4125,102648.70135,122796.336,108671.4915,74243.884,,,,20517.5295,,16511.1888,,,22702.8846,,33410.87616,36037.2883,30391.9186,30675.1988,36664.5516,30756.136,35895.6481999999,40994.6918,36502.6772,,,,19.569750000000003,,28.71575,,,27.1694443999999,,20.9150921,18.8975591,12.6432068,30.6665016,26.5641845,33.3565456,34.298061,26.5641845,20.17533,17_69
-3,NASS USDA,Osage,,22,17,70,-1,18958.4,,19312.0,7616.0,9248.0,6858.306,7239.323,8572.8825,7538.6935,11022.2775,12138.113,15812.2055,31352.256,13471.6725,6939.9525,1235.5837,8273.512,11593.803,14179.2755,4330.1295,,4734.8145,2201.4864,2994.6690000000003,1897.97734,2460.49088,2347.1788,2302.66334,3395.31554,4572.9518,5139.5122,8174.6572,4330.1402,3277.9566,647.4976,3399.3624,6879.662,9226.8408,43.77975,,40.82075,34.63375,30.86775,36.11325,29.4559817999999,36.5173473,32.7512857,32.4822813,26.5641845,30.7337527,38.333127,31.1372592999999,21.1840965,19.0993124,24.210396,16.812775,15.467753,17_70
-3,NASS USDA,Osborne,,22,17,71,-1,96124.8,,,,97838.4,82871.1975,,70360.23215,,150931.7199,93898.9181,100983.11275,106358.174,137982.585,115910.8145,130315.97865,129409.7025,149168.1555,105977.157,32212.926000000003,,,,27882.7965,31120.3534,,34195.967,,40630.4744,44677.3344,47995.7596,49695.4408,46053.2668,49493.0977999999,46538.89,46660.2958,49047.9432,46457.9528,29.859,,,,35.1045,26.631,,20.5788366,,37.1226072,21.0495943,21.0495943,21.3858498,29.9939906,23.4033827999999,27.9764576,27.572951,30.262995,22.865374,17_71
-3,NASS USDA,Ottawa,,22,17,72,-1,101292.8,,68843.2,66830.4,95988.8,92859.286,78078.54795,84302.7328,98759.6064,129303.56205,91718.95655,72180.9491,154230.2385,117407.667,115067.134,128375.5135,156788.4955,141455.2828,73046.402,27801.8595,,27316.237500000003,28085.139000000003,30068.0955,31525.0394,24884.14214,31840.69448,30185.5287399999,36826.426,37008.5347,41116.0976,46012.7982,42006.4068,44798.7402,43706.0879999999,46417.4842,47473.71466,47955.291,36.44950000000001,,25.21875,23.8065,31.943750000000005,29.4555,31.4062637,26.4969333999999,32.6840346,35.1050742,24.8156559,17.5525371,33.4910478,27.9764576,25.6899202,29.3887307,33.62555,29.9267395,15.467753,17_72
-3,NASS USDA,Pawnee,,22,17,73,-1,125908.8,,,112825.6,173454.4,155046.7035,139615.515,142500.358,206892.231,211219.4955,150665.008,93049.7945,134635.0785,144024.426,113869.652,176220.3625,165170.8695,148896.0005,134444.57,43463.169,,,45000.972,45041.4405,47631.5422,46482.23396,50949.9674,51293.9505,52771.0544,54754.0158,52406.837,58922.2816,57708.2236,52568.7114,52204.494,51435.5905999999,53823.238,58881.813,28.984750000000005,,,25.08425,38.53425,32.549,30.0612417,27.9764576,40.35066,40.0144045,27.5056998999999,17.7542904,22.865374,24.9501581,21.6548542,33.7600522,31.9442725,27.572951,22.865374,17_73
-3,NASS USDA,Phillips,,22,17,74,-1,52713.6,,,52713.6,79859.2,57669.6445,,74189.453,88341.513,132000.6181,65064.09585,65162.07165,49586.641,97322.628,92070.0365,104017.641,125980.5495,132732.71505,84803.498,23269.3875,,,23552.667,21488.7735,21326.9522,,26021.3098,29623.0151999999,33143.7834,34357.8414,36097.9912,34357.8414,34155.4984,36866.8946,36017.054,38364.2328,43179.9962,36785.9574,22.66325,,,22.39425,37.18925,27.0345,,28.5144663999999,29.7922372999999,39.8126512,18.9648102,18.0232948,14.4589865,28.5144663999999,24.9501581,28.8507218999999,32.953039,30.5992505,22.865374,17_74
-3,NASS USDA,Pottawatomie,,22,17,75,-1,,,,5793.599999999999,3046.4,,3704.02955,3184.2135,3265.86,5783.29375,4055.1095,7982.30615,10450.752,7021.599,5878.548,4218.4025,8518.4515,9198.839,6667.7975,,,,1452.81915,837.69795,,1230.24544,975.29326,910.5435,1707.77492,1869.64932,2395.74112,2792.3334,2589.9904,2428.116,1699.6812,2751.8648,3844.517,5220.44939999999,,,,39.87925,36.38225,,30.1284927999999,32.6167835,35.8448363,33.8945544,21.7221052999999,33.2892945,37.4588627,27.1021932999999,24.210396,24.8156559,30.935506,23.8741405,12.777709,17_75
-3,NASS USDA,Pratt,,22,17,76,-1,169564.8,,57310.4,111492.8,179057.59999999998,188412.9065,,136485.7325,244395.19,,208797.316,,186888.8385,205368.163,163973.3875,163510.724,182915.3755,185827.434,91498.511,49857.192,,41601.618,53337.483,54592.0065,53985.1124,,60500.557,61309.929,,71427.079,,70820.05,69160.8374,64628.3542,58881.813,62159.7696,65559.132,59003.2187999999,34.0285,,13.78625,20.914750000000005,32.818,34.90275,,22.5291185,39.8799023,,29.2542285,,26.3624312,29.7249862,25.3536647,27.7747042999999,29.590484,28.245462,15.467753,17_76
-3,NASS USDA,Rawlins,,22,17,77,-1,127568.0,,160507.19999999998,,164668.8,113298.1265,178778.6195,,165987.3345,232311.508,137220.551,122088.733,44442.9115,176220.3625,163755.6635,199407.9685,201966.2255,196033.2465,186616.6835,40994.5905,,50383.2825,,40832.7165,40994.6918,40966.36378,,44547.83488,53046.24088,57615.14582,59913.7623,31686.9138,50869.0302,54389.7984,53823.238,59812.5908,62807.2672,63859.4508,31.136750000000003,,31.8765,,40.35,27.63975,43.6459639,,37.2571094,43.7804660999999,23.8068894,20.3770833,14.0554798999999,34.6343165,30.1284927999999,37.0553561,33.62555,31.2717615,28.917973,17_77
-3,NASS USDA,Reno,,22,17,78,-1,243630.4,,128139.2,166464.0,,274794.9035,174342.493,207082.7395,286143.767,284782.992,257376.9835,182969.8065,318775.1515,285599.457,183214.746,200360.511,206973.8775,269242.9415,80830.035,77780.45700000001,,75352.34700000001,76444.99650000001,,76809.4028,69087.99392,84862.6542,79804.0792,82434.5382,91135.2871999999,93684.809,97650.7318,96881.8284,89030.92,83972.345,88342.9538,97246.0457999999,79601.7362,31.338500000000003,,17.01425,21.789,,35.777,25.2191625,24.4121492999999,35.8448363,34.5670654,28.245462,19.502819,32.6167835,29.4559817999999,20.5788366,23.8741405,23.537885,27.572951,10.087665,17_78
-3,NASS USDA,Republic,,22,17,79,-1,43329.6,,,49123.2,38596.8,32767.462,43757.0809,43414.1656,58997.7609,88899.43075,62843.31105,64634.09095,106167.6655,92995.3635,81374.345,67156.9678,113025.9715,97477.75635,88559.237,13152.2625,,,13071.3255,10238.5305,11412.1452,14135.68198,18004.48014,18615.556,22338.6672,26442.18324,29635.15578,32091.5998,30553.7929999999,33993.6239999999,25090.532,34843.4646,37356.56466,43179.9962,32.9525,,,37.59275,37.727250000000005,28.71575,30.935506,24.1431449,31.6752681,39.8126512,23.7396382999999,21.7893564,33.0875412,30.4647482999999,23.9413916,26.7659377999999,32.280528,26.227929,20.17533,17_79
-3,NASS USDA,Rice,,22,17,80,-1,188332.8,,105209.6,141385.6,194996.8,184793.245,,,207980.851,223874.703,,,244286.328,237536.884,166558.86,164270.03645,177417.8445,218486.034,64255.7955,53782.6365,,51152.184,54632.475000000006,54430.1325,56656.04,,,56077.33902,59347.2019,,,68594.277,70415.364,61188.5231999999,58881.813,60176.8082,65154.4459999999,58639.0014,35.03725,,20.5785,25.89125,35.84425,32.61625,,,37.0553561,37.7278671,,,35.643083,33.7600522,27.2366955,27.9092065,29.590484,33.62555,10.760176,17_80
-3,NASS USDA,Riley,,22,17,81,-1,,,,,100993.6,7729.202,,,,16315.69225,,19736.6806,25800.294,22833.8045,21908.4775,17213.80375,27052.207,22643.296,18370.4625,,,,,,2670.9276,,,,4937.1692,,7122.4736,7850.9084,7850.9084,7527.1596,6677.31899999999,8417.4688,8741.2176,11047.9278,,,,,,28.9175,,,,33.0202901,,27.7074532,32.8857879,29.0524752,29.1197262999999,25.7571712999999,32.280528,25.8916735,16.812775,17_81
-3,NASS USDA,Rooks,,22,17,82,-1,69550.4,,,,,76502.7705,99303.9164,71095.05065,105601.5831,136295.224,,80250.34485,96859.9645,83959.8175,92206.114,93926.1336,104561.951,97368.89435,113869.652,25616.5605,,,,27073.4265,27680.5224,29946.764,32374.88,32763.37856,36462.2086,,38283.2956,38242.827,34276.9042,37878.6095999999,35410.025,38040.484,37801.71926,46498.4214,27.169,,,,37.32375,27.63975,33.1547923,21.9911097,32.2132769,37.3916116,,20.9823432,25.3536647,24.4794004,24.3448982,26.4969333999999,27.572951,25.8916735,24.210396,17_82
-3,NASS USDA,Rush,,22,17,83,-1,,,92126.4,,138339.19999999998,115829.168,,,,,104322.4546,62043.17535,93594.1045,103500.5465,72937.54,139288.929,120102.0015,126171.058,87252.893,,,34438.6935,,39133.0395,39416.4164,,,,,44240.27352,42411.0928,44151.2426,44879.6774,39618.7594,46538.89,42694.373,44272.6484,42532.4986,,,26.7655,,35.37350000000001,29.388250000000003,,,,,23.6051361,14.6607398,21.1840965,23.0671272999999,18.4268014,29.9267395,28.245462,28.5817175,20.847841,17_83
-3,NASS USDA,Russell,,22,17,84,-1,77220.8,,23174.4,81300.79999999999,76296.0,80911.6815,84612.9895,62078.5555,89756.719,102792.9435,66569.113,,,82299.672,72556.523,92614.3465,84640.205,107365.1475,68174.8275,27680.454,,14932.8765,25899.84,26385.462,26385.5272,24200.2228,27680.5223999999,26547.4016,28570.8315999999,28449.4258,,,29015.9862,28692.2373999999,30149.107,30796.6046,35612.368,35288.6192,27.90875,,15.534750000000004,31.405750000000005,28.9175,30.666,34.970572,22.3946162999999,33.8273033,35.9793385,23.4033827999999,,,28.3799642,25.2864136,30.7337527,27.572951,30.262995,19.502819,17_84
-3,NASS USDA,Saline,,22,17,85,-1,138883.19999999998,,110649.6,101918.4,131947.19999999998,133655.3205,104556.5079,94791.5865,158100.2826,165081.05835,126356.1234,104885.81545,199652.908,161877.794,148215.613,128511.591,174669.079,180765.351,51382.864,39740.067,,43098.9525,40225.689,39659.130000000005,43301.402,34997.2452799999,45600.01848,45001.0832,46935.48228,48675.6320799999,52750.8201,56129.9482,53418.5519999999,50504.8128,46336.547,55239.6389999999,58679.47,49574.0349999999,34.970000000000006,,25.68950000000001,25.353250000000003,33.28875,30.86775,29.8594883999999,20.7805899,35.1050742,35.1723253,25.9589246,19.9063256,35.5758319,30.3302461,29.3214796,27.7074532,31.608017,30.935506,10.087665,17_85
-3,NASS USDA,Scott,,22,17,86,-1,212486.4,,,111193.6,,97077.6885,,107446.794,170096.875,,,,101432.1685,114876.6255,96506.163,197938.3315,200469.373,141085.152,215383.467,43382.232,,,42532.3935,,40104.3826,,43564.4479,48359.977,,,,54146.9868,57020.2574,39902.0396,52002.151,59650.7164,51152.3104,57263.0689999999,49.02525000000001,,,26.16025,,24.21,,24.6811537,35.1723253,,,,18.7630569,20.17533,24.210396,38.0641226,33.62555,27.572951,37.660616,17_86
-3,NASS USDA,Sedgwick,,22,17,87,-1,173073.59999999998,,76649.59999999999,129852.8,182865.6,184140.073,124510.9125,142309.8495,188521.7685,214349.278,181146.368,127096.385,242054.657,243306.57,119965.924,154578.5969,165007.5765,217098.0435,40959.3275,50990.310000000005,,55360.908,55199.034,56210.7465,55765.7308,45842.83008,60180.85506,59128.67146,65660.3035,70419.41086,72260.73216,74098.0066,74785.9728,63050.0787999999,61107.5859999999,72155.5138,77902.055,49574.0349999999,33.96125,,13.8535,23.5375,32.549,33.01975,27.1694443999999,23.6723872,31.8770213999999,32.6167835,25.7571712999999,17.6197882,32.6840346,32.5495324,19.0320613,25.2864136,22.865374,27.9092065,8.070132,17_87
-3,NASS USDA,Seward,,22,17,88,-1,,,,26384.0,72705.59999999999,49096.762,74352.746,46892.3065,58867.1265,98193.524,68719.1375,40306.1555,,56934.826,38591.579,72774.247,69127.37,44745.00355,96016.284,,,,16430.211,20072.376,15175.725,18575.0874,20031.957,18696.4932,23512.2566,25616.6237999999,19505.8652,,24443.0344,21124.6092,22662.416,26223.6528,21529.2952,26992.5562,,,,16.07275,36.24775,32.34725,40.0144045,23.4033827999999,31.4735147999999,41.7629331,26.8331888999999,20.6460877,,23.2688806,18.2922992,32.1460258,26.227929,20.847841,35.643083,17_88
-3,NASS USDA,Shawnee,,22,17,89,-1,,,3998.4,1566.7199999999998,2135.2,797.41415,2155.4676,3418.2668,2963.76795,4757.2694,7239.323,6368.427,12981.7935,5824.117,3728.5235,843.6805,3946.2475,5987.41,5551.962,,,1007.66565,465.38775,740.5735500000001,271.13962,829.6063,1003.62128,874.12176,1537.8068,2440.25657999999,1897.97734,2954.2078,2185.3044,1294.9952,404.686,1618.744,2857.08316,3561.2368,,,39.6775,33.69225,28.850250000000003,29.388250000000003,25.9589246,34.0290566,33.8945544,30.935506,29.6577351,33.5582989,43.9149683,26.6314356,28.7834707999999,20.847841,24.5466515,20.847841,15.467753,17_89
-3,NASS USDA,Sheridan,,22,17,90,-1,,,,,,76938.2185,,,,153658.713,,94519.4315,,109814.5425,71848.92,121871.009,146827.6225,83388.292,135914.207,,,,,,24443.0344,,,,35984.67912,,35895.6481999999,,35814.7109999999,29137.392,34600.653,36866.8946,37797.6723999999,45082.0204,,,,23.134,,31.473,,,,42.7044485,,26.3624312,,30.6665016,24.6811537,35.2395764,39.678149,22.192863,30.262995,17_90
-3,NASS USDA,Sherman,,22,17,91,-1,150932.8,,,102000.0,190672.0,106467.036,217832.862,151998.5675,135342.6815,287422.8955,205449.8095,205939.6885,32005.428,186616.6835,200986.4675,240829.9595,247769.912,124864.714,212144.8225,51273.5895,,,44110.665,52730.4555,43139.5276,52487.7742,56308.01004,39254.542,62483.5184,69808.3349999999,84174.688,18979.7734,62645.3928,62847.7357999999,66975.533,69808.3349999999,57586.8178,69120.3688,29.4555,,,28.6485,36.1805,24.68075,41.4939287,26.9676911,34.4998143,45.9997524,29.4559817999999,24.4794004,16.8800261,29.7922372999999,32.0115236,35.9793385,35.643083,21.520352,30.935506,17_91
-3,NASS USDA,Smith,,22,17,92,-1,92452.8,,43302.4,85870.4,105672.0,78054.054,,107827.811,125025.28545,202799.0198,92815.7412,116700.064,110413.2835,142418.7115,145575.7095,154883.4105,164463.2665,160244.864,111964.567,26709.210000000003,,26183.1195,29987.1585,27154.3635,30149.107,,39942.5082,38809.3874,44717.803,44515.46,51476.0591999999,54308.8612,47307.7934,51152.3104,51799.808,50100.1268,55118.2331999999,54066.0496,34.63375,,16.5435,18.359250000000003,38.93775,25.89125,,26.9676911,32.2132769,45.3272414,20.847841,22.6636207,20.3098322,30.1284927999999,28.4472152999999,29.9267395,32.953039,28.917973,20.847841,17_92
-3,NASS USDA,Stafford,,22,17,93,-1,,,84102.4,92371.2,,152733.386,,142255.4185,170341.8145,,155454.936,107882.242,151671.9815,,116482.34,149358.664,139261.7135,168600.0225,70651.438,,,41844.429,50302.3455,,45972.3296,,49294.80166,47898.6349599999,,53742.3008,56575.1028,62523.987,,53135.2718,53013.866,56332.2912,58922.2816,58881.813,,,20.107750000000003,,,33.2215,,28.8507218999999,35.5758319,,28.917973,19.0993124,24.2776471,,21.9238586,28.1782108999999,24.882907,28.5817175,12.105198,17_93
-3,NASS USDA,Stanton,,22,17,94,-1,142528.0,,,,138339.19999999998,,,,121462.7765,,,,,128103.3585,83987.033,135097.742,158339.779,65877.8393,192957.895,39052.1025,,,,55927.467,,,,38445.17,,,,,46741.233,41885.001,41277.972,62321.644,30027.7012,54551.6728,36.51675,,,,24.748,,,,31.608017,,,,,27.4384487999999,20.0408278,32.7512857,25.555418,21.8566075,35.643083,17_94
-3,NASS USDA,Stevens,,22,17,95,-1,126452.8,,,51163.2,82987.2,66405.82,94601.078,55846.206,66460.251,115012.703,74135.022,60717.7805,55465.189,78489.502,43272.645,111338.6105,95689.698,,132539.485,30391.843500000003,,,25373.7495,28449.3555,20922.2662,25616.6237999999,26061.7784,23633.6624,29380.2036,30270.5128,26830.6818,27801.9282,35248.1506,22055.387,33184.252,38728.4502,,35126.7448,41.62775,,,20.175,29.1865,31.742,36.9208539,21.4531009,28.1109597999999,39.1401402,24.4794004,22.6636207,19.9735767,22.2601141,19.6373212,33.5582989,24.5466515,,37.660616,17_95
-3,NASS USDA,Sumner,,22,17,96,-1,336137.6,,203510.4,279806.4,384689.6,384799.9545,230324.7765,324680.915,394298.164,443531.0035,239578.0465,193619.23165,504248.784,480408.006,289708.9975,327143.91775,256914.32,381915.1115,68474.198,108050.895,,116346.9375,119989.1025,119179.7325,116347.225,96728.04772,128147.86876,127233.2784,141308.25748,143570.45222,139819.013,156977.699399999,149733.82,134355.752,131927.636,141033.071,153375.994,59084.1559999999,31.136750000000003,,17.485000000000003,23.33575,32.28,33.087,23.8068894,25.3536647,31.0027571,31.4062637,16.6782728,13.8537266,32.1460258,32.0787747,21.5876031,24.8156559,18.157797,24.882907,11.432687,17_96
-3,NASS USDA,Thomas,,22,17,97,-1,123270.4,,,,,99173.282,,,,,203844.095,,,230107.0525,170096.875,215301.8205,221370.877,187133.778,223575.3325,47388.6135,,,,,43625.1508,,,,,75109.7216,,,69727.3977999999,57424.9434,61916.958,74421.7554,70091.6152,78711.427,26.02575,,,,,22.7305,,,,,27.1694443999999,,,33.0202901,29.590484,34.7688187,29.590484,26.5641845,28.245462,17_97
-3,NASS USDA,Trego,,22,17,98,-1,,,,73956.8,113424.0,87089.6,,,,,74924.2715,47142.6891,68882.4305,,55383.5425,120619.096,118115.27,92815.7412,65861.51,,,,28651.698,29501.5365,29703.9524,,,,,35320.99408,31120.3534,34762.5274,,33386.595,37231.112,35248.1506,35450.4936,32536.7543999999,,,,25.824,38.467,29.321,,,,,21.1840965,15.1314975,19.8390745,,16.6110217,32.4150302,33.62555,26.227929,20.17533,17_98
-3,NASS USDA,Wabaunsee,,22,17,99,-1,4161.599999999999,,3372.8,,,1290.0147,2294.26665,,,5277.08545,,6041.841,12383.0525,6504.5045,4898.79,2000.33925,5905.7635,6422.858,4926.0055,963.1503,,987.4314,,,542.27924,720.34108,,,1541.85366,,2031.52372,3277.9566,2306.7102,1902.0242,849.8406,1942.4928,3265.81601999999,3965.9228,43.24175,,34.163000000000004,,,23.8065,31.8770213999999,,,34.2308099,,29.7249862,37.7951182,28.1782108999999,25.7571712999999,23.537885,30.262995,19.502819,12.105198,17_99
-3,NASS USDA,Wallace,,22,17,100,-1,,,73249.59999999999,67918.4,78363.2,50892.985,,48797.3915,78081.2695,142200.9875,103173.9605,113080.4025,,,71141.317,124864.714,109134.155,,121843.7935,,,30351.375,26385.462,25292.8125,20962.7348,,20092.6599,30598.30846,34155.4984,40549.5372,49533.5663999999,,,29096.9234,37028.769,40549.5372,,39537.8222,,,24.14275,25.75675,31.002250000000004,24.27725,,24.2776471,25.4881669,41.6284309,25.4209157999999,22.7981229,,,24.4794004,33.6928011,26.90044,,30.935506,17_100
-3,NASS USDA,Washington,,22,17,101,-1,41833.6,,26628.8,33510.4,34870.4,26943.345,,,,,48329.2849,62511.28195,116210.185,84368.05,73645.143,84953.18325,110141.1285,103764.53685,80911.6815,9348.2235,,10076.6565,9591.0345,9429.1605,8862.6234,,,,,23552.7252,28773.1746,31282.2278,28166.1456,28894.5804,28530.3629999999,31970.194,35211.7288599999,38364.2328,44.7885,,26.42925,34.970000000000006,36.9875,30.397,,,,,20.5115855,21.7221052999999,37.1226072,29.9267395,25.4881669,29.7922372999999,34.298061,29.590484,20.847841,17_101
-3,NASS USDA,Wichita,,22,17,102,-1,,,107793.6,117504.0,181995.2,111148.102,237672.9615,111719.6275,106249.312,247007.878,149113.7245,,72066.644,187786.95,92777.6395,178941.9125,171484.8655,106194.881,208797.316,,,41439.744,45405.657,50140.4715,41318.4406,50626.2186,45972.3296,42330.1556,55361.0447999999,60298.214,,40913.7546,64547.417,42896.716,53418.5519999999,60621.9628,44879.6774,56939.3202,,,26.02575,25.89125,36.315000000000005,26.9,46.9412678,24.2776471,25.0846602999999,44.5874793,24.7484047999999,,17.6197882,29.1197262999999,21.6548542,33.4910478,28.245462,23.537885,36.988105,17_102
-3,NASS USDA,Wilson,,22,17,103,-1,55297.6,,67891.2,57990.4,49096.0,17363.489,,50299.6871,30824.2753,57000.1432,48620.49075,39544.1215,74815.4095,64881.752,24140.1485,4436.1265,18833.126,,6776.6595,14042.5695,,17563.329,14528.1915,13678.353,5584.6668,,14325.8843999999,8741.2176,14002.1356,17280.0922,13395.1066,20031.957,16673.0632,10602.7732,2387.6474,9267.3094,,6555.9132,39.4085,,38.66875,39.9465,35.911500000000004,31.0695,,35.1050742,35.2395764,40.6869155,28.1109597999999,29.5232328999999,37.3243605,38.9383869,22.7981229,18.5613036,20.17533,,10.087665,17_103
-3,NASS USDA,Woodson,,22,17,104,-1,28070.4,,25268.8,11315.2,15476.8,4735.497,,10967.8465,4844.359,16084.3605,18071.092,,,19676.8065,9661.5025,2185.40465,8572.8825,6422.858,3755.739,6151.212,,6191.6805,4208.724,4856.22,1626.83772,,3431.73728,1865.60246,4330.1402,6474.976,,,5625.1354,3965.9228,971.2464,4006.3914,4572.9518,5503.7296,45.66275000000001,,40.82075,26.90000000000001,31.8765,29.11925,,31.9442725,25.9589246,37.1226072,27.9092065,,,34.970572,24.3448982,22.5291185,21.520352,14.122731,6.72511,17_104
-3,NASS USDA,Wyandotte,,22,17,105,-1,,,,,,,,,,,,,,,,,,,326.586,,,,,,,,,,,,,,,,,,,242.8116,,,,,,,,,,,,,,,,,,,13.45022,17_105
-2,NASS USDA,Kentucky,,22,18,-1,-1,727056.0,795600.0,1101056.0,816000.0,828240.0,582956.01,682564.74,538866.9,649633.985,870896.0,874161.86,985473.255,1245109.125,754413.66,838237.4,350263.485,566218.4775,850212.22,326586.0,133546.05000000002,157827.15,186155.1,151756.875,141639.75,137593.24,133546.38,121405.8,125452.66,161874.4,178061.84,206389.86,246858.46,178061.84,178061.84,78913.77,147710.389999999,178061.84,101171.5,54.4725,50.4375,59.18,53.80000000000001,58.50750000000001,42.3675,51.110836,44.385726,51.783347,53.80088,49.093303,47.748281,50.438325,42.368193,47.07577,44.385726,38.333127,47.748281,32.280528,18_-1
-3,NASS USDA,Adair,,22,18,1,-1,1702.7199999999998,,3563.2,2341.92,1811.52,1058.68295,,,,,1374.38275,1905.085,2479.33205,990.6442,1475.0801,356.52305,,1115.8355,849.1236,465.38775,,728.433,465.38775,323.748,404.686,,,,,364.2174,380.40484,566.5604,271.13962,343.9831,101.1715,,230.67102,242.8116,36.584,,48.958000000000006,50.370250000000006,56.01925000000001,26.16025,,,,,37.7278671,50.1020695,43.7804660999999,36.5173473,42.9062018,35.2395764,,48.420792,34.970572,18_1
-3,NASS USDA,Allen,,22,18,2,-1,2581.28,,6881.599999999999,3427.2,4352.0,1235.5837,1442.4215,,,,,,,,,,1268.2423,,865.4529,643.44915,,1375.929,687.9645,809.37,323.7488,364.2174,,,,,,,,,,323.7488,,242.8116,40.14825,,50.034000000000006,49.83225,53.80000000000001,38.198,39.6108979,,,,,,,,,,39.3418935,,35.643083,18_2
-3,NASS USDA,Anderson,,22,18,3,-1,,,,,,,,,,,,,,,,,,,,,,,,,,,,,,,,,,,,,,,,,,,,,,,,,,,,,,,,,,18_3
-3,NASS USDA,Ballard,,22,18,4,-1,,,30681.6,24888.0,26030.4,21037.5815,20493.2715,18452.109,,33583.927,23133.175,28848.43,39489.6905,26888.914,23078.744,6205.134,14043.198,22216.01265,9185.23125,,,4815.7515,4734.8145,4451.535,4451.546,4370.6088,4411.0774,,6070.29,5746.5412,7001.0678,7972.3142,6515.4446,5503.7296,1610.65028,4532.4832,5787.0098,3035.145,,,63.753,52.5895,58.50750000000001,47.27675,46.8740167,41.8301842,,55.3476552999999,40.2834089,41.2249243,49.5640607,41.2921754,41.9646864,38.5348803,30.935506,38.333127,30.262995,18_4
-3,NASS USDA,Barren,,22,18,5,-1,,,10553.6,6500.799999999999,2937.6,2748.7655,579.69015,930.7701,1741.792,3211.429,2939.274,3184.2135,7375.4005,3211.429,6967.168,1488.68785,3143.39025,5935.70055,,,,1902.0195,1679.4427500000002,485.622,768.9034,161.8744,283.2802,364.2174,566.5604,651.54446,687.9662,1477.1039,1035.99616,1598.5097,352.07682,857.93432,1161.44882,,,,55.5485,38.736,60.525000000000006,35.777,35.8448363,32.8857879,47.8155320999999,56.6926772999999,45.1254880999999,46.2687568,49.9003162,31.0027571,43.5787128,42.3009419,36.6518495,51.110836,,18_5
-3,NASS USDA,Bath,,22,18,6,-1,,,,,,,,,,209.55935,,,,,103.4189,,476.27125,,,,,,,,,,,,68.79662,,,,,36.42174,,161.8744,,,,,,,,,,,,30.4647482999999,,,,,28.3799642,,29.590484,,,18_6
-3,NASS USDA,Bell,,22,18,7,-1,,,,,,,,,,,,,,,,,,,,,,,,,,,,,,,,,,,,,,,,,,,,,,,,,,,,,,,,,,18_7
-3,NASS USDA,Boone,,22,18,8,-1,,,,,,,,,,,,,,,,,122.46975,,,,,,,,,,,,,,,,,,,40.4686,,,,,,,,,,,,,,,,,,,30.262995,,,18_8
-3,NASS USDA,Bourbon,,22,18,9,-1,524.9599999999999,,1768.0,1088.0,927.52,405.51095,,1134.88635,1695.52565,1826.16005,1251.913,2482.0536,2912.0585,,,1926.8574,1545.8404,2141.85985,1828.8816,182.10825,,323.748,238.76415,222.57675,121.4058,,356.12368,461.34204,542.27924,384.4517,578.70098,809.372,,,457.29518,445.1546,497.76378,485.6232,28.850250000000003,,54.67425,45.5955,41.695,33.42325,,31.8770213999999,36.7191006,33.6928011,32.5495324,42.9062018,35.9793385,,,42.1664397,34.6343165,43.040704,37.660616,18_9
-3,NASS USDA,Boyd,,22,18,10,-1,,,,,,,,,,,,,,,,,,,,,,,,,,,,,,,,,,,,,,,,,,,,,,,,,,,,,,,,,,18_10
-3,NASS USDA,Boyle,,22,18,11,-1,,,,,,,,,,,,,,598.741,794.6926,514.37295,,702.1599,,,,,,,,,,,,,,,165.92126,202.343,186.15556,,190.20242,,,,,,,,,,,,,,,36.1138407,39.2746424,27.6402021,,36.988105,,18_11
-3,NASS USDA,Bracken,,22,18,12,-1,,,,,,,,,,,,,,,,,,261.2688,,,,,,,,,,,,,,,,,,,80.9372,,,,,,,,,,,,,,,,,,,32.280528,,18_12
-3,NASS USDA,Breathitt,,22,18,13,-1,,,,,,,,,,,,,,,,,,,,,,,,,,,,,,,,,,,,,,,,,,,,,,,,,,,,,,,,,,18_13
-3,NASS USDA,Breckinridge,,22,18,14,-1,1743.52,,4433.599999999999,4841.599999999999,3019.2,1646.53775,2000.33925,,1270.96385,2634.4604,3374.722,5606.393,7157.6765,3782.9545,5660.824,1061.4045,2305.15285,4003.40005,,465.38775,,930.7755,1052.181,647.496,566.5604,445.1546,,242.8116,590.84156,849.8406,1537.8068,1699.6812,914.59036,1517.5725,254.95218,789.1377,1044.08988,,37.45825000000001,,47.68025000000001,46.06625,46.6715,29.052,44.9237348,,52.3213558,44.5874793,39.678149,36.4500962,42.0991886,41.3594265,37.3243605,41.6284309,29.2542285,38.333127,,18_14
-3,NASS USDA,Bullitt,,22,18,15,-1,,,,,,,,,,,,,435.448,,,163.293,,1055.9614,,,,,,,,,,,,,,121.4058,,,44.51546,,307.56136,,,,,,,,,,,,,,35.8448363,,,36.6518495,,34.298061,,18_15
-3,NASS USDA,Butler,,22,18,16,-1,,,,,,,,,,,,,,,,,,1039.6321,,,,,,141.63975,,,,,,,,,,,,,271.13962,,,,,,50.370250000000006,,,,,,,,,,,,,38.333127,,18_16
-3,NASS USDA,Caldwell,,22,18,17,-1,29593.6,,,36856.0,712.64,29447.171,29256.6625,21255.3055,24330.657,43000.49,32522.5225,43136.5675,42184.025,30127.5585,20955.935,14560.2925,20656.5645,29327.4228,5769.686,5058.5625,,,6920.1135,4532.472,5867.947,5463.26099999999,5301.3866,4370.6088,7608.0968,6110.7586,8417.4688,7810.4398,6555.9132,4451.546,2990.62954,4613.4204,5382.3238,1618.744,58.50750000000001,,,53.26200000000001,62.5425,50.1685,53.5318755999999,40.0816556,55.6839107999999,56.490924,53.1956200999999,51.2453382,54.0026332999999,45.9325013,47.07577,48.6897964,44.7219815,54.473391,35.643083,18_17
-3,NASS USDA,Calloway,,22,18,18,-1,12267.2,,34380.8,20971.2,28342.4,13417.2415,16710.317,14968.525,15131.818,27841.4565,29937.05,34427.6075,58431.6785,40224.509,32930.755,6096.272,18288.816,35742.11615,8817.822,2428.11,,6272.6175,4451.535,3723.102,3965.9228,3763.5798,3621.9397,3358.8938,6110.7586,7486.691,8781.6862,12302.4544,9186.3722,7365.2852,1610.65028,6960.5992,7931.8456,3642.174,50.57200000000001,,54.80875,47.14225,48.75625,33.82675,44.385726,41.3594265,45.058237,45.5289947,40.0144045,39.2073913,47.4792765999999,43.7804660999999,44.7219815,37.8623693,26.227929,45.058237,24.210396,18_18
-3,NASS USDA,Campbell,,22,18,19,-1,,,,,18142.4,,,,,,,,,,,,,,,,,,,,,,,,,,,,,,,,,,,,,,,,,,,,,,,,,,,,,18_19
-3,NASS USDA,Carlisle,,22,18,20,-1,8377.6,,22657.6,18496.0,,8790.6065,10995.062,9144.408,9552.6405,,13199.5175,16329.3,27759.81,16710.317,12246.975,3973.463,7919.7105,16914.43325,6395.6425,1578.2715,,4046.85,3439.8225,,2063.8986,2185.3044,2432.16286,1982.9614,,3075.6136,4046.86,5260.918,3682.6426,2873.2706,1044.08988,2529.2875,3868.79816,2023.43,53.127500000000005,,56.01925000000001,53.80000000000001,,42.56925,50.3038228,37.5933649,48.1517875999999,,42.9062018,40.35066,52.7921135,45.3944925,42.6371974,38.0641226,31.2717615,43.713215,31.608017,18_20
-3,NASS USDA,Carroll,,22,18,21,-1,,,,,,,,,,,,,,,,,,,,,,,,,,,,,,,,,,,,,,,,,,,,,,,,,,,,,,,,,,18_21
-3,NASS USDA,Carter,,22,18,22,-1,,,,,,,,,,,,,,,,,,,,,,,,,,,,,,,,,,,,,,,,,,,,,,,,,,,,,,,,,,18_22
-3,NASS USDA,Casey,,22,18,23,-1,,,,,,,,,,,,884.50375,,413.6756,244.9395,95.25425,500.7652,1295.4578,,,,,,,,,,,,,234.71788,,141.6401,80.9372,28.32802,169.96812,271.13962,,,,,,,,,,,,,37.660616,,29.1869773999999,30.262995,33.62555,29.590484,47.748281,,18_23
-3,NASS USDA,Christian,,22,18,24,-1,125854.4,,167443.19999999998,134096.0,144976.0,98765.0495,126034.9805,88368.7285,114903.841,149630.819,135369.897,152434.0155,162748.69,111719.6275,129273.625,68338.1205,91171.925,116455.1245,47082.815,21448.305,,26709.210000000003,23471.73,23067.045,22662.416,22460.073,18696.4932,21448.358,25292.875,25414.2808,28004.2712,29946.764,23148.0392,24969.1262,14164.01,21205.5464,21367.4208,14002.1356,58.70925,,62.74425,57.16250000000001,62.87875,43.578,56.0874174,47.2775233,53.5991267,59.180968,53.2628712,54.4061399,54.3388887999999,48.2862898,51.783347,48.2190387,43.040704,54.473391,33.62555,18_24
-3,NASS USDA,Clark,,22,18,25,-1,,,,,,,,,,117.02665,119.7482,280.31965,1020.58125,,462.6635,604.1841,1796.223,,,,,,,,,,,,36.42174,36.42174,76.89034,279.23334,,178.06184,165.92126,485.6232,,,,,,,,,,,,32.1460258,32.8857879,36.4500962,36.5173473,,25.9589246,36.3828451,36.988105,,,18_25
-3,NASS USDA,Clay,,22,18,26,-1,,,,,,,,,,,,,,,,,,,,,,,,,,,,,,,,,,,,,,,,,,,,,,,,,,,,,,,,,,18_26
-3,NASS USDA,Clinton,,22,18,27,-1,,,,,,,,,,,,,,,612.34875,,400.06785,639.56425,,,,,,,,,,,,,,,,141.6401,,121.4058,117.35894,,,,,,,,,,,,,,,,43.2424573,,32.953039,54.473391,,18_27
-3,NASS USDA,Crittenden,,22,18,28,-1,,,,,,,,,,8436.805,,10804.5535,18316.0315,8491.236,8382.374,3102.567,4212.9594,7380.8436,1733.62735,,,,,,,,,,1549.94738,,2266.2416,3480.2996,1861.5556,1780.6184,687.9662,975.29326,1683.49376,526.0918,,,,,,,,,,54.4061399,,47.6810299,52.6576113,45.5962458,47.07577,45.1254880999999,43.040704,43.713215,32.953039,18_28
-3,NASS USDA,Cumberland,,22,18,29,-1,,,,,,,,,,,,,,,,,,,,,,,,,,,,,,,,,,,,,,,,,,,,,,,,,,,,,,,,,,18_29
-3,NASS USDA,Daviess,,22,18,30,-1,7180.799999999999,,13137.6,4569.599999999999,,2239.83565,3864.601,,7538.6935,13825.474,15784.99,29773.757,34237.099,18316.0315,21854.0465,6885.5215,22153.417,32288.4692,13281.164,1214.055,,2104.362,809.37,,485.6232,849.8406,,1379.97926,2513.10005999999,2974.44209999999,5463.26099999999,6434.50739999999,3723.1112,4937.1692,1582.32226,5018.1064,6758.2562,3237.488,59.18,,62.47525,56.49,,46.1335,45.4617435999999,,54.6078932,55.0113997999999,53.0611179,54.473391,53.1956200999999,49.2278052,44.2512238,43.5114617,44.0494705,47.748281,41.023171,18_30
-3,NASS USDA,Edmonson,,22,18,31,-1,,,2856.0,,,,,,,,,,1143.051,,,,495.3221,688.55215,,,,526.0905,,,,,,,,,,271.13962,,,,169.96812,186.15556,,,,54.338,,,,,,,,,,42.1664397,,,,29.2542285,36.988105,,18_31
-3,NASS USDA,Elliott,,22,18,32,-1,,,,,,,,,,,,,,,,,,,,,,,,,,,,,,,,,,,,,,,,,,,,,,,,,,,,,,,,,,18_32
-3,NASS USDA,Estill,,22,18,33,-1,,,,,,,,,,,,,,,,,,,,,,,,,,,,,,,,,,,,,,,,,,,,,,,,,,,,,,,,,,18_33
-3,NASS USDA,Fayette,,22,18,34,-1,941.12,,,,378.08,372.85235,487.15745,,672.22285,713.0461,386.4601,,1254.63455,492.60055,511.6514,449.05575,1115.8355,1287.29315,,246.85785,,,,80.937,125.45266,113.31208,,174.01498,169.96812,105.21836,,343.9831,153.78068,161.8744,133.54638,323.7488,348.02996,,38.130750000000006,,,,46.73875000000001,29.724500000000003,42.9734529,,38.6021314,41.9646864,36.7191006,,36.4500962,32.0115236,31.608017,33.62555,34.6343165,36.988105,,18_34
-3,NASS USDA,Fleming,,22,18,35,-1,,,,,,,,84.36805,332.0291,473.5497,,530.70225,519.81605,432.72645,865.4529,217.724,636.8427,835.51585,,,,,,,,,24.28116,80.9372,113.31208,,141.6401,182.1087,121.4058,331.84252,64.74976,202.343,230.67102,,,,,,,,,34.7688187,41.023171,41.7629331,,37.4588627,28.5144663999999,35.643083,26.0934267999999,33.62555,31.608017,36.315594,,18_35
-3,NASS USDA,Floyd,,22,18,36,-1,,,,,,,,,,,,,,,,,,,,,,,,,,,,,,,,,,,,,,,,,,,,,,,,,,,,,,,,,,18_36
-3,NASS USDA,Franklin,,22,18,37,-1,,,,,,,,,,,,,,,,,,,,,,,,2488.81275,,,,,,,,,,,,,,,,,,,,,,,,,,,,,,,,,,18_37
-3,NASS USDA,Fulton,,22,18,38,-1,10336.0,,24099.2,16320.0,12784.0,15431.1885,11376.079,13553.319,10559.614,17009.6875,17798.937,22180.6325,36795.356,21391.383,19459.0825,8355.1585,16710.317,29969.7086,18982.81125,1902.0195,,4046.85,3763.5705,,3480.2996,2428.116,3140.36336,2306.7102,3480.2996,3965.9228,5301.3866,6515.4446,4613.4204,4451.546,2047.71116,4896.7006,6960.5992,6272.633,54.40525000000001,,59.5835,43.37625,51.37900000000001,44.31775,46.8740167,43.1752062,45.7979990999999,48.8915497,44.8564837,41.8301842,56.490924,46.3360079,43.713215,40.8214177,33.9618055,43.040704,30.262995,18_38
-3,NASS USDA,Gallatin,,22,18,39,-1,,,,,,,,,,794.6926,410.95405,,617.79185,459.94195,,,,484.4359,,,,,,,,,,,178.06184,137.59324,,169.96812,137.59324,,,,157.82754,,,,,,,,,,,44.6547304,29.8594883999999,,36.315594,33.4237967,,,,30.5992505,,18_39
-3,NASS USDA,Garrard,,22,18,40,-1,,,,,,,,,,,,,,372.85235,321.1429,,574.24705,236.77485,,,,,,,,,,,,,,,113.31208,101.1715,,161.8744,76.89034,,,,,,,,,,,,,,,32.8857879,31.7425192,,35.643083,30.935506,,18_40
-3,NASS USDA,Grant,,22,18,41,-1,,,,,,,,,,,,,,,,,,,,,,,,,,,,,,,,,,,,,,,,,,,,,,,,,,,,,,,,,,18_41
-3,NASS USDA,Graves,,22,18,42,-1,33864.0,,68734.4,40800.0,32993.6,29773.757,42837.197,34563.685,37121.942,53913.9055,55710.1285,49940.4425,,52961.363,49477.779,9906.442,17771.7215,40640.90615,14805.232,5544.1845,,11128.8375,8457.916500000001,5948.869500000001,7284.348,8903.092,8457.93739999999,7243.8794,10521.836,12221.5172,12585.7346,,11978.7056,10359.9616,2403.83484,5584.6668,9307.778,5503.7296,61.13025,,61.80275000000001,48.2855,55.48125,40.888,48.0845365,40.8886688,51.2453382,51.2453382,45.5962458,39.678149,,44.1839727,47.748281,41.2249243,31.9442725,43.713215,26.90044,18_42
-3,NASS USDA,Grayson,,22,18,43,-1,,,2883.2,1642.88,1452.48,1213.8113,,,1412.48445,,2275.2158,3347.5065,,2253.4434,3048.136,,908.9977,1344.4457,,,,647.496,404.685,323.748,364.2174,,,392.54542,,651.54446,870.0749,,781.04398,849.8406,,445.1546,424.9203,,,,44.58675,40.61900000000001,44.923,33.356,,,35.9793385,,34.9033209,38.4676292,,28.8507218999999,35.8448363,,20.5115855,31.608017,,18_43
-3,NASS USDA,Green,,22,18,44,-1,,,,,,,,,,,544.31,,764.75555,,938.93475,,919.8839,244.9395,,,,,,,,,,,,165.92126,,194.24928,,242.8116,,242.8116,80.9372,,,,,,,,,,,,32.8185368,,39.3418935,,38.6693825,,37.9968715,30.262995,,18_44
-3,NASS USDA,Greenup,,22,18,45,-1,,,,,,,,,,,,,,,,,,,,,,,,,,,,,,,,,,,,,,,,,,,,,,,,,,,,,,,,,,18_45
-3,NASS USDA,Hancock,,22,18,46,-1,,,,,,,,,,,,,,,,650.45045,,3333.89875,,,,,,,,,,,,,,,,,137.59324,,728.4348,,,,,,,,,,,,,,,,,47.2775233,,45.730748,,18_46
-3,NASS USDA,Hardin,,22,18,47,-1,2186.88,,11016.0,7588.799999999999,6310.4,2237.1141,3211.429,2125.53055,4354.48,4844.359,5905.7635,9525.425,16900.8255,11539.372,10477.9675,2857.6275,6654.18975,8191.8655,2971.9326,505.8562500000001,,1902.0195,1456.866,1254.5235,809.372,647.4976,538.23238,870.0749,1112.8865,1294.9952,2185.3044,3763.5798,2428.116,2589.9904,764.85654,1578.2754,1740.1498,849.8406,43.24175,,57.96950000000001,52.11875,50.303,27.63975,49.6313118,39.4763957,50.0348184,43.5114617,45.5962458,43.5787128,44.9237348,47.5465277,40.4851622,37.3916116,42.0319375,47.07577,34.970572,18_47
-3,NASS USDA,Harlan,,22,18,48,-1,,,,,,,,,,,,,,,,,,,,,,,,,,,,,,,,,,,,,,,,,,,,,,,,,,,,,,,,,,18_48
-3,NASS USDA,Harrison,,22,18,49,-1,,,,334.56,350.88,359.2446,,,,,440.8911,647.7289,870.896,228.6102,381.017,299.3705,299.3705,424.5618,,,,,113.3118,80.937,141.6401,,,,,109.26522,161.8744,202.343,68.79662,125.45266,84.98406,80.9372,117.35894,,,,,29.52275,43.37625,,,,,,40.35066,40.0144045,43.040704,33.2220434,30.3974972,35.2395764,36.988105,36.315594,,18_49
-3,NASS USDA,Hart,,22,18,50,-1,,,,1566.7199999999998,,,,,,,,,830.07275,,892.6684,223.1671,,628.67805,,,,,307.5606,,,,,,,,,174.01498,,202.343,52.60918,,121.4058,,,,,50.9755,,,,,,,,,47.6810299,,44.1167215999999,42.4354441,,51.783347,,18_50
-3,NASS USDA,Henderson,,22,18,51,-1,,,11315.2,,,,5878.548,3837.3855,2721.55,,,9362.132,,12328.6215,12110.8975,1812.5523,9925.49285,20014.2787,4218.4025,,,1982.9565,,,,1335.4638,906.49664,598.93528,,,2185.3044,,2792.3334,2792.3334,408.73286,2492.86576,4249.20299999999,1254.5266,,,57.09525000000001,,,,44.0494705,42.3009419,45.4617435999999,,,42.8389507,,44.1839727,43.3769595,44.3184749,39.678149,47.07577,33.62555,18_51
-3,NASS USDA,Henry,,22,18,52,-1,,,,,,,166.01455,356.52305,144.24215,155.12835,,,506.2083,272.155,299.3705,236.77485,381.017,263.99035,,,,,,,,52.60918,89.03092,48.56232,52.60918,,,153.78068,80.9372,113.31208,80.9372,141.6401,76.89034,,,,,,,,31.5407658999999,40.0144045,29.7249862,29.4559817999999,,,32.8857879,33.62555,26.4296822999999,29.2542285,26.90044,34.298061,,18_52
-3,NASS USDA,Hickman,,22,18,53,-1,,,31035.2,22929.6,24697.6,20738.211,20574.918,19676.8065,22071.7705,34400.392,33910.513,37285.235,52389.8375,29909.8345,27351.5775,8518.4515,16655.886,33608.42095,20237.4458,,,5260.905000000001,4451.535,4249.1925,4613.4204,4572.9518,4532.4832,4613.4204,6394.0388,7527.1596,8700.749,9631.5268,6839.1934,6070.29,1942.4928,5341.8552,7931.8456,6839.1934,,,59.0455,51.5135,58.17125000000001,44.923,44.9909859,43.4442105999999,47.8155320999999,53.80088,45.058237,42.8389507,54.4061399,43.713215,45.058237,43.8477172,31.2717615,42.368193,29.590484,18_53
-3,NASS USDA,Hopkins,,22,18,54,-1,,,4107.2,,,,,,,,,,,6422.858,5633.6085,1085.89845,6763.05175,12736.854,3086.2377,,,748.6672500000001,,,,,,,,,,,1659.2126,1234.2923,238.76474,1962.7271,2824.70828,849.8406,,,54.876,,,,,,,,,,,38.7366336,45.6634969,45.4617435999999,34.298061,45.058237,36.315594,18_54
-3,NASS USDA,Jackson,,22,18,55,-1,,,,,,,,,,,,,,,,,,,,,,,,,,,,,,,,,,,,,,,,,,,,,,,,,,,,,,,,,,18_55
-3,NASS USDA,Jefferson,,22,18,56,-1,,,,,,,,,,,,,,,,,,,,,,,,,,,,,,,,,,,,,,,,,,,,,,,,,,,,,,,,,,18_56
-3,NASS USDA,Jessamine,,22,18,57,-1,,,,,,,,,,,,,,,,,753.86935,361.96615,,,,,,,,,,,,,,,,,,242.8116,117.35894,,,,,,,,,,,,,,,,,,30.935506,30.935506,,18_57
-3,NASS USDA,Johnson,,22,18,58,-1,,,,,,,,,,,,,,,,,,,,,,,,,,,,,,,,,,,,,,,,,,,,,,,,,,,,,,,,,,18_58
-3,NASS USDA,Kenton,,22,18,59,-1,,,,,,,,,,,,,,,,,,,,,,,,,,,,,,,,,,,,,,,,,,,,,,,,,,,,,,,,,,18_59
-3,NASS USDA,Knott,,22,18,60,-1,,,,,,,,,,,,,,,,,,,,,,,,,,,,,,,,,,,,,,,,,,,,,,,,,,,,,,,,,,18_60
-3,NASS USDA,Knox,,22,18,61,-1,,,,,,,,,,,,,,,,,,,,,,,,,,,,,,,,,,,,,,,,,,,,,,,,,,,,,,,,,,18_61
-3,NASS USDA,Larue,,22,18,62,-1,,,,3835.2,6120.0,5116.514,,,4055.1095,,5551.962,5660.824,,1774.4506,,1407.04135,3399.21595,,2844.01975,,,,809.37,991.47825,1375.9324,,,849.8406,,1112.8865,1133.1208,,566.5604,,368.26426,829.6063,,768.9034,,,,47.41125,61.7355,37.18925,,,47.748281,,49.9003162,49.9675673,,31.3390126,,38.1986248,41.023171,,36.988105,18_62
-3,NASS USDA,Laurel,,22,18,63,-1,,,,,,,,,,,,,,,,,,,,,,,,,,,,,,,,,,,,,,,,,,,,,,,,,,,,,,,,,,18_63
-3,NASS USDA,Lawrence,,22,18,64,-1,,,,,,,,,,,,,,,,,,,,,,,,,,,,,,,,,,,,,,,,,,,,,,,,,,,,,,,,,,18_64
-3,NASS USDA,Lee,,22,18,65,-1,,,,,,,,,,,,,,,,,,,,,,,,,,,,,,,,,,,,,,,,,,,,,,,,,,,,,,,,,,18_65
-3,NASS USDA,Leslie,,22,18,66,-1,,,,,,,,,,,,,,,,,,,,,,,,,,,,,,,,,,,,,,,,,,,,,,,,,,,,,,,,,,18_66
-3,NASS USDA,Letcher,,22,18,67,-1,,,,,,,,,,,,,,,,,,,,,,,,,,,,,,,,,,,,,,,,,,,,,,,,,,,,,,,,,,18_67
-3,NASS USDA,Lewis,,22,18,68,-1,,,,,,,,,,,,,,,,,,,,,,,,,,,,,,,,,,,,,,,,,,,,,,,,,,,,,,,,,,18_68
-3,NASS USDA,Lincoln,,22,18,69,-1,418.88,,,582.0799999999999,,185.0654,160.57145,,536.14535,394.62475,413.6756,296.64895,707.603,293.9274,1322.6733,149.68525,549.7531,272.155,783.8064,141.63975,,,182.10825,,60.7029,40.4686,,157.82754,89.03092,105.21836,72.84348,186.15556,101.1715,335.88938,56.65604,161.8744,76.89034,242.8116,29.59,,,32.011,,30.46425,39.678149,,33.9618055,44.3184749,39.3418935,40.7541666,37.9968715,29.0524752,39.4091446,26.4296822999999,33.9618055,35.3068275,32.280528,18_69
-3,NASS USDA,Livingston,,22,18,70,-1,5358.4,,8921.6,3916.8,3808.0,,,,,,,4490.5575,,,3973.463,,,,,967.19715,,1456.866,768.9015,728.433,,,,,,,1335.4638,,,991.4807,,,,,55.414,,61.26475,50.9755,52.3205,,,,,,,33.62555,,,40.0816556,,,,,18_70
-3,NASS USDA,Logan,,22,18,71,-1,106188.8,,131593.6,113968.0,115491.2,83088.9215,98111.8775,74488.8235,92042.821,104017.641,115611.444,115312.0735,120374.1565,67821.026,98955.558,54703.155,66215.3115,84079.5657,29841.79575,18210.825,,23876.415,20234.25,19424.88,19829.614,18817.899,15863.6912,16915.8747999999,19546.3338,21488.8266,21853.0439999999,24119.2856,18817.899,18534.6188,11654.9568,15378.068,15054.3192,8700.749,58.373,,55.145,56.355500000000006,59.51625,41.89675,52.1196025,46.9412678,54.4061399,53.1956200999999,53.80088,52.7921135,49.9003162,36.0465896,53.3973734,46.9412678,43.040704,55.818413,34.298061,18_71
-3,NASS USDA,Lyon,,22,18,72,-1,,,,6609.599999999999,,,,,,,,,,5470.3155,5524.7465,,,,,,,,1214.055,,,,,,,,,,1335.4638,1335.4638,,,,,,,,54.4725,,,,,,,,,,40.9559199,41.3594265,,,,,18_72
-3,NASS USDA,Madison,,22,18,73,-1,,,,,,,,,,,,,,,,,,,,,,,,,,,,,,,,,,,,,,,,,,,,,,,,,,,,,,,,,,18_73
-3,NASS USDA,Magoffin,,22,18,74,-1,,,,,,,,,,,,,,,,,,,,,,,,,,,,,,,,,,,,,,,,,,,,,,,,,,,,,,,,,,18_74
-3,NASS USDA,Marion,,22,18,75,-1,,,12702.4,8105.599999999999,3889.6,1973.12375,2574.5863,,,,,4381.6955,9416.563,,5579.1775,1368.93965,2803.1965,4155.80685,,,,2104.362,1618.74,728.433,566.5604,526.0918,,,,,890.3092,2104.3672,,1335.4638,311.60822,667.7319,951.0121,,,,60.3905,50.10125000000001,53.3965,34.8355,48.9588008,,,,,49.2278052,44.7219815,,41.7629331,43.9149683,42.0319375,43.713215,,18_75
-3,NASS USDA,Marshall,,22,18,76,-1,7289.599999999999,,19284.8,9792.0,,6395.6425,,,,,9933.6575,,17744.506,,12682.423,,5116.514,8567.4394,,1618.74,,3277.9485,2144.8305,,1821.087,,,,,2225.773,,3925.4542,,2772.0991,,1821.087,2407.8817,,45.0575,,58.84375,45.66275000000001,,35.1045,,,,,44.6547304,,45.1927392,,45.730748,,28.245462,35.643083,,18_76
-3,NASS USDA,Martin,,22,18,77,-1,,,,,,,,,,,,,,,,,,,,,,,,,,,,,,,,,,,,,,,,,,,,,,,,,,,,,,,,,,18_77
-3,NASS USDA,Mason,,22,18,78,-1,,,,,,274.87655,,,253.10415,642.2858,557.91775,372.85235,642.2858,,269.43345,,650.45045,990.6442,680.3875,,,,,,121.4058,,,76.89034,178.06184,149.73382,113.31208,169.96812,,101.1715,,222.5773,230.67102,202.343,,,,,,22.66325,,,32.8857879,36.0465896,37.2571094,32.8857879,37.7951182,,26.6314356,,29.2542285,43.040704,33.62555,18_78
-3,NASS USDA,McCracken,,22,18,79,-1,,,,9547.2,13545.6,7620.34,9362.132,8300.7275,10341.89,12274.1905,,,,,9362.132,2269.7727,5851.3325,8708.96,,,,,1861.551,2650.6867500000003,1659.2126,2185.3044,1958.68024,2023.43,2225.773,,,,,2225.773,550.37296,1667.30632,2448.3503,,,,,51.31175,51.11000000000001,45.93175,42.8389507,42.368193,51.110836,55.145902,,,,,42.0319375,41.2249243,34.970572,35.643083,,18_79
-3,NASS USDA,McCreary,,22,18,80,-1,,,,,,,,,,,,,,,,,,,,,,,,,,,,,,,,,,,,,,,,,,,,,,,,,,,,,,,,,,18_80
-3,NASS USDA,McLean,,22,18,81,-1,,,17299.2,,12131.2,10505.183,9552.6405,4354.48,12682.423,12791.285,18506.54,23949.64,26752.8365,,16383.731,3891.8165,13607.75,18571.8572,9628.8439,,,3197.0115,,2225.7675,2387.6474,2063.8986,1052.1836,2509.0532,2792.3334,3925.4542,4815.7634,5665.604,,3763.5798,971.2464,3358.8938,5018.1064,2468.5846,,,54.13625,,54.53975,43.9815,46.2687568,41.3594265,50.5728272,45.7979990999999,47.1430210999999,49.6985629,47.2102722,,43.5114617,40.0816556,40.35066,36.988105,39.005638,18_81
-3,NASS USDA,Meade,,22,18,82,-1,,,4161.599999999999,,4243.2,3701.308,,1945.90825,3646.877,5307.0225,,6831.0905,10886.2,6994.3835,10423.5365,5007.652,6518.11225,8540.2239,5644.4947,,,849.8385000000001,,809.37,1173.5894,,526.0918,647.4976,1015.76186,,1578.2754,2144.8358,1634.93144,2468.5846,1100.74592,1424.49472,1740.1498,1375.9324,,,49.02525000000001,,52.455000000000005,31.54025,,36.988105,56.3564217999999,52.2541047,,43.3097084,50.7745805,42.7716996,42.2336908,45.4617435999999,45.730748,49.093303,41.023171,18_82
-3,NASS USDA,Menifee,,22,18,83,-1,,,,,,,,,,,,,,,,,,,,,,,,,,,,,,,,,,,,,,,,,,,,,,,,,,,,,,,,,,18_83
-3,NASS USDA,Mercer,,22,18,84,-1,2415.36,,,,,,,,,1741.792,,,2267.05115,,,,,,,671.7771,,,,,,,,,323.7488,,,396.59228,,,,,121.4058,,35.978750000000005,,,,,,,,,53.80088,,,57.163435,,,,,,,18_84
-3,NASS USDA,Metcalfe,,22,18,85,-1,,,,,,,,,,,,,,,,,,489.879,,,,,,,,,,,,,,,,,,,121.4058,,,,,,,,,,,,,,,,,,,40.35066,,18_85
-3,NASS USDA,Monroe,,22,18,86,-1,,,,1457.9199999999998,,,830.07275,,,,767.4771,1270.96385,,,2993.705,,,,,,,,404.685,,,202.343,,,,226.62416,303.5145,,,809.372,,,,,,,,36.04600000000001,,,41.023171,,,,33.8945544,41.8974353,,,36.988105,,,,,18_86
-3,NASS USDA,Montgomery,,22,18,87,-1,,,,,,,,,,,,,,,54.431,,,,,,,,,,,,,,,,,,,16.18744,,,,,,,,,,,,,,,,,,,33.62555,,,,,18_87
-3,NASS USDA,Morgan,,22,18,88,-1,,,,,,,,,,,,,,,,,,,,,,,,,,,,,,,,,,,,,,,,,,,,,,,,,,,,,,,,,,18_88
-3,NASS USDA,Muhlenberg,,22,18,89,-1,,,,2828.8,,,,,1684.63945,,,4980.4365,,3401.9375,,,2487.4967,3864.601,1733.62735,,,,607.0275,,,,,384.4517,,,1294.9952,,930.7778,,,809.372,1044.08988,526.0918,,,,46.60425,,,,,43.8477172,,,38.4676292,,36.5173473,,,30.5992505,36.988105,32.953039,18_89
-3,NASS USDA,Nelson,,22,18,90,-1,,,,,,,,6722.2285,7348.185,8300.7275,,11920.389,16764.748,10559.614,13743.8275,5470.3155,6422.858,6901.8508,4580.36865,,,,,,,,1537.8068,1384.02612,1618.744,,2306.7102,3439.831,2371.45996,3561.2368,1485.19762,1902.0242,1740.1498,1335.4638,,,,,,,,43.713215,53.0611179,51.3125893,,51.6488448,48.7570475,44.5202282,38.6021314,36.8536028,33.62555,39.678149,34.298061,18_90
-3,NASS USDA,Nicholas,,22,18,91,-1,,,,,,,,,,,,,609.6272,,234.0533,247.66105,478.9928,473.5497,,,,,,,,,,,,,,161.8744,,64.74976,80.9372,169.96812,117.35894,,,,,,,,,,,,,,37.660616,,36.1810918,30.5992505,28.245462,40.35066,,18_91
-3,NASS USDA,Ohio,,22,18,92,-1,,,2730.88,,1180.48,,,,,1986.7315,,4000.6785,5688.0395,2884.843,4027.894,,2291.5451,,,,,465.38775,,,,,,,546.3261,,809.372,1173.5894,789.1377,930.7778,,574.65412,,,,,58.70925,,,,,,,36.3828451,,49.4295585,48.4880430999999,36.5845984,43.2424573,,40.0144045,,,18_92
-3,NASS USDA,Oldham,,22,18,93,-1,,,,,,127.91285,,,,408.2325,596.01945,952.5425,1692.8041,628.67805,884.50375,,734.8185,1124.00015,1415.206,,,,,202.3425,40.4686,,,,97.12464,141.6401,230.67102,404.686,165.92126,214.48358,,202.343,271.13962,323.7488,,,,,58.373,31.6075,,,,42.0319375,42.0991886,41.2921754,41.8301842,37.8623693,41.2249243,,36.315594,41.3594265,43.713215,18_93
-3,NASS USDA,Owen,,22,18,94,-1,,,,,,,,,,,,,,,,,,,,,,,,,,,,,,,,,,,,,,,,,,,,,,,,,,,,,,,,,,18_94
-3,NASS USDA,Owsley,,22,18,95,-1,,,,,,,,,,,,,,,,,,,,,,,,,,,,,,,,,,,,,,,,,,,,,,,,,,,,,,,,,,18_95
-3,NASS USDA,Pendleton,,22,18,96,-1,,,,,,,,,,,,,117.02665,,,,,,,,,,,,,,,,,,,36.42174,,,,,,,,,,,,,,,,,,,32.1460258,,,,,,,18_96
-3,NASS USDA,Perry,,22,18,97,-1,,,,,,,,,,,,,,,,,,,,,,,,,,,,,,,,,,,,,,,,,,,,,,,,,,,,,,,,,,18_97
-3,NASS USDA,Pike,,22,18,98,-1,,,,,,,,,,,,,,,,,,,,,,,,,,,,,,,,,,,,,,,,,,,,,,,,,,,,,,,,,,18_98
-3,NASS USDA,Powell,,22,18,99,-1,,,,,,,,,,,,,,,,,,,,,,,,,,,,,,,,,,,,,,,,,,,,,,,,,,,,,,,,,,18_99
-3,NASS USDA,Pulaski,,22,18,100,-1,,,,3128.0,,,,3265.86,2375.91315,4191.187,4626.635,7375.4005,6041.841,2721.55,2435.78725,816.465,1646.53775,1763.5644,680.3875,,,,667.7302500000001,,,,991.4807,639.40388,1141.21452,1214.058,1719.9155,1335.4638,675.82562,619.16958,186.15556,445.1546,485.6232,202.343,,,,46.873250000000006,,,,32.953039,37.1898583,36.7191006,38.1313737,42.9062018,45.2599903,40.2834089,39.3418935,43.8477172,36.988105,36.315594,33.62555,18_100
-3,NASS USDA,Robertson,,22,18,101,-1,,,,,,,,,,,,,,,,,,,,,,,,,,,,,,,,,,,,,,,,,,,,,,,,,,,,,,,,,,18_101
-3,NASS USDA,Rockcastle,,22,18,102,-1,,,,,,,,,,,,,,,,,,,,,,,,,,,,,,,,,,,,,,,,,,,,,,,,,,,,,,,,,,18_102
-3,NASS USDA,Rowan,,22,18,103,-1,,,,,,,,,,,,,,,,,,,,,,,,,,,,,,,,,,,,,,,,,,,,,,,,,,,,,,,,,,18_103
-3,NASS USDA,Russell,,22,18,104,-1,,,1093.4399999999998,,,,394.62475,,,,,457.2204,449.05575,,,,274.87655,974.3149,,,,222.57675,,,,101.1715,,,,,101.1715,121.4058,,,,64.74976,230.67102,,,,49.15975,,,,39.005638,,,,,45.1927392,36.988105,,,,42.368193,42.368193,,18_104
-3,NASS USDA,Scott,,22,18,105,-1,,,,4216.0,261.12,435.448,685.8306,408.2325,,541.58845,639.56425,1211.08975,1075.01225,367.40925,631.3996,340.19375,,326.586,,,,,,60.70275,161.8744,153.78068,105.21836,,121.4058,145.68696,250.90532,283.2802,101.1715,165.92126,84.98406,,80.9372,,,,,,43.040000000000006,26.9,44.5874793,38.8038847,,44.5874793,43.9149683,48.2862898,37.9296204,36.315594,38.0641226,40.0144045,,40.35066,,18_105
-3,NASS USDA,Shelby,,22,18,106,-1,,,5086.4,65688.0,3536.0,1845.2109,1374.38275,1905.085,2691.61295,1945.90825,4082.325,4354.48,7212.1075,2185.40465,4490.5575,1856.0971,4163.9715,5377.7828,2452.11655,,,890.307,768.9015,744.6204,566.5604,364.2174,473.48262,598.93528,449.20146,914.59036,918.63722,1638.9783,489.67006,1052.1836,453.24832,1092.6522,1355.6981,687.9662,,,57.16250000000001,54.876,47.54575000000001,32.549,37.7278671,40.2161578,44.9237348,43.3097084,44.6547304,47.4120255,43.9822194,44.6547304,42.7044485,40.9559199,37.9968715,39.678149,35.643083,18_106
-3,NASS USDA,Simpson,,22,18,107,-1,,,81464.0,,69387.2,46375.212,53886.69,46211.919,53505.673,71359.041,67222.285,71386.2565,73019.1865,40088.4315,57887.3685,31869.3505,36278.2615,53919.3486,14288.1375,,,13759.29,11128.8375,11938.2075,10926.522,10521.836,9550.5896,9914.80699999999,12707.1404,12788.0776,13799.7925999999,13840.2611999999,11452.6138,11654.9568,7203.4108,9914.80699999999,10683.7104,5058.575,,,59.24725,59.0455,58.17125000000001,42.43475,51.2453382,48.3535409,53.9353822,56.1546685,52.5903602,51.7160959,52.7921135,34.970572,49.6985629,44.2512238,36.6518495,50.438325,28.245462,18_107
-3,NASS USDA,Spencer,,22,18,108,-1,,,,,,642.2858,,538.8669,,,,,,383.73855,,,821.9081,664.0582,,,,,,,283.2802,,141.6401,,,,,,113.31208,,,222.5773,194.24928,,,,,,,22.66325,,38.0641226,,,,,,33.8945544,,,36.988105,34.298061,,18_108
-3,NASS USDA,Taylor,,22,18,109,-1,1604.8,,,971.04,1270.24,,,,,,,,7266.5385,,3048.136,2294.26665,2299.70975,2122.809,,404.685,,,238.76415,242.811,,,,,,,,1594.46284,,728.4348,505.8575,550.37296,485.6232,,39.6775,,,40.68625,52.3205,,,,,,,,45.5962458,,41.8301842,45.3272414,41.695682,43.713215,,18_109
-3,NASS USDA,Todd,,22,18,110,-1,61608.0,,97457.6,71536.0,91636.8,50865.7695,71576.765,52199.329,63412.115,77237.589,76747.71,85184.515,84504.1275,53805.0435,65643.786,33393.4185,50947.416,66008.4737,18547.36325,11331.18,,16592.085,12747.5775,14771.0025,12140.58,13354.6379999999,10886.0533999999,12464.3288,13921.1984,14447.2902,15580.411,17280.0922,12261.9858,12949.952,7567.6282,11816.8312,12261.9858,5867.947,54.40525000000001,,58.77650000000001,56.15375,62.07175,41.89675,53.5991267,47.9500343,50.8418315999999,55.4821575,53.128369,54.6751442999999,48.8915497,43.8477172,50.7073294,44.1167215999999,43.040704,53.80088,31.608017,18_110
-3,NASS USDA,Trigg,,22,18,111,-1,,,53475.2,33592.0,43683.2,25637.001,29011.723,14669.1545,18316.0315,35461.7965,32713.031,31325.0405,47300.539,35924.46,36985.8645,18941.988,24521.1655,36634.78455,14712.6993,,,8093.700000000001,5908.401,6879.645,5301.3866,5503.7296,3120.12905999999,3561.2368,6272.633,6636.8504,6555.9132,9064.9664,7891.37699999999,7243.8794,4289.6716,5948.88419999999,6717.7876,4127.7972,,,66.10675,56.8935,63.55125,48.35275,52.7248624,47.0085189,51.4470915,56.5581750999999,49.2950563,47.748281,52.1868535999999,45.5289947,51.0435849,44.1839727,41.3594265,54.473391,35.643083,18_111
-3,NASS USDA,Trimble,,22,18,112,-1,,,,712.64,,631.3996,,,435.448,,,,634.12115,582.4117,609.6272,,707.603,748.42625,,,,,182.10825,,194.24928,,,129.49952,,,,190.20242,149.73382,178.06184,,222.5773,234.71788,,,,,39.139500000000005,,32.48175,,,33.62555,,,,33.3565456,38.8711358,34.2308099,,31.9442725,31.9442725,,18_112
-3,NASS USDA,Union,,22,18,113,-1,14633.6,,15340.8,12076.8,11424.0,10668.476,16193.2225,17853.368,14696.37,15866.6365,23024.313,22915.451,34971.9175,16928.041,19867.315,6422.858,13444.457,32881.7671,15145.42575,2270.28285,,2670.9210000000003,1962.72225,1902.0195,1982.9614,2832.802,3549.09622,2630.459,2873.2706,4451.546,5260.918,6070.29,3561.2368,3965.9228,1363.79182,3621.9397,7082.005,4249.20299999999,64.49275000000002,,57.49875,61.533750000000005,60.12150000000001,53.8,57.163435,50.3038228,55.8856640999999,55.2131530999999,51.7160959,43.5787128,57.6341927,47.5465277,50.1020695,47.07577,36.988105,46.403259,35.643083,18_113
-3,NASS USDA,Warren,,22,18,114,-1,31470.4,,44227.2,40446.4,34843.2,29991.481,28576.275,25038.26,27569.3015,39952.354,32713.031,33964.944,44497.3425,25500.9235,,16057.145,20792.642,29313.81505,7103.2455,5139.4995,,6879.645,6474.96,5665.59,6677.319,5341.8552,5706.07259999999,5099.0436,6596.3818,6070.29,6677.31899999999,8053.2514,6394.0388,,3346.75322,5179.9808,5382.3238,2347.1788,61.26475,,64.291,62.47525,61.533750000000005,44.923,53.4646245,43.8477172,54.0698844,60.5932410999999,53.8681310999999,50.8418315999999,55.2804042,39.8799023,,47.9500343,40.0144045,54.473391,30.262995,18_114
-3,NASS USDA,Washington,,22,18,115,-1,,,3345.6,1645.6,,397.3463,,,,1559.44815,3837.3855,,,,,691.2737,1290.0147,3078.07305,,,,586.7932500000001,343.98225,,161.8744,,,,331.84252,890.3092,,,,,174.01498,283.2802,619.16958,,,,57.028,47.882000000000005,,24.54625,,,,47.0085189,43.1079550999999,,,,,39.7454001,45.3944925,49.765814,,18_115
-3,NASS USDA,Wayne,,22,18,116,-1,3944.0,,5249.599999999999,2856.0,,,,,2571.86475,3510.7995,3048.136,4871.5745,6313.996,2256.16495,3782.9545,2193.5693,3502.63485,3701.308,1104.9493,655.5897,,849.8385000000001,647.496,,,,,453.24832,586.7947,635.35702,951.0121,1137.16766,643.45074,748.6691,449.20146,809.372,687.9662,283.2802,60.188750000000006,,61.80275000000001,44.116,,,,,56.7599284,59.853479,47.9500343,51.2453382,55.5494085999999,35.0378231,50.5055760999999,48.8242985999999,43.3769595,53.80088,39.005638,18_116
-3,NASS USDA,Webster,,22,18,117,-1,,,2616.64,,,,,,,,4218.4025,10341.89,,,3102.567,,,,,,,404.685,,,,,,,,870.0749,2063.8986,,,768.9034,,,,,,,64.6945,,,,,,,,48.4880430999999,50.1020695,,,40.35066,,,,,18_117
-3,NASS USDA,Whitley,,22,18,118,-1,,,,,,,,,,,,,,,,,,,,,,,,,,,,,,,,,,,,,,,,,,,,,,,,,,,,,,,,,,18_118
-3,NASS USDA,Wolfe,,22,18,119,-1,,,,,,,,,,,,,,,,,,,,,,,,,,,,,,,,,,,,,,,,,,,,,,,,,,,,,,,,,,18_119
-3,NASS USDA,Woodford,,22,18,120,-1,,,1770.7199999999998,,,386.4601,157.8499,,,234.0533,,655.89355,721.21075,557.91775,361.96615,293.9274,,533.4238,,,,263.04525,,,121.4058,40.4686,,,52.60918,,153.78068,190.20242,125.45266,105.21836,97.12464,,117.35894,,,,67.3845,,,31.80925,39.005638,,,44.5202282,,42.6371974,37.9296204,44.4529770999999,34.4325632,30.262995,,45.3944925,,18_120
-2,NASS USDA,Louisiana,,22,19,-1,-1,,,,,,,,17690.075,16274.869,24493.95,97649.214,253104.15,402517.245,366728.8625,411498.36,145739.0025,259091.56,597244.1475,323320.14,,,,,,,,4046.86,5260.918,8093.72,37231.112,60702.9,103194.93,111288.65,97124.64,42492.03,68796.62,155804.11,89030.92,,,,,,,,43.713215,30.935506,30.262995,26.227929,41.695682,39.005638,32.953039,42.368193,34.298061,37.660616,38.333127,36.315594,19_-1
-3,NASS USDA,Acadia,,22,19,1,-1,,,,,,,,,,,,,,,,,,7484.2625,3538.015,,,,,,,,,,,,,,,,,,2468.5846,1011.715,,,,,,,,,,,,,,,,,,30.262995,34.970572,19_1
-3,NASS USDA,Allen,,22,19,2,-1,,,,,,,,,,,,,,,,,,,,,,,,,,,,,,,,,,,,,,,,,,,,,,,,,,,,,,,,,,19_2
-3,NASS USDA,Ascension,,22,19,3,-1,,,,,,,,,,,,,,,,,,,,,,,,,,,,,,,,,,,,,,,,,,,,,,,,,,,,,,,,,,19_3
-3,NASS USDA,Assumption,,22,19,4,-1,,,,,,,,,,,,,,,,,,,,,,,,,,,,,,,,,,,,,,,,,,,,,,,,,,,,,,,,,,19_4
-3,NASS USDA,Avoyelles,,22,19,5,-1,,,,,,,,,,,,,,,,,,26371.8195,16873.61,,,,,,,,,,,,,,,,,,6879.662,4370.6088,,,,,,,,,,,,,,,,,,38.333127,38.6021314,19_5
-3,NASS USDA,Beauregard,,22,19,6,-1,,,,,,,,,,,,,,,,,,,1905.085,,,,,,,,,,,,,,,,,,,728.4348,,,,,,,,,,,,,,,,,,,26.1606779,19_6
-3,NASS USDA,Bienville,,22,19,7,-1,,,,,,,,,,,,,,,,,,,,,,,,,,,,,,,,,,,,,,,,,,,,,,,,,,,,,,,,,,19_7
-3,NASS USDA,Bossier,,22,19,8,-1,,,,,,,,,,,,,,,,,,,3946.2475,,,,,,,,,,,,,,,,,,,1416.401,,,,,,,,,,,,,,,,,,,27.8419553999999,19_8
-3,NASS USDA,Caddo,,22,19,9,-1,,,,,,,,,,,,,,,,,,,,,,,,,,,,,,,,,,,,,,,,,,,,,,,,,,,,,,,,,,19_9
-3,NASS USDA,Calcasieu,,22,19,10,-1,,,,,,,,,,,,,,,,,,,,,,,,,,,,,,,,,,,,,,,,,,,,,,,,,,,,,,,,,,19_10
-3,NASS USDA,Caldwell,,22,19,11,-1,,,,,,,,,,,,,,,,,,,2041.1625,,,,,,,,,,,,,,,,,,,687.9662,,,,,,,,,,,,,,,,,,,29.6577351,19_11
-3,NASS USDA,Cameron,,22,19,12,-1,,,,,,,,,,,,,,,,,,,,,,,,,,,,,,,,,,,,,,,,,,,,,,,,,,,,,,,,,,19_12
-3,NASS USDA,Catahoula,,22,19,13,-1,,,,,,,,,,,,,,,,,,16764.748,13063.44,,,,,,,,,,,,,,,,,,4532.4832,3601.7054,,,,,,,,,,,,,,,,,,36.988105,36.2483429,19_13
-3,NASS USDA,Claiborne,,22,19,14,-1,,,,,,,,,,,,,,,,,,,,,,,,,,,,,,,,,,,,,,,,,,,,,,,,,,,,,,,,,,19_14
-3,NASS USDA,Concordia,,22,19,15,-1,,,,,,,,,,,,,,,,,,20955.935,16601.455,,,,,,,,,,,,,,,,,,5463.26099999999,4896.7006,,,,,,,,,,,,,,,,,,38.333127,33.8945544,19_15
-3,NASS USDA,De Soto,,22,19,16,-1,,,,,,,,,,,,,,,,,,,,,,,,,,,,,,,,,,,,,,,,,,,,,,,,,,,,,,,,,,19_16
-3,NASS USDA,East Baton Rouge,,22,19,17,-1,,,,,,,,,,,,,,,,,,,,,,,,,,,,,,,,,,,,,,,,,,,,,,,,,,,,,,,,,,19_17
-3,NASS USDA,East Carroll,,22,19,18,-1,,,,,,,,,,,,,,,,,,19159.712,6259.565,,,,,,,,,,,,,,,,,,4451.546,1618.744,,,,,,,,,,,,,,,,,,43.040704,38.6693825,19_18
-3,NASS USDA,East Feliciana,,22,19,19,-1,,,,,,,,,,,,,,,,,,,,,,,,,,,,,,,,,,,,,,,,,,,,,,,,,,,,,,,,,,19_19
-3,NASS USDA,Evangeline,,22,19,20,-1,,,,,,,,,,,,,,,,,,10423.5365,3538.015,,,,,,,,,,,,,,,,,,2873.2706,930.7778,,,,,,,,,,,,,,,,,,36.315594,37.9968715,19_20
-3,NASS USDA,Franklin,,22,19,21,-1,,,,,,,,,,,,,,,,,,71304.61,31842.135,,,,,,,,,,,,,,,,,,17968.0583999999,8377.0002,,,,,,,,,,,,,,,,,,39.678149,37.9968715,19_21
-3,NASS USDA,Grant,,22,19,22,-1,,,,,,,,,,,,,,,,,,,4082.325,,,,,,,,,,,,,,,,,,,1375.9324,,,,,,,,,,,,,,,,,,,29.6577351,19_22
-3,NASS USDA,Iberia,,22,19,23,-1,,,,,,,,,,,,,,,,,,,,,,,,,,,,,,,,,,,,,,,,,,,,,,,,,,,,,,,,,,19_23
-3,NASS USDA,Iberville,,22,19,24,-1,,,,,,,,,,,,,,,,,,,4898.79,,,,,,,,,,,,,,,,,,,1416.401,,,,,,,,,,,,,,,,,,,34.5670654,19_24
-3,NASS USDA,Jackson,,22,19,25,-1,,,,,,,,,,,,,,,,,,,,,,,,,,,,,,,,,,,,,,,,,,,,,,,,,,,,,,,,,,19_25
-3,NASS USDA,Jefferson,,22,19,26,-1,,,,,,,,,,,,,,,,,,,,,,,,,,,,,,,,,,,,,,,,,,,,,,,,,,,,,,,,,,19_26
-3,NASS USDA,Jefferson Davis,,22,19,27,-1,,,,,,,,,,,,,,,,,,3810.17,5307.0225,,,,,,,,,,,,,,,,,,1821.087,1942.4928,,,,,,,,,,,,,,,,,,20.847841,27.3039466,19_27
-3,NASS USDA,La Salle,,22,19,28,-1,,,,,,,,,,,,,,,,,,,,,,,,,,,,,,,,,,,,,,,,,,,,,,,,,,,,,,,,,,19_28
-3,NASS USDA,Lafayette,,22,19,29,-1,,,,,,,,,,,,,,,,,,4082.325,1905.085,,,,,,,,,,,,,,,,,,1214.058,526.0918,,,,,,,,,,,,,,,,,,33.62555,36.1810918,19_29
-3,NASS USDA,Lafourche,,22,19,30,-1,,,,,,,,,,,,,,,,,,,,,,,,,,,,,,,,,,,,,,,,,,,,,,,,,,,,,,,,,,19_30
-3,NASS USDA,Lincoln,,22,19,31,-1,,,,,,,,,,,,,,,,,,,,,,,,,,,,,,,,,,,,,,,,,,,,,,,,,,,,,,,,,,19_31
-3,NASS USDA,Livingston,,22,19,32,-1,,,,,,,,,,,,,,,,,,,,,,,,,,,,,,,,,,,,,,,,,,,,,,,,,,,,,,,,,,19_32
-3,NASS USDA,Madison,,22,19,33,-1,,,,,,,,,,,,,,,,,,11593.803,2041.1625,,,,,,,,,,,,,,,,,,3075.6136,607.029,,,,,,,,,,,,,,,,,,37.660616,33.62555,19_33
-3,NASS USDA,Morehouse,,22,19,34,-1,,,,,,,,,,,,,,,,,,70950.8085,22588.865,,,,,,,,,,,,,,,,,,15985.097,5948.88419999999,,,,,,,,,,,,,,,,,,44.385726,37.9968715,19_34
-3,NASS USDA,Natchitoches,,22,19,35,-1,,,,,,,,,,,,,,,,,,7647.5555,8164.65,,,,,,,,,,,,,,,,,,2468.5846,2185.3044,,,,,,,,,,,,,,,,,,30.935506,37.3916116,19_35
-3,NASS USDA,Orleans,,22,19,36,-1,,,,,,,,,,,,,,,,,,,,,,,,,,,,,,,,,,,,,,,,,,,,,,,,,,,,,,,,,,19_36
-3,NASS USDA,Ouachita,,22,19,37,-1,,,,,,,,,,,,,,,,,,9634.287,4354.48,,,,,,,,,,,,,,,,,,2428.116,1335.4638,,,,,,,,,,,,,,,,,,39.678149,32.6167835,19_37
-3,NASS USDA,Plaquemines,,22,19,38,-1,,,,,,,,,,,,,,,,,,,,,,,,,,,,,,,,,,,,,,,,,,,,,,,,,,,,,,,,,,19_38
-3,NASS USDA,Pointe Coupee,,22,19,39,-1,,,,,,,,,,,,,,,,,,59465.8675,55247.465,,,,,,,,,,,,,,,,,,17684.7782,14285.4157999999,,,,,,,,,,,,,,,,,,33.62555,38.6693825,19_39
-3,NASS USDA,Rapides,,22,19,40,-1,,,,,,,,,,,,,,,,,,7184.892,3674.0925,,,,,,,,,,,,,,,,,,1942.4928,1052.1836,,,,,,,,,,,,,,,,,,36.988105,34.9033209,19_40
-3,NASS USDA,Red River,,22,19,41,-1,,,,,,,,,,,,,,,,,,,5307.0225,,,,,,,,,,,,,,,,,,,1578.2754,,,,,,,,,,,,,,,,,,,33.62555,19_41
-3,NASS USDA,Richland,,22,19,42,-1,,,,,,,,,,,,,,,,,,68065.9655,28304.12,,,,,,,,,,,,,,,,,,16066.0342,7729.5026,,,,,,,,,,,,,,,,,,42.368193,36.6518495,19_42
-3,NASS USDA,Sabine,,22,19,43,-1,,,,,,,,,,,,,,,,,,,,,,,,,,,,,,,,,,,,,,,,,,,,,,,,,,,,,,,,,,19_43
-3,NASS USDA,Saint Bernard,,22,19,44,-1,,,,,,,,,,,,,,,,,,,,,,,,,,,,,,,,,,,,,,,,,,,,,,,,,,,,,,,,,,19_44
-3,NASS USDA,Saint Charles,,22,19,45,-1,,,,,,,,,,,,,,,,,,,,,,,,,,,,,,,,,,,,,,,,,,,,,,,,,,,,,,,,,,19_45
-3,NASS USDA,Saint Helena,,22,19,46,-1,,,,,,,,,,,,,,,,,,,,,,,,,,,,,,,,,,,,,,,,,,,,,,,,,,,,,,,,,,19_46
-3,NASS USDA,Saint James,,22,19,47,-1,,,,,,,,,,,,,,,,,,,,,,,,,,,,,,,,,,,,,,,,,,,,,,,,,,,,,,,,,,19_47
-3,NASS USDA,Saint John the Baptist,,22,19,48,-1,,,,,,,,,,,,,,,,,,,,,,,,,,,,,,,,,,,,,,,,,,,,,,,,,,,,,,,,,,19_48
-3,NASS USDA,Saint Landry,,22,19,49,-1,,,,,,,,,,,,,,,,,,46865.091,32114.29,,,,,,,,,,,,,,,,,,12666.6718,8377.0002,,,,,,,,,,,,,,,,,,36.988105,38.333127,19_49
-3,NASS USDA,Saint Martin,,22,19,50,-1,,,,,,,,,,,,,,,,,,,4354.48,,,,,,,,,,,,,,,,,,,1335.4638,,,,,,,,,,,,,,,,,,,32.6167835,19_50
-3,NASS USDA,Saint Mary,,22,19,51,-1,,,,,,,,,,,,,,,,,,,,,,,,,,,,,,,,,,,,,,,,,,,,,,,,,,,,,,,,,,19_51
-3,NASS USDA,Saint Tammany,,22,19,52,-1,,,,,,,,,,,,,,,,,,,,,,,,,,,,,,,,,,,,,,,,,,,,,,,,,,,,,,,,,,19_52
-3,NASS USDA,Tangipahoa,,22,19,53,-1,,,,,,,,,,,,,,,,,,,,,,,,,,,,,,,,,,,,,,,,,,,,,,,,,,,,,,,,,,19_53
-3,NASS USDA,Tensas,,22,19,54,-1,,,,,,,,,,,,,,,,,,41258.698,7620.34,,,,,,,,,,,,,,,,,,9024.4978,2063.8986,,,,,,,,,,,,,,,,,,45.730748,36.9208539,19_54
-3,NASS USDA,Terrebonne,,22,19,55,-1,,,,,,,,,,,,,,,,,,,,,,,,,,,,,,,,,,,,,,,,,,,,,,,,,,,,,,,,,,19_55
-3,NASS USDA,Union,,22,19,56,-1,,,,,,,,,,,,,,,,,,,,,,,,,,,,,,,,,,,,,,,,,,,,,,,,,,,,,,,,,,19_56
-3,NASS USDA,Vermilion,,22,19,57,-1,,,,,,,,,,,,,,,,,,,,,,,,,,,,,,,,,,,,,,,,,,,,,,,,,,,,,,,,,,19_57
-3,NASS USDA,Vernon,,22,19,58,-1,,,,,,,,,,,,,,,,,,,,,,,,,,,,,,,,,,,,,,,,,,,,,,,,,,,,,,,,,,19_58
-3,NASS USDA,Washington,,22,19,59,-1,,,,,,,,,,,,,,,,,,,,,,,,,,,,,,,,,,,,,,,,,,,,,,,,,,,,,,,,,,19_59
-3,NASS USDA,Webster,,22,19,60,-1,,,,,,,,,,,,,,,,,,,,,,,,,,,,,,,,,,,,,,,,,,,,,,,,,,,,,,,,,,19_60
-3,NASS USDA,West Baton Rouge,,22,19,61,-1,,,,,,,,,,,,,,,,,,,2585.4725,,,,,,,,,,,,,,,,,,,768.9034,,,,,,,,,,,,,,,,,,,33.62555,19_61
-3,NASS USDA,West Carroll,,22,19,62,-1,,,,,,,,,,,,,,,,,,41149.836,19459.0825,,,,,,,,,,,,,,,,,,10926.5219999999,5220.44939999999,,,,,,,,,,,,,,,,,,37.660616,37.2571094,19_62
-3,NASS USDA,West Feliciana,,22,19,63,-1,,,,,,,,,,,,,,,,,,,,,,,,,,,,,,,,,,,,,,,,,,,,,,,,,,,,,,,,,,19_63
-3,NASS USDA,Winn,,22,19,64,-1,,,,,,,,,,,,,,,,,,,,,,,,,,,,,,,,,,,,,,,,,,,,,,,,,,,,,,,,,,19_64
-3,NASS USDA,Androscoggin,,22,20,1,-1,,,,,,,,,,,,,,,,,,,,,,,,,,,,,,,,,,,,,,,,,,,,,,,,,,,,,,,,,,20_1
-3,NASS USDA,Aroostook,,22,20,2,-1,,,,,,,,,,,,,,,,,,,,,,,,,,,,,,,,,,,,,,,,,,,,,,,,,,,,,,,,,,20_2
-3,NASS USDA,Cumberland,,22,20,3,-1,,,,,,,,,,,,,,,,,,,,,,,,,,,,,,,,,,,,,,,,,,,,,,,,,,,,,,,,,,20_3
-3,NASS USDA,Franklin,,22,20,4,-1,,,,,,,,,,,,,,,,,,,,,,,,,,,,,,,,,,,,,,,,,,,,,,,,,,,,,,,,,,20_4
-3,NASS USDA,Hancock,,22,20,5,-1,,,,,,,,,,,,,,,,,,,,,,,,,,,,,,,,,,,,,,,,,,,,,,,,,,,,,,,,,,20_5
-3,NASS USDA,Kennebec,,22,20,6,-1,,,,,,,,,,,,,,,,,,,,,,,,,,,,,,,,,,,,,,,,,,,,,,,,,,,,,,,,,,20_6
-3,NASS USDA,Knox,,22,20,7,-1,,,,,,,,,,,,,,,,,,,,,,,,,,,,,,,,,,,,,,,,,,,,,,,,,,,,,,,,,,20_7
-3,NASS USDA,Lincoln,,22,20,8,-1,,,,,,,,,,,,,,,,,,,,,,,,,,,,,,,,,,,,,,,,,,,,,,,,,,,,,,,,,,20_8
-3,NASS USDA,Oxford,,22,20,9,-1,,,,,,,,,,,,,,,,,,,,,,,,,,,,,,,,,,,,,,,,,,,,,,,,,,,,,,,,,,20_9
-3,NASS USDA,Penobscot,,22,20,10,-1,,,,,,,,,,,,,,,,,,,,,,,,,,,,,,,,,,,,,,,,,,,,,,,,,,,,,,,,,,20_10
-3,NASS USDA,Piscataquis,,22,20,11,-1,,,,,,,,,,,,,,,,,,,,,,,,,,,,,,,,,,,,,,,,,,,,,,,,,,,,,,,,,,20_11
-3,NASS USDA,Sagadahoc,,22,20,12,-1,,,,,,,,,,,,,,,,,,,,,,,,,,,,,,,,,,,,,,,,,,,,,,,,,,,,,,,,,,20_12
-3,NASS USDA,Somerset,,22,20,13,-1,,,,,,,,,,,,,,,,,,,,,,,,,,,,,,,,,,,,,,,,,,,,,,,,,,,,,,,,,,20_13
-3,NASS USDA,Waldo,,22,20,14,-1,,,,,,,,,,,,,,,,,,,,,,,,,,,,,,,,,,,,,,,,,,,,,,,,,,,,,,,,,,20_14
-3,NASS USDA,Washington,,22,20,15,-1,,,,,,,,,,,,,,,,,,,,,,,,,,,,,,,,,,,,,,,,,,,,,,,,,,,,,,,,,,20_15
-3,NASS USDA,York,,22,20,16,-1,,,,,,,,,,,,,,,,,,,,,,,,,,,,,,,,,,,,,,,,,,,,,,,,,,,,,,,,,,20_16
-2,NASS USDA,Maryland,,22,21,-1,-1,343808.0,367200.0,450840.0,360672.0,343808.0,298009.725,336791.8125,342915.3,357475.5925,452865.92,470283.84,476271.25,474094.01,388637.34,328218.93,212280.9,272971.465,357611.67,287395.68,64749.600000000006,72843.3,78913.575,68796.45,64749.600000000006,60702.9,66773.19,80937.2,74866.91,105218.36,109265.22,101171.5,105218.36,84984.06,72843.48,52609.18,68796.62,72843.48,64749.76,53.127500000000005,50.4375,57.16250000000001,52.455000000000005,53.127500000000005,49.0925,50.438325,42.368193,47.748281,43.040704,43.040704,47.07577,45.058237,45.730748,45.058237,40.35066,39.678149,49.093303,44.385726,21_-1
-3,NASS USDA,Allegany,,22,21,1,-1,,,,,,,,,,,,,,,,,,,,,,,,,,,,,,,,,,,,,,,,,,,,,,,,,,,,,,,,,,21_1
-3,NASS USDA,Anne Arundel,,22,21,2,-1,,,1128.8,,2382.72,1554.00505,,,,,,,,,,,,,,,,182.10825,,522.0436500000001,303.5145,,,,,,,,,,,,,,,,62.00450000000001,,45.66275000000001,51.17725,,,,,,,,,,,,,,21_2
-3,NASS USDA,Baltimore,,22,21,3,-1,8160.0,,,,17027.2,7756.4175,,,,,,,,5905.7635,7157.6765,5715.255,6803.875,6069.0565,4953.221,1517.56875,,,,2893.49775,1379.97926,,,,,,,,1537.8068,1942.4928,1254.5266,1780.6184,1214.058,1497.3382,53.80000000000001,,,,58.911,56.221,,,,,,,,38.4003781,36.8536028,45.5289947,38.333127,50.1020695,33.0875412,21_3
-3,NASS USDA,Calvert,,22,21,4,-1,,,3672.0,1787.04,3372.8,1499.57405,,,,,,,,,,,,,,,,712.2456000000001,449.20035,667.7302500000001,343.9831,,,,,,,,,,,,,,,,51.58075,39.812000000000005,50.57200000000001,43.578,,,,,,,,,,,,,,21_4
-3,NASS USDA,Caroline,,22,21,5,-1,30926.4,,51707.2,29185.6,29512.0,26834.483,31515.549,31706.0575,29447.171,45722.04,48171.435,54077.1985,46157.488,36223.8305,30073.1275,19595.16,31569.98,43544.8,38101.7,5665.59,,9348.2235,5625.1215,5786.9955,5544.1982,6717.7876,7001.0678,6758.2562,11695.4254,13759.324,11735.894,11331.208,9307.778,6879.662,5746.5412,8255.5944,9712.464,8498.40599999999,54.607,,55.34675,51.91700000000001,51.042750000000005,48.42,46.9412678,45.2599903,43.5787128,39.0728891,35.0378231,46.0670035,40.7541666,38.9383869,43.713215,34.0963077,38.333127,44.7219815,44.8564837,21_5
-3,NASS USDA,Carroll,,22,21,6,-1,15721.6,,20400.0,21651.2,23147.2,11675.4495,,11294.4325,28358.551,28712.3525,,23704.7005,20983.1505,13498.888,16928.041,14560.2925,13199.5175,17962.23,17635.644,3087.7465500000003,,3099.8871,3330.55755,3905.21025,2080.08604,,2549.5218,5139.5122,5948.88419999999,,4653.889,4249.20299999999,2751.8648,3439.831,3197.0194,2994.6764,3642.174,3723.1112,50.9755,,65.83775000000001,65.03075000000001,59.31450000000001,56.15375,,44.3184749,55.145902,48.2862898,,50.9090827,49.3623074,49.0260519,49.2278052,45.5289947,44.0494705,49.4295585,47.3447744,21_6
-3,NASS USDA,Cecil,,22,21,7,-1,20753.6,,24289.6,12974.4,23963.2,19214.143,25664.2165,,14342.5685,,,,,,10614.045,7484.2625,11430.51,13879.905,13063.44,3682.6335,,3682.6335,2132.68995,4127.787,3508.62762,4694.3576,,2711.3962,,,,,,2225.773,1740.1498,2873.2706,2630.459,2428.116,56.355500000000006,,65.97225,60.86125,58.104000000000006,54.7415,54.6751442999999,,52.9266157,,,,,,47.6810299,43.040704,39.678149,52.7921135,53.80088,21_7
-3,NASS USDA,Charles,,22,21,8,-1,,,,,5902.4,,,,,,,,,,,,,,,,,,,1412.35065,,,,,,,,,,,,,,,,,,,41.82950000000001,,,,,,,,,,,,,,,21_8
-3,NASS USDA,Dorchester,,22,21,9,-1,,,44580.8,,20590.4,17553.9975,,,,41122.6205,49668.2875,43680.8775,40959.3275,43381.507,31978.2125,15376.7575,28576.275,31297.825,16329.3,,,7446.204000000001,,4168.2555,4249.203,,,,9671.9954,10724.179,8498.40599999999,8457.93739999999,9914.80699999999,6555.9132,4330.1402,7082.005,6191.69579999999,4856.232,,,59.91975,,49.42875,41.2915,,,,42.5026952,46.3360079,51.3798404,48.420792,43.7804660999999,48.7570475,35.5085808,40.35066,50.438325,33.62555,21_9
-3,NASS USDA,Frederick,,22,21,10,-1,26112.0,,35523.2,20236.8,29729.6,19595.16,24575.5965,21445.814,25854.725,31488.3335,31678.842,28630.706,39435.2595,24575.5965,27623.7325,24085.7175,24493.95,36468.77,34019.375,5867.9325,,6110.7435000000005,3856.64805,5341.842000000001,4042.81314,4856.232,6434.50739999999,5584.6668,7972.3142,7486.691,6717.7876,8538.8746,5341.8552,6879.662,5584.6668,6474.976,7689.034,6474.976,44.5195,,58.17125000000001,52.52225,55.683,48.48725,50.6400783,33.3565456,46.2687568,39.4763957,42.3009419,42.6371974,46.2015057,45.9997524,40.1489067,43.1079550999999,37.9968715,47.4120255,52.5231090999999,21_10
-3,NASS USDA,Garrett,,22,21,11,-1,1079.84,,,,,,,,,,,,,,,,,,,307.5606,,,,,,,,,,,,,,,,,,,35.1045,,,,,,,,,,,,,,,,,,,21_11
-3,NASS USDA,Harford,,22,21,12,-1,7779.2,,,,,4436.1265,,3075.3515,3864.601,,7484.2625,,7157.6765,4708.2815,,3211.429,3048.136,6041.841,6205.134,1578.2715,,,,,772.95026,,728.4348,809.372,,1456.8696,,1833.22758,1092.6522,,809.372,890.3092,1214.058,1294.9952,49.294250000000005,,,,,57.36425,,42.2336908,47.748281,,51.3798404,,39.0728891,43.1079550999999,,39.678149,34.298061,49.765814,47.9500343,21_12
-3,NASS USDA,Howard,,22,21,13,-1,1863.2,,3563.2,,,,,,,,4055.1095,,,3510.7995,,2884.843,3075.3515,2585.4725,3102.567,372.3102,,574.6527,,,,,,,,776.99712,,,728.4348,,607.029,809.372,607.029,647.4976,50.10125000000001,,62.07175,,,,,,,,52.1868535999999,,,48.2190387,,47.5465277,37.9968715,42.7044485,47.9500343,21_13
-3,NASS USDA,Kent,,22,21,14,-1,40065.6,,54862.4,43900.8,48225.6,53886.69,,,31950.997,56472.1625,48987.9,49668.2875,45613.178,44851.144,40278.94,29664.895,31569.98,35380.15,27215.5,6353.5545,,9186.3495,7567.6095,8822.133,9469.6524,,,5665.604,11735.894,10521.836,10117.15,9429.18379999999,8417.4688,8377.0002,6272.633,6839.1934,6474.976,5665.604,63.08050000000001,,59.78525000000001,58.03675,54.67425,56.8935,,,56.4236729,48.1517875999999,46.5377612,49.093303,48.3535409,53.2628712,48.0845365,47.2775233,46.0670035,54.8096465,48.0172854,21_14
-3,NASS USDA,Montgomery,,22,21,15,-1,14280.0,,16129.6,,14225.6,,,,,,,11648.234,12519.13,8763.391,11158.355,8600.098,8708.96,8164.65,9062.7615,2873.2635,,2666.87415,,2525.2344000000003,,,,,,,2630.459,2885.41118,2023.43,3035.145,2266.2416,2104.3672,1821.087,1821.087,49.69775,,60.525000000000006,,56.355500000000006,,,,,,,44.2512238,43.3769595,43.3097084,36.7863517,37.9296204,41.3594265,44.7219815,49.765814,21_15
-3,NASS USDA,Prince George's,,22,21,16,-1,,,,,,,,,,,,,,,,,,,,,,,,,,,,,,,,,,,,,,,,,,,,,,,,,,,,,,,,,,21_16
-3,NASS USDA,Queen Anne's,,22,21,17,-1,,,49912.0,47056.0,29376.0,29011.723,,,,,,,,,,,,,,,,9145.881,8336.511,5786.9955,6191.6958,,,,,,,,,,,,,,,,54.607,56.49,50.77375,46.87325,,,,,,,,,,,,,,21_17
-3,NASS USDA,Saint Mary's,,22,21,18,-1,,,,11070.4,6147.2,16356.5155,,,,,,,,,,,,,,,,,2302.65765,1408.3038,3605.75226,,,,,,,,,,,,,,,,,48.08375000000001,43.64525,45.39375,,,,,,,,,,,,,,21_18
-3,NASS USDA,Somerset,,22,21,19,-1,11016.0,,78913.575,11668.8,6228.799999999999,13117.871,7157.6765,12927.3625,19050.85,8981.115,30345.2825,24004.071,25473.708,26562.328,9661.5025,2449.395,10205.8125,10886.2,9198.839,1861.551,,57.16250000000001,2339.0793,1363.78845,2715.44306,1497.3382,2670.9276,3682.6426,2063.8986,5867.947,4451.546,5058.575,4937.1692,1740.1498,728.4348,2428.116,1902.0242,1740.1498,59.18,,61.601,49.8995,45.73,48.2855,47.8155320999999,48.420792,51.7160959,43.5114617,51.7160959,53.9353822,50.3710739,53.80088,55.5494085999999,33.62555,42.0319375,57.163435,52.8593645999999,21_19
-3,NASS USDA,Talbot,,22,21,20,-1,,,78913.575,43220.8,,,26807.2675,31297.825,30862.377,,50620.83,,,,27215.5,12927.3625,18642.6175,26943.345,16329.3,,,57.16250000000001,8700.7275,5301.373500000001,4127.7972,5058.575,7284.348,7284.348,,11533.551,,,,5787.0098,3561.2368,4653.889,5260.918,4451.546,,,61.13025,49.69775,55.145,48.62175,52.9938667999999,42.9734529,42.368193,,43.9149683,,,,47.0085189,36.315594,40.0144045,51.110836,36.6518495,21_20
-3,NASS USDA,Washington,,22,21,21,-1,13491.2,,78913.575,10472.0,29212.8,16655.886,26099.6645,,,10940.631,8981.115,8600.098,11076.7085,6259.565,9525.425,9525.425,8436.805,11158.355,8981.115,2711.3895,,57.16250000000001,1784.66085,3298.18275,3209.15998,4613.4204,,,2306.7102,1982.9614,1821.087,2403.83484,1497.3382,2306.7102,2468.5846,2063.8986,2225.773,1942.4928,49.76500000000001,,50.90825000000001,58.70925,57.09525000000001,51.917,56.5581750999999,,,47.4120255,45.2599903,47.2102722,46.0670035,41.8301842,41.2921754,38.6021314,41.023171,50.1020695,46.2687568,21_21
-3,NASS USDA,Wicomico,,22,21,22,-1,,,78913.575,,18822.4,2378.6347,,,,7674.771,14696.37,,13281.164,7484.2625,7348.185,2449.395,4300.049,6259.565,3538.015,,,57.16250000000001,,2399.7820500000003,752.71596,,,,2387.6474,3844.517,,3763.5798,1861.5556,1618.744,647.4976,1294.9952,1294.9952,849.8406,,,47.613,45.0575,46.06625,31.6075,,,,32.1460258,38.1986248,,35.3068275,40.2161578,45.3944925,37.8623693,33.2892945,48.420792,41.6284309,21_22
-3,NASS USDA,Worcester,,22,21,23,-1,18251.2,,78913.575,14035.2,11043.2,10178.597,,,,18152.7385,21772.4,,22915.451,24140.1485,20819.8575,8300.7275,9171.6235,20411.625,12246.975,3508.61895,,57.16250000000001,3116.0745,,2642.59958,,,,4572.9518,4856.232,,5099.0436,5260.918,4127.7972,2387.6474,2347.1788,4168.2658,3642.174,52.0515,,50.841,,,38.53425,,,,39.678149,44.8564837,,44.9237348,45.8652502,50.438325,34.7688187,39.005638,49.093303,33.62555,21_23
-3,NASS USDA,Barnstable,,22,22,1,-1,,,,,,,,,,,,,,,,,,,,,,,,,,,,,,,,,,,,,,,,,,,,,,,,,,,,,,,,,,22_1
-3,NASS USDA,Berkshire,,22,22,2,-1,,,,,,,,,,,,,,,,,,,,,,,,,,,,,,,,,,,,,,,,,,,,,,,,,,,,,,,,,,22_2
-3,NASS USDA,Bristol,,22,22,3,-1,,,,,,,,,,,,,,,,,,,,,,,,,,,,,,,,,,,,,,,,,,,,,,,,,,,,,,,,,,22_3
-3,NASS USDA,Dukes,,22,22,4,-1,,,,,,,,,,,,,,,,,,,,,,,,,,,,,,,,,,,,,,,,,,,,,,,,,,,,,,,,,,22_4
-3,NASS USDA,Essex,,22,22,5,-1,,,,,,,,,,,,,,,,,,,,,,,,,,,,,,,,,,,,,,,,,,,,,,,,,,,,,,,,,,22_5
-3,NASS USDA,Franklin,,22,22,6,-1,,,,,,,,,,,,,,,,,,,,,,,,,,,,,,,,,,,,,,,,,,,,,,,,,,,,,,,,,,22_6
-3,NASS USDA,Hampden,,22,22,7,-1,,,,,,,,,,,,,,,,,,,,,,,,,,,,,,,,,,,,,,,,,,,,,,,,,,,,,,,,,,22_7
-3,NASS USDA,Hampshire,,22,22,8,-1,,,,,,,,,,,,,,,,,,,,,,,,,,,,,,,,,,,,,,,,,,,,,,,,,,,,,,,,,,22_8
-3,NASS USDA,Middlesex,,22,22,9,-1,,,,,,,,,,,,,,,,,,,,,,,,,,,,,,,,,,,,,,,,,,,,,,,,,,,,,,,,,,22_9
-3,NASS USDA,Nantucket,,22,22,10,-1,,,,,,,,,,,,,,,,,,,,,,,,,,,,,,,,,,,,,,,,,,,,,,,,,,,,,,,,,,22_10
-3,NASS USDA,Norfolk,,22,22,11,-1,,,,,,,,,,,,,,,,,,,,,,,,,,,,,,,,,,,,,,,,,,,,,,,,,,,,,,,,,,22_11
-3,NASS USDA,Plymouth,,22,22,12,-1,,,,,,,,,,,,,,,,,,,,,,,,,,,,,,,,,,,,,,,,,,,,,,,,,,,,,,,,,,22_12
-3,NASS USDA,Suffolk,,22,22,13,-1,,,,,,,,,,,,,,,,,,,,,,,,,,,,,,,,,,,,,,,,,,,,,,,,,,,,,,,,,,22_13
-3,NASS USDA,Worcester,,22,22,14,-1,,,,,,,,,,,,,,,,,,,,,,,,,,,,,,,,,,,,,,,,,,,,,,,,,,,,,,,,,,22_14
-2,NASS USDA,Michigan,,22,23,-1,-1,1199520.0,887400.0,1264256.0,936904.0,1233792.0,918523.125,927504.24,972137.66,913760.4125,1380642.315,1047116.3625,946555.09,1204285.875,1106582.23,1377784.6875,943017.075,1073379.32,1313964.34,937573.975,198295.65,151756.875,226623.6,167944.275,226623.6,182108.7,194249.28,190202.419999999,171991.55,230671.02,192225.85,190202.419999999,238764.74,216507.009999999,273163.05,200319.57,234717.88,287327.06,214483.58,60.525000000000006,58.50750000000001,55.8175,55.8175,54.4725,50.4375,47.748281,51.110836,53.128369,59.853479,54.473391,49.765814,50.438325,51.110836,50.438325,47.07577,45.730748,45.730748,43.713215,23_-1
-3,NASS USDA,Alcona,,22,23,1,-1,1243.04,,,,,,,,,,,,,1102.22775,2884.843,1232.86215,1352.61035,3244.0876,2422.1795,263.04525,,,,,,,,,,,,,242.8116,607.029,279.23334,416.82658,809.372,566.5604,47.27675000000001,,,,,,,,,,,,,45.3944925,47.5465277,44.1839727,32.6167835,40.0144045,43.040704,23_1
-3,NASS USDA,Alger,,22,23,2,-1,,,,,,,,,,,,,,,,,,,,,,,,,,,,,,,,,,,,,,,,,,,,,,,,,,,,,,,,,,23_2
-3,NASS USDA,Allegan,,22,23,3,-1,11750.4,,9574.4,12457.6,10444.8,5824.117,6123.4875,8953.8995,,11430.51,,11566.5875,12491.9145,10750.1225,20847.073,7919.7105,10366.38395,18373.18405,8953.8995,2152.9242,,2221.72065,2205.53325,2286.4702500000003,1375.9324,1416.401,1902.0242,,2549.5218,,2468.5846,2711.3962,2468.5846,4168.2658,2043.6643,2642.59958,4451.546,2792.3334,54.607,,43.10724999999999,56.49,45.73,42.30025,43.2424573,47.07577,,44.8564837,,46.8740167,46.0670035,43.5787128,50.0348184,38.7366336,39.3418935,41.3594265,32.280528,23_3
-3,NASS USDA,Alpena,,22,23,4,-1,,,,,,,,,,6749.444,3265.86,6150.703,4708.2815,7538.6935,6096.272,3129.7825,4893.3469,5766.96445,3919.032,,,,,,,,,,1881.7899,708.2005,1902.0242,1578.2754,1618.744,1416.401,878.16862,1416.401,2023.43,1294.9952,,,,,,,,,,35.8448363,46.1342545999999,32.3477791,29.8594883999999,46.6050123,43.040704,35.643083,34.6343165,28.5817175,30.262995,23_4
-3,NASS USDA,Antrim,,22,23,5,-1,,,,,,,,,,,,,,1505.01715,1333.5595,,,,,,,,,,,,,,,,,,364.2174,323.7488,,,,,,,,,,,,,,,,,,41.2921754,41.2249243,,,,,23_5
-3,NASS USDA,Arenac,,22,23,6,-1,16020.8,,15857.6,10200.0,15776.0,9988.0885,8572.8825,12219.7595,11811.527,20003.3925,12764.0695,12328.6215,12546.3455,14614.7235,20629.349,12519.13,16628.6705,19848.26415,15240.68,2861.12295,,2954.2005,2237.90805,2950.15365,2063.8986,1821.087,2751.8648,2509.0532,3439.831,2468.5846,2509.0532,2630.459,2873.2706,4006.3914,2549.5218,3399.3624,4087.3286,3116.0822,56.01925000000001,,53.73275,45.5955,53.53099999999999,48.42,47.07577,44.385726,47.07577,58.1722015,51.7160959,49.1605540999999,47.6810299,50.8418315999999,51.5143425999999,49.093303,48.7570475,48.420792,49.093303,23_6
-3,NASS USDA,Baraga,,22,23,7,-1,,,,,,,,,,,,,,,,,,,,,,,,,,,,,,,,,,,,,,,,,,,,,,,,,,,,,,,,,,23_7
-3,NASS USDA,Barry,,22,23,8,-1,,,12947.2,14280.0,15993.6,7865.2795,,8083.0035,5715.255,13716.612,9552.6405,13009.009,12138.113,12301.406,12872.9315,8899.4685,13972.4377,14617.44505,7620.34,,,2780.18595,2626.40565,3362.93235,2225.773,,1821.087,1375.9324,2428.116,2104.3672,2428.116,2509.0532,2549.5218,2751.8648,2250.05416,3318.4252,4046.86,1982.9614,,,46.60425,54.40525000000001,47.613,35.30625,,44.385726,41.5611798,56.490924,45.3944925,53.5991267,48.3535409,48.2190387,46.8067655999999,39.5436468,42.0319375,35.9793385,38.333127,23_8
-3,NASS USDA,Bay,,22,23,9,-1,36475.2,,38814.4,24969.6,38569.6,27297.1465,27079.4225,27759.81,24902.1825,30753.515,30263.636,24167.364,31733.273,29937.05,41449.2065,27188.2845,34433.0506,38621.51605,30753.515,5786.9955,,6555.897,4572.940500000001,6839.1765000000005,5058.575,5099.0436,4856.232,4653.889,5584.6668,4977.63779999999,4815.7634,6191.69579999999,5503.7296,7243.8794,5625.1354,6758.2562,7648.56539999999,6353.5702,63.08050000000001,,59.24725,54.607,56.42275000000001,53.9345,53.128369,57.163435,53.5318755999999,55.0786509,60.7949944,50.1693205999999,51.2453382,54.4061399,57.2306860999999,48.3535409,51.110836,50.438325,48.420792,23_9
-3,NASS USDA,Benzie,,22,23,10,-1,,,,,,,,,,,,,,,,,,,,,,,,,,,,,,,,,,,,,,,,,,,,,,,,,,,,,,,,,,23_10
-3,NASS USDA,Berrien,,22,23,11,-1,,,,,,,2394.964,2324.2037,,4354.48,,,3782.9545,3401.9375,8572.8825,4381.6955,8298.00595,9226.0545,5824.117,,,,,,,526.0918,526.0918,,687.9662,,,890.3092,809.372,1821.087,1125.02708,2003.1957,2306.7102,1699.6812,,,,,,,45.5289947,44.1839727,,63.2832850999999,,,42.5026952,42.0319375,47.07577,38.9383869,41.3594265,40.0144045,34.298061,23_11
-3,NASS USDA,Branch,,22,23,12,-1,5412.799999999999,,6555.2,5004.799999999999,7643.2,5551.962,,3919.032,4300.049,5987.41,,6014.6255,7103.2455,,,7974.1415,10728.3501,11640.06935,7946.926,991.47825,,1375.929,1011.7125,1578.2715,1335.4638,,971.2464,971.2464,1294.9952,,1456.8696,1982.9614,,,2148.88265999999,2630.459,3277.9566,2387.6474,54.607,,47.68025000000001,49.496,48.48725,41.5605,,40.35066,44.2512238,46.2687568,,41.2921754,35.8448363,,,37.1226072,40.6869155,35.643083,32.953039,23_12
-3,NASS USDA,Calhoun,,22,23,13,-1,8404.8,,8105.599999999999,7888.0,8132.799999999999,6803.875,9362.132,6205.134,7429.8315,9852.011,9634.287,8926.684,13743.8275,11212.786,15975.4985,13988.767,16468.09905,16468.09905,12110.8975,1473.0534,,1926.3006,1614.69315,1987.00335,1780.6184,2185.3044,1537.8068,1497.3382,2104.3672,2225.773,2298.61648,3439.831,2711.3962,3601.7054,3282.00346,3844.517,4411.0774,3682.6426,57.09525000000001,,42.0985,48.89075,40.95525000000001,38.198,42.8389507,40.35066,49.6313118,46.8067655999999,43.3097084,38.8038847,39.9471534,41.3594265,44.385726,42.6371974,42.7044485,37.3243605,32.953039,23_13
-3,NASS USDA,Cass,,22,23,14,-1,,,3019.2,1607.52,3372.8,,,,2302.4313,1104.9493,2539.20615,3293.0755,4218.4025,3538.015,8055.788,3755.739,5203.6036,4906.95465,5878.548,,,781.04205,392.54445,926.72865,,,,526.0918,364.2174,586.7947,728.4348,1173.5894,1052.1836,1780.6184,1040.04302,1294.9952,2063.8986,1740.1498,,,38.66875,40.95525000000001,36.38225,,,,43.7804660999999,30.3302461,43.2424573,45.1927392,35.9120874,33.62555,45.2599903,36.1138407,40.35066,23.8741405,33.62555,23_14
-3,NASS USDA,Charlevoix,,22,23,15,-1,,,195.84,,,,,,,,,,,,,,,,,,,72.8433,,,,,,,,,,,,,,,,,,,26.90000000000001,,,,,,,,,,,,,,,,,23_15
-3,NASS USDA,Cheboygan,,22,23,16,-1,,,,,,,,,,974.3149,,,,,,579.69015,,,,,,,,,,,,,182.1087,,,,,,169.96812,,,,,,,,,,,,,53.5318755999999,,,,,,34.0963077,,,,23_16
-3,NASS USDA,Chippewa,,22,23,17,-1,,,,,,,,,,,,,,,,,,,,,,,,,,,,,,,,,,,,,,,,,,,,,,,,,,,,,,,,,,23_17
-3,NASS USDA,Clare,,22,23,18,-1,2456.16,,,,,,925.327,1945.90825,1788.05835,5170.945,,2307.8744,2667.119,2585.4725,,,,,1306.344,489.66885,,,,,,242.8116,526.0918,424.9203,910.5435,,558.46668,708.2005,930.7778,,,,,364.2174,50.1685,,,,,,38.1313737,36.988105,42.0991886,56.7599284,,41.2921754,37.660616,27.7747042999999,,,,,35.643083,23_18
-3,NASS USDA,Clinton,,22,23,19,-1,51897.6,,46566.4,30899.2,55134.4,37203.5885,42456.18,44061.8945,34128.237,54213.276,55193.034,39870.7075,49695.503,49123.9775,52117.6825,33311.772,40232.67365,49886.0115,35380.15,7729.4835,,9186.3495,5827.464,9429.1605,7486.691,9024.4978,7891.37699999999,6677.31899999999,8538.8746,9186.3722,7243.8794,8943.56059999999,9186.3722,9631.5268,7527.1596,8903.092,10724.179,8336.5316,67.18275000000001,,50.706500000000005,53.06025000000001,58.50750000000001,49.697750000000006,47.07577,55.818413,51.110836,63.4850384,60.0552322999999,55.0113997999999,55.5494085999999,53.4646245,54.1371355,44.2512238,45.058237,46.403259,42.368193,23_19
-3,NASS USDA,Crawford,,22,23,20,-1,,,,,,,,,,,,,,,,,,,,,,,,,,,,,,,,,,,,,,,,,,,,,,,,,,,,,,,,,,23_20
-3,NASS USDA,Delta,,22,23,21,-1,,,,,,,,,,,,,,,,,,,,,,,,,,,,,,,,,,,,,,,,,,,,,,,,,,,,,,,,,,23_21
-3,NASS USDA,Dickinson,,22,23,22,-1,,,,,,,,,,,,,,,,,,,,,,,,,,,,,,,,,,,,,,,,,,,,,,,,,,,,,,,,,,23_22
-3,NASS USDA,Eaton,,22,23,23,-1,41072.0,,40745.6,36040.0,34000.0,25827.5095,22235.0635,21282.521,15485.6195,32413.6605,26072.449,32332.014,35489.012,31706.0575,42156.8095,24303.4415,32454.48375,30846.0477,25446.4925,6394.023,,7608.078,5948.869500000001,7081.9875,5746.5412,5544.1982,4653.889,3844.517,5584.6668,5584.6668,6191.69579999999,7284.348,6272.633,8255.5944,5584.6668,7689.034,8417.4688,5908.4156,64.291,,53.59825000000001,60.59224999999999,48.01650000000001,44.923,40.0816556,45.730748,40.2834089,58.0376992999999,46.6722634,52.1868535999999,48.6897964,50.5728272,51.0435849,43.5114617,42.368193,36.6518495,43.040704,23_23
-3,NASS USDA,Emmet,,22,23,24,-1,,,,,,,,,,,,,,,,,,,,,,,,,,,,,,,,,,,,,,,,,,,,,,,,,,,,,,,,,,23_24
-3,NASS USDA,Genesee,,22,23,25,-1,11723.2,,17299.2,4406.4,9846.4,10369.1055,8654.529,11403.2945,7783.633,16166.007,11240.0015,9443.7785,13716.612,13335.595,16873.61,10178.597,10997.78355,17513.17425,11076.7085,2367.40725,,3067.5123000000003,861.97905,2128.6431,5746.5412,2144.8358,2144.8358,1833.22758,3035.145,2326.9445,2266.2416,3156.5508,2994.6764,4208.7344,2602.13098,3318.4252,4613.4204,2873.2706,49.56325,,56.42275000000001,51.17725,46.268,45.73,40.35066,53.1956200999999,42.4354441,53.2628712,48.2862898,41.695682,43.4442105999999,44.5202282,40.0816556,39.1401402,33.2892945,37.9968715,38.333127,23_25
-3,NASS USDA,Gladwin,,22,23,26,-1,6446.4,,,5086.4,4624.0,1483.24475,1319.95175,,,4572.204,,,,4191.187,2775.981,3456.3685,2697.05605,4022.4509,2803.1965,1133.118,,,886.2601500000001,918.63495,2266.2416,566.5604,,,971.2464,,,,793.18456,647.4976,679.87248,647.4976,971.2464,607.029,56.8935,,,57.43150000000001,50.370250000000006,40.7535,23.2688806,,,47.07577,,,,52.8593645999999,42.9062018,50.8418315999999,41.695682,41.3594265,46.403259,23_26
-3,NASS USDA,Gogebic,,22,23,27,-1,,,,,,,,,,,,,,,,,,,,,,,,,364.2174,,,,,,,,,,,,,,,,,,,,,,,,,,,,,,,,,23_27
-3,NASS USDA,Grand Traverse,,22,23,28,-1,1278.4,,1974.72,1694.56,,1371.6612,,,,,,,,1796.223,1905.085,1006.9735,1355.3319,2547.3708,1551.2835,404.685,,550.3716000000001,433.0129500000001,,445.1546,,,,,,,,566.5604,566.5604,404.686,445.1546,728.4348,647.4976,31.6075,,35.911500000000004,39.139500000000005,,30.8005,,,,,,,,31.6752681,33.62555,24.882907,30.5992505,34.970572,24.210396,23_28
-3,NASS USDA,Gratiot,,22,23,29,-1,,,,36312.0,47137.6,20057.8235,35244.0725,43299.8605,32168.721,53941.121,41231.4825,40904.8965,45068.868,55846.206,50158.1665,33856.082,43370.6208,46935.8513,32658.6,,,,6313.086,8376.9795,4653.889,7405.75379999999,7486.691,6191.69579999999,9469.65239999999,7082.005,7648.56539999999,8619.8118,9024.4978,9995.7442,6920.13059999999,9186.3722,9833.8698,7243.8794,,,,57.566,56.288250000000005,43.10724999999999,47.6137788,57.835946,51.9851003,56.9616817,58.2394525999999,53.4646245,52.2541047,61.871012,50.1693205999999,48.8915497,47.07577,47.748281,45.058237,23_29
-3,NASS USDA,Hillsdale,,22,23,30,-1,22793.6,,21080.0,12593.6,23854.4,21690.7535,15730.559,18669.833,20765.4265,32930.755,26480.6815,23840.778,30971.239,20357.194,29964.2655,19186.9275,26554.16335,27357.0206,19050.85,3848.55435,,4168.2555,2274.3297,4694.3460000000005,4734.8262,3965.9228,3965.9228,3553.14308,5463.26099999999,5382.3238,4937.1692,6232.1644,4370.6088,6758.2562,4572.9518,6110.7586,6474.976,5220.44939999999,59.24725,,50.57200000000001,55.414,50.841,45.79725,39.678149,47.07577,58.4412059,60.2569855999999,49.2278052,48.2862898,49.6985629,46.6050123,44.3184749,41.9646864,43.3769595,42.368193,36.315594,23_30
-3,NASS USDA,Houghton,,22,23,31,-1,,,,,,,,,,,,,,,,,,,,,,,,,,,,,,,,,,,,,,,,,,,,,,,,,,,,,,,,,,23_31
-3,NASS USDA,Huron,,22,23,32,-1,196601.6,,204516.8,178676.8,179112.0,167456.9715,159754.985,135696.483,174043.1225,218268.31,162748.69,118387.425,144868.1065,128511.591,158122.055,123966.6025,103633.90245,153416.49505,126279.92,28044.6705,,28732.635,27154.3635,29056.383,26304.59,26709.2759999999,24281.16,25899.904,29582.5465999999,23148.0392,19465.3966,23228.9764,21731.6382,25899.904,21448.358,17846.6526,26506.933,23512.2566,70.14175,,71.21775000000001,65.83775000000001,61.66825,63.68575,59.7862279,55.8856640999999,67.1838489,73.7744567,70.2773995,60.7949944,62.3417697,59.1137169,61.0639987999999,57.7686949,58.1722015,57.835946,53.80088,23_32
-3,NASS USDA,Ingham,,22,23,33,-1,21542.4,,24724.8,25486.4,28696.0,25446.4925,27215.5,23214.8215,15648.9125,35733.9515,30726.2995,34563.685,39027.027,36958.649,40932.112,32876.324,32990.6291,36210.22275,30753.515,3395.30715,,5625.1215,4856.22,5706.0585,5341.8552,5584.6668,4572.9518,3197.0194,5665.604,5382.3238,6191.69579999999,6920.13059999999,6515.4446,7648.56539999999,6960.5992,7486.691,8336.5316,6960.5992,63.48400000000001,,43.9815,52.52225,50.303,47.613,48.7570475,50.7745805,48.9588008,63.0815317999999,57.0961839,55.818413,56.4236729,56.6926772999999,53.5318755999999,47.2102722,44.0494705,43.3769595,44.385726,23_33
-3,NASS USDA,Ionia,,22,23,34,-1,35931.2,,32558.4,23881.6,39249.6,20983.1505,26344.604,26916.1295,22643.296,37394.097,28385.7665,25637.001,30073.1275,23949.64,32386.445,18615.402,23201.21375,25158.0082,17417.92,5584.653,,6070.275000000001,4572.940500000001,6839.1765000000005,4208.7344,5422.7924,4653.889,4249.20299999999,5584.6668,5382.3238,4896.7006,5665.604,4734.82619999999,6272.633,4330.1402,5260.918,5908.4156,4168.2658,64.35825,,53.6655,52.25325000000001,57.43150000000001,49.83225,48.5552942,57.835946,53.2628712,66.9820956,52.7248624,52.3886069,53.0611179,50.5728272,51.6488448,42.9734529,44.0494705,42.7044485,41.695682,23_34
-3,NASS USDA,Iosco,,22,23,35,-1,4324.8,,2883.2,,,993.36575,,,,,,,,2231.671,3755.739,1371.6612,3992.51385,4667.45825,3075.3515,849.8385000000001,,546.32475,,,242.8116,,,,,,,,485.6232,728.4348,360.17054,809.372,1214.058,687.9662,50.90825000000001,,52.791250000000005,,,40.888,,,,,,,,45.9325013,51.5815937,38.0641226,49.4295585,38.333127,44.385726,23_35
-3,NASS USDA,Iron,,22,23,36,-1,,,,,,,,,,,,,,,,,,,,,,,,,,,,,,,,,,,,,,,,,,,,,,,,,,,,,,,,,,23_36
-3,NASS USDA,Isabella,,22,23,37,-1,,,,,29076.8,13526.1035,23078.744,24548.381,23459.761,30127.5585,33066.8325,25446.4925,38482.717,40687.1725,46402.4275,26807.2675,35815.598,40768.819,26535.1125,,,,,5463.2475,2832.802,4856.232,5139.5122,4734.82619999999,5948.88419999999,6110.7586,5341.8552,8296.063,7810.4398,8579.3432,5625.1354,7648.56539999999,8538.8746,6839.1934,,,,,53.26200000000001,47.7475,47.5465277,47.748281,49.5640607,50.6400783,54.1371355,47.6137788,46.403259,52.1196025,54.0698844,47.6810299,46.7395145,47.748281,39.005638,23_37
-3,NASS USDA,Jackson,,22,23,38,-1,12403.2,,12811.2,14198.4,12376.0,13063.44,12900.147,12954.578,13607.75,15540.0505,13907.1205,11648.234,15159.0335,14097.629,16247.6535,11321.648,12981.7935,17137.60035,10886.2,2339.0793,,3047.2780500000003,2707.34265,2897.5446,2994.6764,2954.2078,2751.8648,2670.9276,2670.9276,3035.145,2751.8648,3520.7682,3318.4252,3682.6426,3087.75418,3399.3624,4370.6088,3156.5508,53.06025000000001,,42.03125,52.455000000000005,42.70375000000001,43.64525,43.6459639,47.07577,50.9763338,58.1722015,45.7979990999999,42.3009419,43.040704,42.5026952,44.1167215999999,36.6518495,38.333127,39.3418935,34.298061,23_38
-3,NASS USDA,Kalamazoo,,22,23,39,-1,6038.4,,6718.4,5548.799999999999,6011.2,5824.117,4517.773,,3973.463,,5688.0395,3238.6445,,,,,8314.33525,8502.1222,5170.945,1052.181,,1230.2424,1019.8062,1282.85145,1294.9952,971.2464,,849.8406,,1193.8237,809.372,,,,,1902.0242,2347.1788,1537.8068,57.43150000000001,,54.67425,54.4725,46.873250000000006,44.99025,46.5377612,,46.7395145,,47.6137788,40.0144045,,,,,43.713215,36.315594,33.62555,23_39
-3,NASS USDA,Kalkaska,,22,23,40,-1,,,,,1667.36,3619.6615,,,,,,,,1951.35135,1741.792,,,1314.50865,,,,,,400.63815,,,,,,,,,404.686,331.84252,,,283.2802,,,,,,41.62775,,,,,,,,,48.2190387,52.455858,,,46.403259,,23_40
-3,NASS USDA,Kent,,22,23,41,-1,,,7126.4,7180.799999999999,11124.8,,7565.909,9824.7955,7946.926,15812.2055,13390.026,8926.684,11430.51,11022.2775,14424.215,9362.132,10815.4397,11988.42775,8028.5725,,,1817.03565,1521.6156,2395.7352,1052.1836,1821.087,2144.8358,1788.71212,2913.7392,2488.81889999999,1942.4928,2468.5846,2063.8986,3197.0194,2201.49184,2549.5218,2994.6764,2347.1788,,,39.274,47.209500000000006,46.469750000000005,34.432,41.5611798,45.7979990999999,44.4529770999999,54.2716377,53.80088,45.9325013,46.3360079,53.3973734,45.1254880999999,42.5026952,42.368193,40.0144045,34.298061,23_41
-3,NASS USDA,Keweenaw,,22,23,42,-1,,,,,,,,,,,,,,,,,,,,,,,,,,,,,,,,,,,,,,,,,,,,,,,,,,,,,,,,,,23_42
-3,NASS USDA,Lake,,22,23,43,-1,,,,,,,,,,952.5425,,,,,,,,,,,,,,,,,,,182.1087,,,,,,,,,,,,,,,,,,,52.3213558,,,,,,,,,,23_43
-3,NASS USDA,Lake Hurron,,22,23,44,-1,,,,,,,,,,,,,,,,,,,,,,,,,,,,,,,,,,,,,,,,,,,,,,,,,,,,,,,,,,23_44
-3,NASS USDA,Lake Michigan,,22,23,45,-1,,,,,,,,,,,,,,,,,,,,,,,,,,,,,,,,,,,,,,,,,,,,,,,,,,,,,,,,,,23_45
-3,NASS USDA,Lake St. Clair,,22,23,46,-1,,,,,,,,,,,,,,,,,,,,,,,,,,,,,,,,,,,,,,,,,,,,,,,,,,,,,,,,,,23_46
-3,NASS USDA,Lake Superior,,22,23,47,-1,,,,,,,,,,,,,,,,,,,,,,,,,,,,,,,,,,,,,,,,,,,,,,,,,,,,,,,,,,23_47
-3,NASS USDA,Lapeer,,22,23,48,-1,11668.8,,16918.399999999998,9139.2,13436.8,12192.544,8736.1755,8273.512,9743.149,17200.196,19350.2205,10641.2605,16873.61,18288.816,21854.0465,14260.922,18993.69745,27626.45405,10940.631,2339.0793,,3156.543,1780.614,2460.4848,2549.5218,2306.7102,1780.6184,2023.43,2873.2706,3237.488,2549.5218,3642.174,3682.6426,4775.2948,3282.00346,4694.3576,6029.8214,2832.802,49.8995,,53.59825000000001,51.37900000000001,54.67425,47.81475,37.8623693,46.4705100999999,48.1517875999999,59.853479,59.7862279,41.7629331,46.3360079,49.6313118,45.7979990999999,43.4442105999999,40.35066,45.730748,38.333127,23_48
-3,NASS USDA,Leelanau,,22,23,49,-1,,,,,,,,,,,,,,,,,,,,,,,,,,,,,,,,,,,,,,,,,,,,,,,,,,,,,,,,,,23_49
-3,NASS USDA,Lenawee,,22,23,50,-1,70203.2,,80104.0,40963.2,79804.79999999999,56200.0075,47627.125,59438.652,53587.3195,86681.3675,50620.83,74543.2545,95390.3275,55791.775,86953.5225,67821.026,81534.91645,80732.0592,62595.65,11088.369,,13152.2625,7203.393,12949.92,11735.894,10845.5848,11047.9278,9510.121,13152.295,9833.8698,13071.3578,16470.7202,11695.4254,17199.155,13921.1984,15459.0052,16187.44,12707.1404,63.349500000000006,,60.9285,56.8935,61.66825,47.882,43.9149683,53.80088,56.3564217999999,65.906078,51.4470915,57.0289327999999,57.9031970999999,47.6810299,50.5728272,48.6897964,52.7921135,49.765814,49.093303,23_50
-3,NASS USDA,Livingston,,22,23,51,-1,10118.4,,11233.6,8867.199999999999,11043.2,11566.5875,8545.667,9579.856,8246.2965,12764.0695,11049.493,11811.527,11212.786,11702.665,15376.7575,11893.1735,10004.4178,13517.93885,10831.769,1792.75455,,2225.7675,1812.9888,2322.8919,2549.5218,2185.3044,1780.6184,1780.6184,2428.116,2428.116,2541.42808,2994.6764,2670.9276,3561.2368,3075.6136,2711.3962,3642.174,2954.2078,56.49,,50.50475,48.958000000000006,47.54575000000001,45.39375,39.0728891,53.80088,46.3360079,52.5903602,45.5289947,46.4705100999999,37.4588627,43.8477172,43.1752062,38.6693825,36.988105,36.988105,36.988105,23_51
-3,NASS USDA,Luce,,22,23,52,-1,,,,,,,,,,,,,,,,,,,,,,,,,,,,,,,,,,,,,,,,,,,,,,,,,,,,,,,,,,23_52
-3,NASS USDA,Mackinac,,22,23,53,-1,,,,,,,,,,,,,,,,,,,,,,,,,,,,,,,,,,,,,,,,,,,,,,,,,,,,,,,,,,23_53
-3,NASS USDA,Macomb,,22,23,54,-1,,,7099.2,2159.68,6283.2,6014.6255,3701.308,3891.8165,4327.2645,6667.7975,2748.7655,4136.756,5388.669,4490.5575,7076.03,5361.4535,5230.8191,10888.92155,3592.446,,,1379.97585,404.685,1137.16485,1214.058,768.9034,768.9034,837.70002,1294.9952,586.7947,1133.1208,1133.1208,1092.6522,2104.3672,1116.93336,1497.3382,2509.0532,930.7778,,,51.446250000000006,53.3965,55.279500000000006,49.56325,48.1517875999999,50.6400783,51.6488448,51.5143425999999,46.8740167,36.5173473,47.5465277,41.0904221,33.62555,48.0172854,34.970572,43.3769595,38.333127,23_54
-3,NASS USDA,Manistee,,22,23,55,-1,,,,,,125.1913,,,,,,,,,,,,,,,,,,,40.4686,,,,,,,,,,,,,,,,,,,30.935,,,,,,,,,,,,,,23_55
-3,NASS USDA,Marquette,,22,23,56,-1,,,,,,,,,,,,,,,,,,,,,,,,,,,,,,,,,,,,,,,,,,,,,,,,,,,,,,,,,,23_56
-3,NASS USDA,Mason,,22,23,57,-1,8241.6,,7860.799999999999,6908.799999999999,10580.8,2386.79935,6014.6255,8436.805,5443.1,9525.425,5878.548,4681.066,7348.185,6749.444,9498.2095,5905.7635,4825.30815,8180.9793,2912.0585,2225.7675,,1744.19235,1626.8337,2169.1116,647.4976,1497.3382,1902.0242,1416.401,2246.00729999999,1436.6353,1416.401,1699.6812,1553.99424,2266.2416,1469.01018,1375.9324,1902.0242,1011.715,37.054750000000006,,45.124750000000006,42.502,48.8235,36.853,40.1489067,44.385726,38.4003781,42.4354441,40.8886688,33.0202901,43.2424573,43.4442105999999,41.8974353,40.2161578,34.970572,43.040704,28.917973,23_57
-3,NASS USDA,Mecosta,,22,23,58,-1,,,3699.2,5331.2,,2599.08025,4300.049,,5851.3325,6395.6425,2675.28365,2212.62015,2884.843,3102.567,3048.136,3538.015,2114.64435,3031.8067,1632.93,,,1250.47665,975.29085,,647.4976,1052.1836,,1214.058,1294.9952,687.9662,821.51258,1031.9493,967.19954,890.3092,793.18456,647.4976,768.9034,566.5604,,,29.59,54.67425,,40.14825,40.8886688,,48.2190387,49.3623074,38.8711358,26.90044,27.9764576,32.0787747,34.2308099,44.5874793,32.6167835,39.3418935,28.917973,23_58
-3,NASS USDA,Menominee,,22,23,59,-1,,,,,,,,,,,,,,,,,,,,,,,,,,,,,,,,,,,,,,,,,,,,,,,,,,,,,,,,,,23_59
-3,NASS USDA,Midland,,22,23,60,-1,,,,,8731.199999999999,2748.7655,5960.1945,6994.3835,5551.962,9797.58,9089.977,6150.703,,12818.5005,12818.5005,7919.7105,11773.4253,13705.7258,9253.27,,,,,1501.38135,607.029,1092.6522,1375.9324,1173.5894,1719.9155,1537.8068,1327.37008,,1942.4928,2347.1788,1643.02516,2509.0532,2792.3334,1902.0242,,,,,58.17125000000001,45.25925,54.5406420999999,50.8418315999999,47.2775233,56.9616817,59.1137169,46.3360079,,65.9733290999999,54.6078932,48.2190387,47.07577,49.093303,48.420792,23_60
-3,NASS USDA,Missaukee,,22,23,61,-1,2176.0,,,,1757.12,1358.05345,,,,,,,,870.896,1197.482,816.465,802.85725,1690.08255,1088.62,485.622,,,,404.685,404.686,,,,,,,,202.343,283.2802,283.2802,202.343,404.686,283.2802,44.85575000000001,,,,43.44349999999999,33.55775,,,,,,,,43.040704,42.3009419,28.8507218999999,39.678149,41.695682,38.333127,23_61
-3,NASS USDA,Monroe,,22,23,62,-1,45396.8,,60465.6,22576.0,47627.2,31325.0405,32114.29,36359.908,33828.8665,46511.2895,36414.339,50648.0455,54703.155,31950.997,56880.395,41421.991,54041.81835,51497.1691,41367.56,7162.9245,,9388.692,4127.787,7972.2945,6515.4446,7648.56539999999,7405.75379999999,6474.976,8215.1258,7689.034,9631.5268,10198.0872,5989.3528,11654.9568,8538.8746,10926.5219999999,11128.865,8619.8118,63.41675000000001,,64.4255,54.74150000000001,59.78525000000001,48.08375,41.9646864,49.093303,52.2541047,56.6254262,47.3447744,52.5903602,53.6663777999999,53.3301222999999,48.8242985999999,48.4880430999999,49.4295585,46.403259,47.748281,23_62
-3,NASS USDA,Montcalm,,22,23,63,-1,33075.2,,25731.2,26248.0,28777.6,13716.612,,,,,29991.481,,23867.9935,22588.865,25174.3375,15022.956,19445.47475,24997.43675,17662.8595,5625.1215,,5908.401,5260.905000000001,6353.5545,3642.174,,,,,6070.29,,5463.26099999999,5827.4784,6029.8214,4087.3286,5220.44939999999,5989.3528,5018.1064,58.84375,,43.578,49.8995,45.3265,37.66,,,,,49.4295585,,43.713215,38.7366336,41.7629331,36.7863517,37.3243605,41.695682,34.970572,23_63
-3,NASS USDA,Montmorency,,22,23,64,-1,824.16,,,,,,,,1251.913,1358.05345,,,,,,,1570.33435,1796.223,1170.2665,202.3425,,,,,,,,323.7488,343.9831,,,,,,,364.2174,485.6232,323.7488,40.7535,,,,,,,,38.6693825,39.4763957,,,,,,,43.040704,36.988105,36.315594,23_64
-3,NASS USDA,Muskegon,,22,23,65,-1,4705.599999999999,,3617.6,5140.799999999999,5276.799999999999,1793.50145,,1769.0075,,4381.6955,,2479.33205,,,6123.4875,966.15025,,3622.38305,2993.705,963.1503,,870.07275,1076.4621,1193.82075,566.5604,,364.2174,,849.8406,,926.73094,,,1133.1208,287.32706,,1052.1836,930.7778,48.89075,,41.62775,47.81475,44.2505,31.67475,,48.5552942,,51.5815937,,26.7659377999999,,,54.0698844,33.62555,,34.298061,32.280528,23_65
-3,NASS USDA,Newaygo,,22,23,66,-1,7480.0,,4868.8,5875.2,7915.2,3320.291,4517.773,3184.2135,3129.7825,5415.8845,3973.463,,2544.64925,4163.9715,,,2656.2328,,1769.0075,1375.929,,1363.78845,1189.7739,1574.22465,890.3092,1092.6522,687.9662,647.4976,1052.1836,748.6691,,687.9662,1023.85558,,,667.7319,,607.029,54.40525000000001,,35.70975,49.42875,50.303,37.32375,41.3594265,46.2687568,48.3535409,51.4470915,53.0611179,,36.988105,40.6869155,,,39.678149,,28.917973,23_66
-3,NASS USDA,Oakland,,22,23,67,-1,,,1996.48,1210.4,2910.4,1649.2593,,,,,,,,,3919.032,,,2307.8744,,,,428.9661,258.9984,659.63655,364.2174,,,,,,,,,768.9034,,,566.5604,,,,46.537000000000006,46.73875000000001,44.116,45.25925,,,,,,,,,50.9763338,,,40.6869155,,23_67
-3,NASS USDA,Oceana,,22,23,68,-1,3916.8,,3264.0,4216.0,5331.2,2912.0585,4082.325,,,4463.342,,2748.7655,,3538.015,3973.463,2155.4676,2797.7534,3728.5235,2122.809,942.91605,,890.307,1035.9936,1177.63335,890.3092,1133.1208,,,1092.6522,,687.9662,,781.04398,930.7778,554.41982,708.2005,1133.1208,728.4348,41.560500000000005,,36.651250000000005,40.68625,45.3265,32.6835,36.0465896,,,40.8214177,,39.9471534,,45.3272414,42.7044485,38.8711358,39.3418935,32.953039,28.917973,23_68
-3,NASS USDA,Ogemaw,,22,23,69,-1,,,5249.599999999999,4352.0,6337.599999999999,4300.049,,6341.2115,5524.7465,8627.3135,7048.8145,4082.325,6286.7805,5715.255,5089.2985,2612.688,2544.64925,4370.8093,2422.1795,,,1230.2424,938.8692,1396.16325,1092.6522,,1456.8696,1375.9324,1618.744,1052.1836,857.93432,1286.90148,1133.1208,1052.1836,594.88842,586.7947,809.372,485.6232,,,42.70375000000001,46.4025,45.39375,39.34125,,43.5114617,40.1489067,53.3301222999999,66.9820956,47.6137788,48.8242985999999,50.438325,48.3535409,43.9149683,43.3769595,54.1371355,49.765814,23_69
-3,NASS USDA,Ontonagon,,22,23,70,-1,,,,,,,,,,,,,,,,,,1017.8597,,,,,,,,,,,,,,,,,,,283.2802,,,,,,,,,,,,,,,,,,,35.9793385,,23_70
-3,NASS USDA,Osceola,,22,23,71,-1,,,,2001.92,3644.8,1752.6782,,1891.47725,,,3020.9205,1847.93245,,1170.2665,,,,,680.3875,,,,505.8562500000001,748.6672500000001,404.686,,485.6232,,,607.029,404.686,,303.5145,,,,,202.343,,,,39.61025,48.68900000000001,43.309000000000005,,38.9383869,,,49.765814,45.6634969,,38.5348803,,,,,33.62555,23_71
-3,NASS USDA,Oscoda,,22,23,72,-1,,,,,,,,,,,,,,,,,,,,,,,,,,,,,,,,,,,,,,,,,,,,,,,,,,,,,,,,,,23_72
-3,NASS USDA,Otsego,,22,23,73,-1,,,1651.04,1501.4399999999998,,1583.9421,,1469.637,1053.23985,,,,1333.5595,1360.775,1197.482,,,1368.93965,544.31,,,408.73185,360.16965,,445.1546,,364.2174,343.9831,,,,384.4517,364.2174,323.7488,,,404.686,161.8744,,,40.41725,41.695,,35.57525,,40.35066,30.5992505,,,,34.7015676,37.3916116,36.988105,,,33.9618055,33.62555,23_73
-3,NASS USDA,Ottawa,,22,23,74,-1,7806.4,,,,8241.6,2348.69765,,6640.582,4708.2815,9280.4855,7620.34,7375.4005,9743.149,6531.72,13063.44,5062.083,7165.84115,12285.0767,6177.9185,1586.3652,,,,1634.9274,607.029,,1335.4638,1254.5266,1659.2126,1598.5097,1618.744,2144.8358,1618.744,2873.2706,1319.27636,1881.7899,3116.0822,1942.4928,49.227,,,,50.4375,38.66875,,49.6985629,37.5261138,55.9529152,47.6810299,45.5962458,45.3944925,40.35066,45.4617435999999,38.4003781,37.9968715,39.3418935,31.608017,23_74
-3,NASS USDA,Presque Isle,,22,23,75,-1,,,3835.2,5059.2,,,5443.1,,,5007.652,,4789.928,6858.306,6803.875,4381.6955,2365.02695,4964.1072,5282.52855,4817.1435,,,1205.9613,1262.6172,,,1740.1498,,,1902.0242,,1367.83868,2023.43,1537.8068,1416.401,841.74688,1432.58844,1618.744,1375.9324,,,31.80925,40.081,,,31.2717615,,,26.2951801,,35.0378231,33.8945544,44.2512238,30.935506,28.1109597999999,34.6343165,32.6167835,34.970572,23_75
-3,NASS USDA,Roscommon,,22,23,76,-1,,,,,,,,,,,,,,,,,,,,,,,,,,,,,,,,,,,,,,,,,,,,,,,,,,,,,,,,,,23_76
-3,NASS USDA,Saginaw,,22,23,77,-1,60900.8,,64627.2,31008.0,54073.6,29365.5245,40823.25,40278.94,36577.632,52036.036,35706.736,39135.889,46375.212,50321.4595,64908.9675,43980.248,54787.52305,63028.37645,48715.745,9226.818,,10238.5305,5584.653,9510.0975,5827.4784,7931.8456,7486.691,7203.4108,8215.1258,6110.7586,7769.9712,8781.6862,9145.9036,11533.551,8822.1548,10926.5219999999,12747.609,10400.4301999999,66.0395,,63.14775000000001,55.5485,56.8935,50.370250000000006,51.4470915,53.80088,50.7745805,63.3505362,58.4412059,50.3710739,52.7921135,55.0113997999999,56.2891707,49.8330650999999,50.1020695,49.4295585,47.07577,23_77
-3,NASS USDA,Saint Clair,,22,23,78,-1,29321.6,,29403.2,12566.4,25812.8,22616.0805,,,,,,,,,,,,,,4896.6885,,5301.373500000001,2059.84665,4653.8775000000005,4613.4204,,,,,,,,,,,,,,59.91975,,55.48125,61.063,55.48125,49.02525,,,,,,,,,,,,,,23_78
-3,NASS USDA,Saint Joseph,,22,23,79,-1,3508.8,,5276.799999999999,7643.2,6419.2,6341.2115,,,,,,,,,,,,,,708.19875,,1129.07115,1448.7723,1537.803,1375.9324,,,,,,,,,,,,,,49.56325,,46.73875000000001,52.791250000000005,41.76225000000001,46.06625,,,,,,,,,,,,,,23_79
-3,NASS USDA,Sanilac,,22,23,80,-1,110404.8,,140923.19999999998,110622.4,124712.0,117761.4685,101513.815,97268.197,100833.4275,149358.664,87579.479,66160.8805,121108.975,122469.75,129817.935,103772.7015,99799.2385,140810.27545,100425.195,17603.7975,,20881.746,18008.482500000002,20638.935,19222.585,19546.3338,17401.498,16349.3144,21043.672,14487.7588,13637.9182,23269.445,22298.1986,25495.218,19465.3966,20355.7058,27397.2422,19951.0198,62.74425,,67.519,61.46650000000001,60.45775,61.26474999999999,51.9178492,55.8856640999999,61.6692587,70.9499105,60.4587389,48.4880430999999,52.0523514,54.9441487,50.9090827,53.3301222999999,49.093303,51.4470915,50.438325,23_80
-3,NASS USDA,Schoolcraft,,22,23,81,-1,,,,,,,,,,,,,,,,,,,,,,,,,,,,,,,,,,,,,,,,,,,,,,,,,,,,,,,,,,23_81
-3,NASS USDA,Shiawassee,,22,23,82,-1,50020.8,,46784.0,21841.6,47300.8,36904.218,30617.4375,45504.316,23895.209,57860.153,47735.987,34019.375,49886.0115,55056.9565,62459.5725,40605.526,42107.8216,51763.881,43544.8,8943.5385,,9510.0975,4411.0665,9469.629,7324.8166,6555.9132,8903.092,5584.6668,10805.1162,9307.778,8296.063,10562.3046,11371.6765999999,12747.609,9955.27559999999,10845.5848,12181.0486,10521.836,55.952,,49.227,49.56325,49.96675,50.370250000000006,46.6722634,51.110836,42.7716996,53.5318755999999,51.3125893,41.023171,47.2102722,48.420792,49.0260519,40.8214177,38.6693825,42.368193,41.695682,23_82
-3,NASS USDA,Tuscola,,22,23,83,-1,70230.4,,82470.4,63729.6,82035.2,65153.907,60146.255,63058.3135,74679.332,99744.8075,71005.2395,56662.671,80231.294,73944.5135,86518.0745,60663.3495,62353.43205,77781.899,60962.72,11533.5225,,13152.2625,11533.5225,13840.227,11331.208,10926.5219999999,12019.1742,12585.7346,15904.1598,12342.9229999999,10562.3046,14406.8216,13030.8892,15661.3482,11412.1451999999,12747.609,15499.4738,13152.295,60.9285,,62.74425,55.279500000000006,59.31450000000001,57.49875,55.0786509,52.455858,59.3154702,62.7452762999999,57.4996905,53.6663777999999,55.6839107999999,56.7599284,55.2131530999999,53.128369,48.7570475,50.1020695,46.403259,23_83
-3,NASS USDA,Van Buren,,22,23,84,-1,,,,,,,,,,,,,,,,,2378.6347,2307.8744,1605.7145,,,,,,,,,,,,,,,,,675.82562,768.9034,526.0918,,,,,,,,,,,,,,,,,35.3068275,29.9267395,30.262995,23_84
-3,NASS USDA,Washtenaw,,22,23,85,-1,22793.6,,26356.8,20291.2,24724.8,20928.7195,20547.7025,20874.2885,19268.574,27895.8875,25147.122,31651.6265,28385.7665,21309.7365,33556.7115,24004.071,26096.94295,27087.58715,19268.574,3974.0067,,4896.6885,3520.7595,4775.283,4734.8262,4734.82619999999,4249.20299999999,3642.174,4896.7006,5220.44939999999,5989.3528,6636.8504,4694.3576,7203.4108,5220.44939999999,5827.4784,6717.7876,4815.7634,57.364250000000006,,53.86725,57.63325000000001,51.7825,44.18325,43.3769595,49.093303,52.9266157,56.9616817,48.1517875999999,52.8593645999999,42.7716996,45.3944925,46.6050123,45.9997524,44.7219815,40.35066,39.678149,23_85
-3,NASS USDA,Wayne,,22,23,86,-1,,,,,,,,,,,,,,,680.3875,,,563.36085,,,,,,,,,,,,,,,,242.8116,,,202.343,,,,,,,,,,,,,,,,28.0437087,,,27.9092065,,23_86
-3,NASS USDA,Wexford,,22,23,87,-1,,,,,,,,,,,,,,,,,560.6393,,,,,,,,,,,,,,,,,,,161.8744,,,,,,,,,,,,,,,,,,,34.6343165,,,23_87
-2,NASS USDA,Minnesota,,22,24,-1,-1,2064480.0,2198576.0,2124864.0,2007632.0,,1961693.24,2171796.9,2529136.415,2066608.9925,2036481.434,2402965.357,1808959.854,1827575.256,2080080.665,1909874.928,2390473.4425,2278617.7375,2842386.82,2228949.45,445153.5,477528.3000000001,509903.1,489668.85,,550372.96,566560.4,637380.45,459318.61,513141.848,596102.478,490479.432,479148.224,543088.612,615527.406,649521.03,641427.309999999,756762.82,692013.059999999,46.4025,46.06625,41.695,41.02250000000001,,35.6425,38.333127,39.6802839555555,44.9930597224669,39.6866349432176,40.3113959497623,36.8815686039603,38.1422792837837,38.3010549403874,31.028357617357,36.8037406137071,35.5242797949526,37.5599191657754,32.209737368421,24_-1
-3,NASS USDA,Aitkin,,22,24,1,-1,,,,,,,,,,,,,,,,3837.3855,,,,,,,,,,,,,,,,,,,1347.60438,,,,,,,,,,,,,,,,,,,28.4472152999999,,,,24_1
-3,NASS USDA,Anoka,,22,24,2,-1,,,,,,,,,,,,,,,,,,,,,,,,,,,,,,,,,,,,,,,,,,,,,,,,,,,,,,,,,,24_2
-3,NASS USDA,Becker,,22,24,3,-1,31742.4,,35931.2,38841.6,,55764.5595,44361.265,57070.9035,46647.367,,,,33230.1255,,49178.4085,69399.525,53614.535,,66541.8975,6717.771000000001,,8862.6015,9631.503,,13354.638,12342.9229999999,14649.6332,11735.894,,,,9550.5896,,16996.8119999999,17684.7782,15539.9424,,19789.1454,47.27675000000001,,40.55175,40.35,,41.76225,35.9120874,38.9383869,39.7454001,,,,34.7688187,,28.917973,39.2746424,34.6343165,,33.62555,24_3
-3,NASS USDA,Beltrami,,22,24,4,-1,16972.8,,18985.6,15041.6,,19622.3755,,,,15376.7575,,,,,,,12709.6385,,7601.28915,4087.3185,,5099.031,3686.68035,,5422.7924,,,,4370.6088,,,,,,,3480.2996,,2306.7102,41.560500000000005,,37.2565,40.82075,,36.1805,,,,35.1723253,,,,,,,36.6518495,,32.953039,24_4
-3,NASS USDA,Benton,,22,24,5,-1,,,,,,,,,699.43835,,,,,1001.5304,811.0219,2302.4313,3320.291,4019.72935,1635.65155,,,,,,,,,238.76474,,,,,356.12368,364.2174,789.1377,1254.5266,1214.058,768.9034,,,,,,,,,29.3214796,,,,,28.1109597999999,22.2601141,29.1869773999999,26.5641845,33.12116675,21.2725847894736,24_5
-3,NASS USDA,Big Stone,,22,24,6,-1,3291.2,,3780.8,2184.16,,9253.27,5225.376,11321.648,15431.1885,18343.247,24221.795,18043.8765,16492.593,20302.763,16002.714,33039.617,38918.165,,34539.19105,801.2763,,1173.5865,785.0889000000001,,2703.30248,1837.27444,3638.12714,4087.3286,4896.7006,5867.947,4532.4832,4411.0774,5179.9808,6839.1934,8215.1258,10238.5558,,10481.3674,41.08975,,32.21275,27.8415,,34.23025,28.4472152999999,31.1372592999999,37.7278671,37.4588627,41.2921754,39.8126512,37.3916116,39.2073913,23.4033827999999,40.2161578,37.9968715,,32.953039,24_6
-3,NASS USDA,Blue Earth,,22,24,7,-1,,,326.4,391.68,,,,,,,,,,,,,,,,,,113.3118,117.35865,,,,,,,,,,,,,,,,,,28.850250000000003,33.42325,,,,,,,,,,,,,,,,24_7
-3,NASS USDA,Brown,,22,24,8,-1,786.0799999999999,,690.88,,,1344.4457,,,,1910.5281,,1744.51355,,1153.9372,1537.67575,3837.3855,3456.3685,,2914.78005,234.7173,,234.7173,,,497.76378,,,,582.74784,,526.0918,,424.9203,598.93528,1153.3551,1092.6522,,849.8406,33.4905,,29.4555,,,27.0345,,,,32.8185368,,33.1547923,,27.1694443999999,25.6899202,33.2892945,31.608017,,34.298061,24_8
-3,NASS USDA,Carlton,,22,24,9,-1,,,,,,,,,,,,,,,,,,,,,,,,,,,,,,,,,,,,,,,,,,,,,,,,,,,,,,,,,,24_9
-3,NASS USDA,Carver,,22,24,10,-1,,,688.16,720.8,,,,645.00735,,,1113.11395,672.22285,,1143.051,729.3754,1945.90825,1524.068,2903.89385,2615.40955,,,234.7173,275.18580000000003,,,,295.42078,,,279.23334,263.0459,,356.12368,275.18648,586.7947,485.6232,890.3092,809.372,,,29.321,26.227500000000003,,,,21.8566075,,,39.8799023,25.555418,,32.0787747,26.4969333999999,33.1547923,31.2717615,32.6167835,32.3141535499999,24_10
-3,NASS USDA,Cass,,22,24,11,-1,,,,,,,,,,,,,,,,,,,914.4408,,,,,,,,,,,,,,,,,,,323.7488,,,,,,,,,,,,,,,,,,,28.245462,24_11
-3,NASS USDA,Chippewa,,22,24,12,-1,707.1999999999999,,1384.48,1634.7199999999998,,,,,,,3728.5235,2857.6275,2068.378,4027.894,3048.136,6994.3835,8981.115,,5238.98375,218.5299,,352.07595000000003,550.3716000000001,,,,,,,946.96524,744.62224,647.4976,1100.74592,1181.68312,1800.8527,2266.2416,,1416.401,32.34725,,39.34125,29.724500000000003,,,,,,,39.3418935,38.4003781,31.9442725,36.5845984,25.8244224,38.8711358,39.678149,,36.988105,24_12
-3,NASS USDA,Chisago,,22,24,13,-1,,,,,,,,,,,,,,,,,,,805.5788,,,,,,,,,,,,,,,,,,,323.7488,,,,,,,,,,,,,,,,,,,24.882907,24_13
-3,NASS USDA,Clay,,22,24,14,-1,94084.8,,94139.2,114974.4,,107120.208,97894.1535,,106684.76,112672.17,,78244.5625,95526.405,109433.5255,95526.405,137982.585,122197.595,,151481.473,20112.8445,,23228.919,27154.3635,,25899.904,29096.9234,,23026.6334,27842.3968,,21367.4208,24200.2228,27882.8654,34357.8414,37190.6434,35410.025,,48967.006,46.806,,40.55175,42.36750000000001,,41.35875,33.62555,,46.3360079,40.4851622,,36.6518495,39.4763957,39.2746424,27.7747042999999,37.1226072,34.6343165,,30.935506,24_14
-3,NASS USDA,Clearwater,,22,24,15,-1,,,,,,,,,10505.183,9988.0885,11321.648,8654.529,,7130.461,,8191.8655,,6256.84345,7152.2334,,,,,,,,,2792.3334,2630.459,3075.6136,2630.459,,2144.8358,,2792.3334,,1982.9614,2428.116,,,,,,,,,37.5933649,37.9968715,36.7863517,32.8857879,,33.2220434,,29.3214796,,31.4295957142857,29.4559818,24_15
-3,NASS USDA,Cook,,22,24,16,-1,,,,,,,,,,,,,,,,,,,,,,,,,,,,,,,,,,,,,,,,,,,,,,,,,,,,,,,,,,24_16
-3,NASS USDA,Cottonwood,,22,24,17,-1,,,742.56,1368.16,,2427.6226,,,,,,,1330.83795,1205.64665,1232.86215,2234.39255,2503.826,,1415.206,,,190.20195,392.54445,,732.48166,,,,,,,445.1546,437.06088,509.90436,740.57538,809.372,,404.686,,,39.07225,34.90275,,33.15425,,,,,,,29.9267395,27.572951,24.210396,30.1957438999999,30.935506,,34.970572,24_17
-3,NASS USDA,Crow Wing,,22,24,18,-1,,,,,,,,,,,,,,,,,,,,,,,,,,,,,,,,,,,,,,,,,,,,,,,,,,,,,,,,,,24_18
-3,NASS USDA,Dakota,,22,24,19,-1,864.9599999999999,,1096.16,704.4799999999999,,,,,,,,,,,,,,,,238.76415,,352.07595000000003,275.18580000000003,,,,,,,,,,,,,,,,36.24775,,31.136750000000003,25.62225,,,,,,,,,,,,,,,,24_19
-3,NASS USDA,Dodge,,22,24,20,-1,,,,,,,,,,,,,,,,,,,,,,,,,,,,,,,,,,,,,,,,,,,,,,,,,,,,,,,,,,24_20
-3,NASS USDA,Douglas,,22,24,21,-1,,,7099.2,8187.2,,9743.149,10314.6745,13553.319,11920.389,13634.9655,21935.693,12872.9315,9117.1925,18887.557,17690.075,27406.0085,26399.035,,19638.7048,,,2161.0179000000003,2780.18595,,3277.9566,3217.25369999999,4492.01459999999,3180.83196,3674.54888,5827.4784,3949.73536,2938.02036,5584.6668,6272.633,8093.72,7810.4398,,7122.4736,,,32.88525,29.4555,,29.724500000000003,32.0787747,30.1957438999999,37.4588627,37.1226072,37.660616,32.6167835,31.0027571,33.8273033,28.1782108999999,33.8945544,33.9618055,,27.572951,24_21
-3,NASS USDA,Faribault,,22,24,22,-1,,,,,,,,,,,,,,,,,,,,,,,,,,,,,,,,,,,,,,,,,,,,,,,,,,,,,,,,,,24_22
-3,NASS USDA,Fillmore,,22,24,23,-1,,,,,,,,,,,,,,,,,,,,,,,,,,,,,,,,,,,,,,,,,,,,,,,,,,,,,,,,,,24_23
-3,NASS USDA,Freeborn,,22,24,24,-1,,,,,,,,,,,,,,,,,,,,,,,,,,,,,,,,,,,,,,,,,,,,,,,,,,,,,,,,,,24_24
-3,NASS USDA,Goodhue,,22,24,25,-1,,,,,,,,,,,,,,,,,,,,,,,,,,,,,,,,,,,,,,,,,,,,,,,,,,,,,,,,,,24_25
-3,NASS USDA,Grant,,22,24,26,-1,,,,,,15077.387,15512.835,19159.712,16166.007,23650.2695,21418.5985,17309.058,17744.506,,21663.538,39925.1385,43816.955,,35924.46,,,,,,4127.7972,4370.6088,5544.1982,3694.78318,5301.3866,5220.44939999999,4451.546,4734.82619999999,,7810.4398,9995.7442,10683.7104,,11128.865,,,,,,36.51675,35.5085808,34.5670654,43.7804660999999,44.5874793,41.023171,38.8711358,37.4588627,,27.7074532,39.9471534,41.023171,,32.280528,24_26
-3,NASS USDA,Hennepin,,22,24,27,-1,,,,,,416.39715,,,,,1290.0147,,361.96615,,353.8015,1469.637,,,,,,,,,153.78068,,,,,356.12368,,202.343,,218.53044,457.29518,,,,,,,,,27.10175,,,,,36.2483429,,17.8887926,,16.2075151,32.1460258,,,,24_27
-3,NASS USDA,Houston,,22,24,28,-1,,,,,,,,,,,,,,,,,,,,,,,,,,,,,,,,,,,,,,,,,,,,,,,,,,,,,,,,,,24_28
-3,NASS USDA,Hubbard,,22,24,29,-1,,,,,,,,,,,,,,,,2264.3296,1769.0075,,,,,,,,,,,,,,,,,,631.31016,687.9662,,,,,,,,,,,,,,,,,,35.8448363,25.555418,,,24_29
-3,NASS USDA,Isanti,,22,24,30,-1,,,,,,,,,,,,,,,,,1551.2835,,1651.98085,,,,,,,,,,,,,,,,,728.4348,,849.8406,,,,,,,,,,,,,,,,,21.1840965,,19.4387703333333,24_30
-3,NASS USDA,Itasca,,22,24,31,-1,,,,,,,,,,,,,,,832.7943,,,,,,,,,,,,,,,,,,,315.65508,,,,,,,,,,,,,,,,,,,26.3624312,,,,,24_31
-3,NASS USDA,Jackson,,22,24,32,-1,,,484.16,,,,,,,,,,,,,,,,,,,117.35865,,,,,,,,,,,,,,,,,,,41.2915,,,,,,,,,,,,,,,,,24_32
-3,NASS USDA,Kanabec,,22,24,33,-1,,,,,,,,,,,,,,,,2857.6275,,,3143.39025,,,,,,,,,,,,,,,,979.34012,,,1416.401,,,,,,,,,,,,,,,,29.1869773999999,,,22.192863,24_33
-3,NASS USDA,Kandiyohi,,22,24,34,-1,1229.4399999999998,,1365.4399999999998,1191.36,,1769.0075,1134.88635,,2830.412,3129.7825,5252.5915,3810.17,2405.8502,3483.584,2803.1965,6395.6425,10205.8125,,5600.9499,404.685,,352.07595000000003,461.3409,,602.98214,396.59228,,793.18456,894.35606,1311.18264,995.52756,809.372,1084.55848,1116.93336,1881.7899,2670.9276,,1982.9614,30.397,,38.803250000000006,25.824,,29.321,28.6489686,,35.7103341,34.970572,40.0816556,38.2658759,29.7249862,32.1460258,25.0846602999999,33.9618055,38.333127,,28.245462,24_34
-3,NASS USDA,Kittson,,22,24,35,-1,218742.4,,,217464.0,,165960.119,222187.342,226106.374,,167511.4025,190835.086,160625.881,186861.623,197611.7455,177118.474,203626.371,172818.425,257300.7801,224244.8338,52406.7075,,,53418.420000000006,,52730.5858,55199.1703999999,53337.6147999999,,46619.8272,50990.436,46174.6726,45567.6435999999,50545.2814,53782.7694,58072.441,51597.465,66935.0644,64587.8856,41.76225000000001,,,40.7535,,31.473,40.2834089,42.368193,,35.9120874,37.4588627,34.7688187,41.023171,39.0728891,32.953039,35.0378231,33.62555,38.5998544582829,34.7198551798245,24_35
-3,NASS USDA,Koochiching,,22,24,36,-1,,,2031.84,,,,1170.2665,1496.8525,1733.62735,,,,,,,1529.5111,707.603,,1828.8816,,,627.26175,,,1189.77684,433.01402,396.59228,396.59228,,,,,,,671.77876,364.2174,,647.4976,,,32.414500000000004,,,,27.0349422,37.7278671,43.713215,,,,,,,22.7981229,19.502819,,28.245462,24_36
-3,NASS USDA,Lac qui Parle,,22,24,37,-1,,,2083.52,,,4191.187,1396.15515,3320.291,3919.032,,8708.96,6341.2115,5688.0395,5551.962,5198.1605,12274.1905,15512.835,,12535.4593,,,469.4346000000001,,,,590.84156,1351.65124,1060.27732,,2217.67928,1849.41502,1562.08796,1610.65028,2237.91358,3460.06529999999,4411.0774,,4208.7344,,,44.385000000000005,,,35.239,23.6051361,24.5466515,36.988105,,39.2746424,34.298061,36.3828451,34.4998143,23.2016295,35.4413297,35.3068275,,29.7844775576923,24_37
-3,NASS USDA,Lake,,22,24,38,-1,,,,,,,,,,,,,,,,,,,,,,,,,,,,,,,,,,,,,,,,,,,,,,,,,,,,,,,,,,24_38
-3,NASS USDA,Lake of the Woods,,22,24,39,-1,,,15939.2,12321.6,,17472.351,,,,6395.6425,8409.5895,,,,15567.266,14914.094,10477.9675,,13128.7572,,,3621.93075,3055.37175,,4208.7344,,,,1958.68024,2545.47494,,,,4451.546,4815.7634,3520.7682,,4613.4204,,,44.048750000000005,40.35,,41.49325,,,,32.6840346,33.0202901,,,,34.970572,31.0027571,29.9267395,,28.4578338947368,24_39
-3,NASS USDA,Lake Superior,,22,24,40,-1,,,,,,,,,,,,,,,,,,,,,,,,,,,,,,,,,,,,,,,,,,,,,,,,,,,,,,,,,,24_40
-3,NASS USDA,Le Sueur,,22,24,41,-1,,,,647.36,,,,,898.1115,,,849.1236,634.12115,1170.2665,1104.9493,2939.274,,3780.23295,3048.136,,,,194.2488,,,,,234.71788,,,283.2802,238.76474,392.54542,424.9203,829.6063,,1011.715,849.8406,,,,33.356,,,,,38.2658759,,,29.9939906,26.5641845,29.7922372999999,26.0261757,35.4413297,,37.3916116,35.8672533333333,24_41
-3,NASS USDA,Lincoln,,22,24,42,-1,,,,,,6041.841,,,,9797.58,11240.0015,9797.58,8083.0035,8899.4685,9035.546,15703.3435,22588.865,,15335.93425,,,,,,1776.57154,,,,2165.0701,2529.2875,2286.4759,2019.38314,2496.91262,3346.75322,4451.546,5665.604,,4653.889,,,,,,34.0285,,,,45.2599903,44.4529770999999,42.8389507,40.0144045,35.643083,26.9676911,35.3068275,40.0144045,,32.953039,24_42
-3,NASS USDA,Lyon,,22,24,43,-1,,,2622.08,2208.64,,3347.5065,,2283.38045,2857.6275,4490.5575,4436.1265,4191.187,2179.96155,3429.153,1915.9712,6912.737,,,6613.3665,,,627.26175,627.26175,,910.5435,,1096.69906,756.76282,942.91838,951.0121,1145.26138,607.029,991.4807,898.40292,1804.89956,,,1821.087,,,41.82950000000001,35.239000000000004,,36.78575,,20.847841,37.7278671,47.6137788,46.6722634,36.5845984,35.9120874,34.5670654,21.3185987,38.333127,,,36.315594,24_43
-3,NASS USDA,Mahnomen,,22,24,44,-1,,,48062.4,58697.6,,56962.0415,,59982.962,,,55002.5255,31488.3335,20057.8235,,,30372.498,,,32789.2344,,,10643.2155,14042.5695,,14285.4158,,16592.126,,,12100.1114,7567.6282,5584.6668,,,8660.2804,,,10157.6186,,,45.19200000000001,41.82950000000001,,39.87925,,36.1810918,,,45.4617435999999,41.6284309,35.9120874,,,35.0378231,,,32.280528,24_44
-3,NASS USDA,Marshall,,22,24,45,-1,367880.0,,407891.2,310460.8,,321877.7185,398924.799,393263.975,303207.8855,260343.473,323401.7865,253539.598,300023.672,338424.7425,274794.9035,320190.3575,298009.725,356855.0791,293116.3781,80370.441,,93886.92,77092.49250000001,,91863.722,96517.611,99755.099,64830.6971999999,72883.9486,88423.891,73774.2577999999,75473.939,81948.915,86400.461,85591.0889999999,80937.2,93765.7462,87290.7702,45.79725,,43.44349999999999,40.28275,,35.03725,41.3594265,39.4091446,46.7395145,35.7103341,36.5845984,34.3653121,39.7454001,41.2921754,31.8097702999999,37.3916116,36.988105,37.8947032341389,33.5794064543347,24_45
-3,NASS USDA,Martin,,22,24,46,-1,,,,,,,,,,,,,,,,,,,,,,,,,,,,,,,,,,,,,,,,,,,,,,,,,,,,,,,,,,24_46
-3,NASS USDA,McLeod,,22,24,47,-1,1264.8,,1490.56,,,1886.03415,,1075.01225,2133.6952,1915.9712,,625.9565,1211.08975,2463.00275,1559.44815,4817.1435,5170.945,6825.6474,5217.21135,376.35705,,352.07595000000003,,,667.7319,,522.04494,554.41982,501.81064,,198.29614,420.87344,845.79374,639.40388,1335.4638,1537.8068,1821.087,1497.3382,33.625,,42.36750000000001,,,28.245,,20.5788366,38.4676292,38.1986248,,31.5407658999999,28.7834707999999,29.1197262999999,24.4121492999999,36.0465896,33.62555,37.5036967666666,34.8433401891891,24_47
-3,NASS USDA,Meeker,,22,24,48,-1,,,,,,,,1540.3973,,2966.4895,,2748.7655,2427.6226,3782.9545,,6994.3835,8300.7275,,5579.1775,,,,,,,,675.82562,,841.74688,,926.73094,849.8406,1222.15172,,2144.8358,2751.8648,,2023.43,,,,,,,,22.7981229,,35.2395764,,29.6577351,28.5817175,30.935506,,32.6167835,30.262995,,27.572951,24_48
-3,NASS USDA,Mille Lacs,,22,24,49,-1,,,,,,,,,,,,,,,,1292.73625,1551.2835,,552.47465,,,,,,,,,,,,,,,,513.95122,566.5604,,283.2802,,,,,,,,,,,,,,,,25.1519114,27.2366955,,19.502819,24_49
-3,NASS USDA,Morrison,,22,24,50,-1,1596.64,,519.52,1384.48,,868.17445,1017.8597,1866.9833,2046.6056,1684.63945,1681.9179,1143.051,938.93475,1801.6661,1494.13095,3728.5235,3973.463,,1850.654,433.0129500000001,,254.95155,550.3716000000001,,538.23238,437.06088,659.63818,477.52948,538.23238,477.52948,392.54542,384.4517,671.77876,793.18456,1294.9952,1375.9324,,809.372,36.92025,,20.37675,25.1515,,16.14,23.2688806,28.3127131,42.8389507,31.2717615,35.2395764,29.1197262999999,24.4121492999999,26.8331888999999,18.830308,28.7834707999999,28.917973,,22.865374,24_50
-3,NASS USDA,Mower,,22,24,51,-1,,,,,,,,,,,,,,,,,,,,,,,,,,,,,,,,,,,,,,,,,,,,,,,,,,,,,,,,,,24_51
-3,NASS USDA,Murray,,22,24,52,-1,,,,,,,,,,,,881.7822,,,,1725.4627,,,702.1599,,,,,,,,,,,,234.71788,,,,465.3889,,,242.8116,,,,,,,,,,,,37.5933649,,,,37.0553561,,,28.917973,24_52
-3,NASS USDA,Nicollet,,22,24,53,-1,639.1999999999999,,456.96,552.16,,530.70225,,974.3149,1314.50865,,,696.7168,664.0582,772.9202,669.5013,1994.89615,2013.947,,1616.6007,153.7803,,117.35865,157.82715000000002,,149.73382,,352.07682,343.9831,,,238.76474,279.23334,307.56136,258.99904,578.70098,526.0918,,445.1546,41.560500000000005,,38.93775,35.03725,,35.44075,,27.6402021,38.1986248,,,29.1869773999999,23.8068894,25.1519114,25.8244224,34.4998143,38.333127,,36.315594,24_53
-3,NASS USDA,Nobles,,22,24,54,-1,,,,,,,530.70225,,,,,,,,,,,,,,,,,,,194.24928,,,,,,,,,,,,,,,,,,,27.3039466,,,,,,,,,,,,,24_54
-3,NASS USDA,Norman,,22,24,55,-1,154550.4,,173481.59999999998,153897.6,,168382.2985,162530.966,210947.3405,167348.1095,171403.219,207300.4635,158475.8565,129518.5645,126334.351,115121.565,161387.915,171185.495,214863.65095,165677.0778,31241.682,,37352.425500000005,36057.4335,,42653.9044,44394.0542,53135.2718,38040.484,42087.344,45041.5518,36178.9284,33103.3148,34600.653,40590.0058,40023.4454,42896.716,53985.1124,52447.3056,49.496,,46.469750000000005,42.70375000000001,,39.47575,36.5845984,39.678149,43.9822194,40.7541666,45.9997524,43.7804660999999,39.1401402,36.5173473,28.3799642,40.35066,40.0144045,39.9236608868065,31.5893361388888,24_55
-3,NASS USDA,Olmsted,,22,24,56,-1,,,,,,,,,,,,,,,,,,,,,,,,,,,,,,,,,,,,,,,,,,,,,,,,,,,,,,,,,,24_56
-3,NASS USDA,Otter Tail,,22,24,57,-1,22848.0,,23147.2,27254.4,,33828.866500000004,34645.3315,42809.9815,37366.8815,40632.7415,51818.312,43925.817,40197.2935,47790.418,68338.1205,72229.937,84640.205,,61351.90165,5665.59,,7324.7985,8579.322,,9671.9954,11128.865,12140.58,9348.2466,10845.5848,14528.2274,13516.5124,12100.1114,13718.8554,22136.3242,21853.0439999999,25495.218,,23350.3822,40.35,,31.6075,31.80925,,34.97,31.1372592999999,35.2395764,39.9471534,37.4588627,35.643083,32.4822813,33.2220434,34.8360698,30.8682548999999,33.0202901,33.2892945,,26.2745502131715,24_57
-3,NASS USDA,Pennington,,22,24,58,-1,,,,,,118577.9335,157604.9605,186943.2695,132702.778,113298.1265,132648.347,91525.7265,,,101758.7545,105732.2175,89538.995,122273.7984,105732.2175,,,,,,36057.5226,38768.9188,42694.373,27963.8026,29096.9234,34398.31,26668.8073999999,,,30068.1698,29623.0151999999,26709.2759999999,32293.9428,31444.1021999999,,,,,,32.88525,40.6196644,43.7804660999999,47.4792765999999,38.9383869,38.5348803,34.298061,,,33.8273033,35.7103341,33.62555,37.9083832105263,33.62555,24_58
-3,NASS USDA,Pine,,22,24,59,-1,,,,,,302.09205000000003,,,,,,,361.96615,,,2030.2763,2830.412,,1143.051,,,,,,153.78068,,,,,,,149.73382,,,886.26234,1254.5266,,607.029,,,,,,19.637,,,,,,,24.1431449,,,22.9326251,22.5291185,,18.830308,24_59
-3,NASS USDA,Pipestone,,22,24,60,-1,,,,,,696.7168,,,3374.722,,3891.8165,2993.705,,2133.6952,2150.0245,3782.9545,5116.514,,2759.6517,,,,,,226.62416,,,825.55944,,801.27828,914.59036,,635.35702,704.15364,951.0121,1173.5894,,849.8406,,,,,,30.73325,,,40.8886688,,48.5552942,32.7512857,,33.5582989,30.5319993999999,39.7454001,43.713215,,32.4726739999999,24_60
-3,NASS USDA,Polk,,22,24,61,-1,524606.4,,443496.0,469526.4,,411988.239,464432.5075,557101.285,474311.734,480979.5315,484599.193,434713.1815,428344.7545,415499.0385,415390.1765,468923.065,464840.74,540227.675,424488.31815,99552.51,,104611.0725,106432.155,,108658.191,116549.568,128083.118999999,101576.186,107646.476,111895.679,102992.587,98743.3839999999,101980.872,116144.882,108051.162,111895.679,125816.8774,114323.795,52.72400000000001,,42.43475,44.116,,37.929,39.8799023,43.5114617,46.6722634,44.6547304,43.3097084,42.2336908,43.3769595,40.7541666,35.7775852,43.3769595,41.695682,42.7819960051463,37.1226072,24_61
-3,NASS USDA,Pope,,22,24,62,-1,,,4188.8,5222.4,,5307.0225,6123.4875,9579.856,6994.3835,8382.374,10396.321,8300.7275,7457.047,,12083.682,15893.852,18506.54,27591.0739,13839.08175,,,1177.63335,1922.25375,,1707.77492,1687.54062,2853.03629999999,1808.94642,2266.2416,2873.2706,2351.22566,2424.06914,,4411.0774,4815.7634,5827.4784,7527.1596,4572.9518,,,35.57525,27.169,,31.0695,36.315594,33.5582989,38.6693825,36.988105,36.1810918,35.3068275,30.7337527,,27.3711977,33.0202901,31.608017,36.8145537741935,30.262995,24_62
-3,NASS USDA,Ramsey,,22,24,63,-1,,,,,,,,,,,,,,,,,,,,,,,,,,,,,,,,,,,,,,,,,,,,,,,,,,,,,,,,,,24_63
-3,NASS USDA,Red Lake,,22,24,64,-1,85000.0,,98464.0,98246.4,,98411.248,103119.5295,125327.3775,100615.7035,97268.197,113760.79,,72828.678,,79251.536,81510.4225,81374.345,,70352.0675,18817.8525,,23552.667,24321.5685,,28692.2374,25495.218,29380.2036,21124.6092,22783.8217999999,26547.4016,,20396.1744,,23552.7252,22460.073,21650.701,,20922.2662,45.19200000000001,,41.82950000000001,40.41725,,34.2975,40.4179111,42.6371974,47.6137788,42.7044485,42.8389507,,35.7103341,,33.62555,36.315594,37.660616,,33.62555,24_64
-3,NASS USDA,Redwood,,22,24,65,-1,742.56,,1305.6,,,1132.1648,,1064.12605,,2218.06325,2463.00275,1417.92755,1390.71205,1649.2593,1281.85005,,,,2667.119,194.2488,,315.65430000000003,,,307.56136,,542.27924,,481.57634,594.88842,343.9831,376.35798,554.41982,586.7947,,,,809.372,38.26525,,41.35875,,,36.78575,,19.6373212,,46.0670035,41.4266776,41.2249243,36.9208539,29.7249862,21.8566075,,,,32.953039,24_65
-3,NASS USDA,Renville,,22,24,66,-1,2426.24,,2434.4,2224.96,,2683.4483,1333.5595,2803.1965,4626.635,3075.3515,4953.221,2993.705,2032.99785,4136.756,3674.0925,8627.3135,11240.0015,,8208.1948,655.5897,,590.8401,667.7302500000001,,922.68408,517.99808,1258.57346,991.4807,724.38794,1242.38602,959.10582,554.41982,1323.32322,1412.35414,2326.9445,2994.6764,,2347.1788,37.054750000000006,,41.22425,33.356,,29.052,25.7571712999999,22.2601141,46.6722634,42.4354441,39.8799023,31.2045103999999,36.6518495,31.2717615,26.0261757,37.0553561,37.660616,,34.970572,24_66
-3,NASS USDA,Rice,,22,24,67,-1,,,,671.8399999999999,,555.1962,,,,,,,,,538.8669,1017.8597,1769.0075,,1009.69505,,,,198.29565,,190.20242,,,,,,,,,194.24928,315.65508,485.6232,,283.2802,,,,33.894000000000005,,29.1865,,,,,,,,,27.7747042999999,32.2132769,36.315594,,35.643083,24_67
-3,NASS USDA,Rock,,22,24,68,-1,,,,,,,,,,,,,,,,,,,,,,,,,,,,,,,,,,,,,,,,,,,,,,,,,,,,,,,,,,24_68
-3,NASS USDA,Roseau,,22,24,69,-1,173862.4,,,169809.59999999998,,142881.375,193964.8685,205885.2575,,119884.2775,,,111501.9035,147235.855,133927.4755,113325.342,92260.545,160361.89065,133364.11465,39982.878,,,39011.634,,45891.3924,47914.8224,51556.9963999999,,36705.0202,,,33305.6578,42451.5614,46377.0156,41075.629,30270.5128,49776.378,43179.9962,43.51075000000001,,,43.578,,31.13675,40.4851622,39.9471534,,32.6840346,,,33.4910478,34.7015676,28.8507218999999,27.572951,30.5992505,32.1165009268292,30.8857137141518,24_69
-3,NASS USDA,Saint Louis,,22,24,70,-1,,,,,,,,,,,,,,,,,,,,,,,,,,,,,,,,,,,,,,,,,,,,,,,,,,,,,,,,,,24_70
-3,NASS USDA,Scott,,22,24,71,-1,,,,,,582.4117,503.48675,312.97825,,,,,,,500.7652,,1442.4215,,,,,,,,153.78068,238.76474,149.73382,,,,,,,238.76474,,445.1546,,,,,,,,37.86175,21.1168454,20.9150921,,,,,,,20.9823432,,32.280528,,,24_71
-3,NASS USDA,Sherburne,,22,24,72,-1,,,,,,,,,,,1426.0922,,,,,,1034.189,,,,,,,,,,,,,469.43576,,,,,,485.6232,,,,,,,,,,,,,30.3974972,,,,,,21.1840965,,,24_72
-3,NASS USDA,Sibley,,22,24,73,-1,,,867.68,954.72,,1349.8888,666.77975,,1393.4336,1554.00505,,1238.30525,1287.29315,1496.8525,1379.82585,3429.153,3429.153,5271.64235,5211.76825,,,194.2488,275.18580000000003,,384.4517,238.76474,,315.65508,388.49856,,392.54542,416.82658,550.37296,501.81064,910.5435,890.3092,1497.3382,1416.401,,,44.72125,34.70100000000001,,35.1045,27.9092065,,44.1167215999999,40.0144045,,31.5407658999999,30.8682548999999,27.1694443999999,27.5056998999999,37.660616,38.6693825,35.2068596486486,36.795959,24_73
-3,NASS USDA,Stearns,,22,24,74,-1,2401.76,,,,,4844.359,,,,,,,6123.4875,8273.512,8736.1755,15921.0675,15893.852,18590.90805,9539.03275,639.4023000000001,,,,,1643.02516,,,,,,,2306.7102,2917.78606,3925.4542,4896.7006,5463.26099999999,6394.0388,4249.20299999999,37.59275,,,,,29.4555,,,,,,,26.5641845,28.3799642,22.2601141,32.4822813,29.2542285,29.2223055094936,22.4490576666666,24_74
-3,NASS USDA,Steele,,22,24,75,-1,,,,,,661.33665,,,,781.08485,,,,772.9202,930.7701,1646.53775,1769.0075,,1328.1164,,,,,,190.20242,,,,198.29614,,,,198.29614,275.18648,433.01402,526.0918,,323.7488,,,,,,34.76825,,,,39.4091446,,,,39.005638,33.8273033,37.9968715,33.62555,,41.023171,24_75
-3,NASS USDA,Stevens,,22,24,76,-1,4814.4,,6147.2,4488.0,,6803.875,4191.187,9906.442,11566.5875,14533.077,15403.973,11566.5875,8790.6065,15594.4815,11376.079,24249.0105,26399.035,,24080.2744,1351.6479000000002,,1586.3652,1299.03885,,1853.46188,1529.71308,3221.30056,2553.56866,3520.7682,3666.45516,2861.13002,2517.14692,3694.78318,4168.2658,6151.2272,6677.31899999999,,6394.0388,35.642500000000005,,38.803250000000006,34.566500000000005,,36.7185,27.3711977,30.7337527,45.3272414,41.2921754,42.0319375,40.4179111,34.9033209,42.2336908,27.3039466,39.4091446,39.678149,,37.660616,24_76
-3,NASS USDA,Swift,,22,24,77,-1,,,,,,7810.8485,3075.3515,7103.2455,,9443.7785,14941.3095,10477.9675,7293.754,9988.0885,11457.7255,23269.2525,25310.415,,20095.9252,,,,,,2152.92952,898.40292,2731.63049999999,,2577.84982,3686.68946,2658.78701999999,2152.92952,2751.8648,4087.3286,5867.947,6596.3818,,5746.5412,,,,,,36.24775,34.2308099,26.0261757,,36.6518495,40.5524133,39.4091446,33.8945544,36.315594,28.0437087,39.678149,38.333127,,34.970572,24_77
-3,NASS USDA,Todd,,22,24,78,-1,1387.1999999999998,,1936.64,2317.44,,3293.0755,,,4980.4365,5524.7465,9470.994,4844.359,3374.722,5796.9015,6531.72,13961.5515,13417.2415,,7160.39805,489.66885,,914.5881,902.44755,,1736.10294,,,1586.36912,1966.77396,2723.53678,1691.58748,1290.94834,2144.8358,2674.97446,4532.4832,4451.546,,3197.0194,28.31225,,21.183750000000003,25.68950000000001,,18.9645,,,31.4062637,28.1109597999999,34.7688187,28.6489686,26.1606779,27.0349422,24.4121492999999,30.8010037999999,30.262995,,22.3971701392405,24_78
-3,NASS USDA,Traverse,,22,24,79,-1,,,9057.6,,,,12274.1905,21745.1845,16465.3775,22724.9425,25310.415,15240.68,14641.939,24058.502,17363.489,33529.496,36740.925,,22047.27655,,,2946.1068,,,,3856.65758,5746.5412,3893.07932,5341.8552,6191.69579999999,4653.889,4168.2658,6434.50739999999,7608.0968,8538.8746,10481.3674,,9105.435,,,30.733250000000005,,,,31.8097702999999,37.8623693,42.3009419,42.5699463,40.8886688,32.7512857,35.1050742,37.3916116,22.7981229,39.2746424,34.970572,,24.210396,24_79
-3,NASS USDA,Wabasha,,22,24,80,-1,,,,,,,,,,,,,,,,,,,,,,,,,,,,,,,,,,,,,,,,,,,,,,,,,,,,,,,,,,24_80
-3,NASS USDA,Wadena,,22,24,81,-1,,,,894.88,,,,,,,,,,1494.13095,2362.3054,2190.84775,2884.843,,,,,,348.0291,,,,,,,,,,433.01402,918.63722,789.1377,971.2464,,,,,,25.75675,,,,,,,,,,34.4998143,25.6899202,27.7747042999999,29.590484,,,24_81
-3,NASS USDA,Waseca,,22,24,82,-1,,,,,,,,,,,,,,,,710.32455,,,,,,,,,,,,,,,,,,,234.71788,,,,,,,,,,,,,,,,,,,30.262995,,,,24_82
-3,NASS USDA,Washington,,22,24,83,-1,,,,,,,,,,,,,,,,,,,,,,,,,,,,,,,,,,,,,,,,,,,,,,,,,,,,,,,,,,24_83
-3,NASS USDA,Watonwan,,22,24,84,-1,,,340.0,356.32,,220.44555,,,,,,,,,,650.45045,,,,,,117.35865,117.35865,,76.89034,,,,,,,,,,275.18648,,,,,,134368.0,30.397,,28.6485,,,,,,,,,,23.6051361,,,,24_84
-3,NASS USDA,Wilkin,,22,24,85,-1,91936.0,,75180.8,83993.59999999999,,99118.851,80421.8025,105677.7865,99554.299,113515.8505,125191.3,91988.39,98465.679,134961.6645,107419.5785,142500.358,109079.724,,118452.7422,21205.494,,25211.8755,23269.3875,,25899.904,24604.9088,29137.392,23714.5995999999,25899.904,29420.6722,26506.933,28570.8315999999,33062.8462,39133.1362,39375.9478,40873.286,,48926.5374,43.37625,,134368.0,36.11325,,38.26525,32.6840346,36.2483429,41.9646864,43.8477172,42.5699463,34.7015676,34.4325632,40.8214177,27.4384487999999,36.1810918,26.5641845,,24.210396,24_85
-3,NASS USDA,Winona,,22,24,86,-1,,,549.4399999999999,348.16,,,,,,,,,,,,,,,,,,157.82715000000002,129.4992,,,,,,,,,,,,,,,,,,134368.0,26.90000000000001,,,,,,,,,,,,,,,,24_86
-3,NASS USDA,Wright,,22,24,87,-1,1245.76,,,2094.4,,,1736.3489,2424.90105,1292.73625,2830.412,3538.015,1314.50865,1221.97595,3184.2135,2199.0124,4926.0055,8790.6065,,5388.669,364.2165,,,817.4637,,,696.05992,837.70002,356.12368,813.41886,914.59036,441.10774,481.57634,938.87152,1157.40196,1598.5097,3439.831,,2225.773,34.23025,,,25.62225,,,24.9501581,28.917973,36.315594,34.7688187,38.6693825,29.7922372999999,25.3536647,33.8945544,19.0320613,30.8010037999999,25.555418,,24.210396,24_87
-3,NASS USDA,Yellow Medicine,,22,24,88,-1,,,,,,2427.6226,,,6504.5045,6450.0735,7457.047,6640.582,6286.7805,5660.824,5960.1945,11294.4325,16601.455,22207.848,16046.2588,,,,,,874.12176,,,1335.4638,1497.3382,1703.72806,1732.05608,1638.9783,1614.69714,2367.41309999999,3035.145,4208.7344,5908.4156,4370.6088,,,,,,27.77425,,,48.6897964,43.1079550999999,43.7804660999999,38.333127,38.333127,35.0378231,25.1519114,37.1898583,39.3418935,37.4349102534246,36.714119037037,24_88
-2,NASS USDA,Mississippi,,22,25,-1,-1,73440.0,47600.0,134368.0,106080.0,112336.0,26126.88,26861.6985,40006.785,39462.475,65317.2,156761.28,339377.285,607722.115,496410.72,539955.52,115121.565,204116.25,843680.5,502942.44,18210.825,14163.975,38445.075,30351.375,28327.95,8093.72,8498.40599999999,12140.58,10117.15,20234.3,48562.32,87007.4899999999,155804.11,129499.52,125452.66,36421.74,60702.9,202343.0,133546.38,40.35,33.625,34.970000000000006,34.970000000000006,39.6775,32.28,31.608017,32.953039,39.005638,32.280528,32.280528,39.005638,39.005638,38.333127,43.040704,31.608017,33.62555,41.695682,37.660616,25_-1
-3,NASS USDA,Adams,,22,25,1,-1,,,,3236.8,,,,,,,,,,,,,,,,,,,861.97905,,149733.82,,,,,,,,,,,,,,,,,37.59275,,,,,,,,,,,,,,,,25_1
-3,NASS USDA,Alcorn,,22,25,2,-1,,,,,,,,,,,,,1823.4385,,2966.4895,,,,,,,,,,1930352.22,,,,,,,890.3092,,768.9034,,,,,,,,,,,,,,,,,20.5115855,,38.6021314,,,,,25_2
-3,NASS USDA,Amite,,22,25,3,-1,,,,,,,,,,,,,,,,,,,,,,,,,,,,,,,,,,,,,,,,,,,,,,,,,,,,,,,,,,25_3
-3,NASS USDA,Attala,,22,25,4,-1,,,,,,,,,,,,,,,,,,,,,,,,,,,,,,,,,,,,,,,,,,,,,,,,,,,,,,,,,,25_4
-3,NASS USDA,Benton,,22,25,5,-1,,,,,,,,,,,,,,3646.877,3946.2475,,,,,,,,,,,,,,,,,,1092.6522,890.3092,,,,,,,,,,,,,,,,,,33.3565456,44.3184749,,,,,25_5
-3,NASS USDA,Bolivar,,22,25,6,-1,,,8513.6,3998.4,3862.4,1140.32945,,5334.238,,6205.134,21364.1675,33066.8325,71576.765,72610.954,74298.315,12219.7595,19050.85,102330.28,73509.0655,,,2177.2053,1092.6495,849.8385000000001,303.5145,,1294.9952,,2063.8986,5706.07259999999,8093.72,15135.2564,16834.9376,15337.5994,3197.0194,5746.5412,23795.5367999999,18332.2758,,,39.139500000000005,36.584,45.461,37.59275,,41.2249243,,30.0612417,37.4588627,40.8886688,47.2775233,43.1079550999999,48.420792,38.1986248,33.2892945,43.040704,40.0816556,25_6
-3,NASS USDA,Calhoun,,22,25,7,-1,,,,,,,,,,,,6259.565,8083.0035,2639.9035,5388.669,,,2830.412,,,,,,,,,,,,,1558.0411,2306.7102,809.372,1133.1208,,,647.4976,,,,,,,,,,,,,40.1489067,35.0378231,32.6167835,47.5465277,,,43.713215,,25_7
-3,NASS USDA,Carroll,,22,25,8,-1,,,,1414.4,,,,,,,,,6667.7975,6967.168,,,,11762.5391,2803.1965,,,,505.8562500000001,,,,,,,,,1902.0242,1780.6184,,,,2428.116,728.4348,,,,27.976,,,,,,,,,35.0378231,39.1401402,,,,48.420792,38.4676292,25_8
-3,NASS USDA,Chickasaw,,22,25,9,-1,,,,,,,,,,,,,,,,,,,2177.24,,,,,,,,,,,,,,,,,,,768.9034,,,,,,,,,,,,,,,,,,,28.3127131,25_9
-3,NASS USDA,Choctaw,,22,25,10,-1,,,,,,,,,,,,,,,,,,,,,,,,,,,,,,,,,,,,,,,,,,,,,,,,,,,,,,,,,,25_10
-3,NASS USDA,Claiborne,,22,25,11,-1,,,,,,,,,,,,,1932.3005,,,,,,,,,,,,,,,,,,,485.6232,,,,,,,,,,,,,,,,,,,39.8126512,,,,,,,25_11
-3,NASS USDA,Clarke,,22,25,12,-1,,,,,,,,,,,,,,,,,,,,,,,,,,,,,,,,,,,,,,,,,,,,,,,,,,,,,,,,,,25_12
-3,NASS USDA,Clay,,22,25,13,-1,,,,971.04,,,,,,,,,,,,,,,,,,,238.76415,,,,,,,,,,,,,,,,,,,40.68625,,,,,,,,,,,,,,,,25_13
-3,NASS USDA,Coahoma,,22,25,14,-1,,,,9112.0,9112.0,,,,4000.6785,13879.905,22861.02,36114.9685,45041.6525,29828.188,40306.1555,14614.7235,26235.742,100153.04,58077.877,,,,2355.2667,1942.488,,,,930.7778,3399.3624,5989.3528,8822.1548,10076.6814,7972.3142,11412.1451999999,3884.9856,7122.4736,21569.7638,16389.783,,,,38.736,46.9405,,,,42.9734529,40.8214177,38.1986248,40.9559199,44.7219815,37.3916116,35.3068275,37.5933649,36.988105,46.403259,35.4413297,25_14
-3,NASS USDA,Copiah,,22,25,15,-1,,,,,,,,,,,,,,,,,,,,,,,,,,,,,,,,,,,,,,,,,,,,,,,,,,,,,,,,,,25_15
-3,NASS USDA,Covington,,22,25,16,-1,,,,,,,,,,,,,2150.0245,,,,,1251.913,,,,,,,,,,,,,,728.4348,,,,,404.686,,,,,,,,,,,,,,29.5232328999999,,,,,30.935506,,25_16
-3,NASS USDA,Desoto,,22,25,17,-1,,,4270.4,3916.8,,2035.7194,,,,,,,,,,,,,,,,1181.6802,1250.47665,,566.5604,,,,,,,,,,,,,,,,36.1805,31.338500000000003,,35.9115,,,,,,,,,,,,,,25_17
-3,NASS USDA,Forrest,,22,25,18,-1,,,,,,,,,,,,,,,,,,,,,,,,,,,,,,,,,,,,,,,,,,,,,,,,,,,,,,,,,,25_18
-3,NASS USDA,Franklin,,22,25,19,-1,,,,,,,,,,,,,,,,,,,,,,,,,,,,,,,,,,,,,,,,,,,,,,,,,,,,,,,,,,25_19
-3,NASS USDA,George,,22,25,20,-1,,,,,,,,,,,,,,,,,,,,,,,,,,,,,,,,,,,,,,,,,,,,,,,,,,,,,,,,,,25_20
-3,NASS USDA,Greene,,22,25,21,-1,,,,,,,,,,,,,,,,,,,,,,,,,,,,,,,,,,,,,,,,,,,,,,,,,,,,,,,,,,25_21
-3,NASS USDA,Grenada,,22,25,22,-1,,,,,,,,,,,,,,,,,,,,,,,,,,,,,,,,,,,,,,,,,,,,,,,,,,,,,,,,,,25_22
-3,NASS USDA,Hancock,,22,25,23,-1,,,,,,,,,,,,,,,,,,,,,,,,,,,,,,,,,,,,,,,,,,,,,,,,,,,,,,,,,,25_23
-3,NASS USDA,Harrison,,22,25,24,-1,,,,,,,,,,,,,,,,,,,,,,,,,,,,,,,,,,,,,,,,,,,,,,,,,,,,,,,,,,25_24
-3,NASS USDA,Hinds,,22,25,25,-1,,,,,,,,,,,,3782.9545,3129.7825,3728.5235,3429.153,,,,,,,,,,,,,,,,1092.6522,930.7778,849.8406,768.9034,,,,,,,,,,,,,,,,34.6343165,33.62555,43.8477172,44.5874793,,,,,25_25
-3,NASS USDA,Holmes,,22,25,26,-1,,,,3971.2,,,,,,,,7348.185,11022.2775,6586.151,,,,,4000.6785,,,,1035.9936,,,,,,,,1942.4928,2630.459,1618.744,,,,,1011.715,,,,38.3325,,,,,,,,37.8623693,41.8974353,40.6869155,,,,,39.5436468,25_26
-3,NASS USDA,Humphreys,,22,25,27,-1,,,,1634.7199999999998,,,,911.71925,1769.0075,,3619.6615,8110.219,22044.555,12002.0355,13444.457,3048.136,5878.548,24692.62315,19295.7895,,,,400.63815,,,,242.8116,445.1546,,971.2464,2104.3672,5099.0436,3439.831,3277.9566,789.1377,1618.744,5827.4784,4775.2948,,,,40.82075,,,,37.5261138,39.7454001,,37.2571094,38.5348803,43.2424573,34.9033209,41.023171,38.6021314,36.315594,42.368193,40.4179111,25_27
-3,NASS USDA,Issaquena,,22,25,28,-1,,,,,,,,,,,4626.635,5905.7635,9253.27,6994.3835,,,,7802.68385,4544.9885,,,,,,,,,,,1254.5266,1335.4638,2306.7102,1537.8068,,,,1861.5556,1133.1208,,,,,,,,,,,36.8536028,44.2512238,40.0816556,45.4617435999999,,,,42.0319375,40.0816556,25_28
-3,NASS USDA,Itawamba,,22,25,29,-1,,,,,1376.32,,,634.12115,,,1088.62,2476.6105,4218.4025,2291.5451,1311.7871,,,,,,,,,360.16965,,,287.32706,,,445.1546,728.4348,1254.5266,607.029,364.2174,,,,,,,,,38.26525,,,22.0583607999999,,,24.4794004,34.0290566,33.62555,37.7278671,36.0465896,,,,,25_29
-3,NASS USDA,Jackson,,22,25,30,-1,,,,,,,,,,,,,,,,,,,,,,,,,,,,,,,,,,,,,,,,,,,,,,,,,,,,,,,,,,25_30
-3,NASS USDA,Jasper,,22,25,31,-1,,,,,,,,,,,,,,,,,,,,,,,,,,,,,,,,,,,,,,,,,,,,,,,,,,,,,,,,,,25_31
-3,NASS USDA,Jefferson,,22,25,32,-1,,,,,,,,,,,,,,,,,,,,,,,,,,,,,,,,,,,,,,,,,,,,,,,,,,,,,,,,,,25_32
-3,NASS USDA,Jefferson Davis,,22,25,33,-1,,,,,,,,,,,,,,,,,,,,,,,,,,,,,,,,,,,,,,,,,,,,,,,,,,,,,,,,,,25_33
-3,NASS USDA,Jones,,22,25,34,-1,,,,,,,,,,,,,,,,,,,,,,,,,,,,,,,,,,,,,,,,,,,,,,,,,,,,,,,,,,25_34
-3,NASS USDA,Kemper,,22,25,35,-1,,,,,,,,,,,,,,,,,,,,,,,,,,,,,,,,,,,,,,,,,,,,,,,,,,,,,,,,,,25_35
-3,NASS USDA,Lafayette,,22,25,36,-1,,,,,,,,,,,,,,,,,,,,,,,,,,,,,,,,,,,,,,,,,,,,,,,,,,,,,,,,,,25_36
-3,NASS USDA,Lamar,,22,25,37,-1,,,,,,,,,,,,,,,364.6877,,,,,,,,,,,,,,,,,,,141.6401,,,,,,,,,,,,,,,,,,,25.7571712999999,,,,,25_37
-3,NASS USDA,Lauderdale,,22,25,38,-1,,,,,,,,,,,,,,,,,,,,,,,,,,,,,,,,,,,,,,,,,,,,,,,,,,,,,,,,,,25_38
-3,NASS USDA,Lawrence,,22,25,39,-1,,,,,,,,,,,,,,,,,,,,,,,,,,,,,,,,,,,,,,,,,,,,,,,,,,,,,,,,,,25_39
-3,NASS USDA,Leake,,22,25,40,-1,,,,,,,,,,,,,,,,,,,,,,,,,,,,,,,,,,,,,,,,,,,,,,,,,,,,,,,,,,25_40
-3,NASS USDA,Lee,,22,25,41,-1,,,,,,,,,,,979.758,6395.6425,6531.72,5878.548,4408.911,,1428.81375,4463.342,,,,,,,,,,,,607.029,1821.087,2670.9276,2063.8986,1578.2754,,607.029,1375.9324,,,,,,,,,,,,16.140264,35.1050742,24.4794004,28.5144663999999,27.9092065,,23.537885,32.280528,,25_41
-3,NASS USDA,Leflore,,22,25,42,-1,,,5739.2,,1629.28,,,,,,2503.826,12491.9145,24766.105,18288.816,25419.277,3864.601,3946.2475,34563.685,15812.2055,,,1497.3345000000002,,433.0129500000001,,,,,,890.3092,3197.0194,6474.976,4451.546,5908.4156,1072.4179,1254.5266,7648.56539999999,4127.7972,,,38.3325,,37.66,,,,,,28.1109597999999,39.0728891,38.2658759,41.0904221,43.040704,36.0465896,31.608017,45.058237,38.333127,25_42
-3,NASS USDA,Lincoln,,22,25,43,-1,,,,,,,,,,,,,,,,,,,,,,,,,,,,,,,,,,,,,,,,,,,,,,,,,,,,,,,,,,25_43
-3,NASS USDA,Lowndes,,22,25,44,-1,,,,,,,,,,1959.516,1687.361,2585.4725,4218.4025,6259.565,5334.238,,,,1932.3005,,,,,,,,,,485.6232,526.0918,687.9662,1254.5266,1902.0242,1254.5266,,,,485.6232,,,,,,,,,,40.35066,32.0787747,37.5933649,33.62555,32.8857879,42.5026952,,,,39.8126512,25_44
-3,NASS USDA,Madison,,22,25,45,-1,,,,,,,,,,,,1306.344,2830.412,1309.06555,,2343.25455,3782.9545,8300.7275,1333.5595,,,,,,,,,,,,445.1546,768.9034,404.686,,971.2464,1011.715,2428.116,404.686,,,,,,,,,,,,29.3214796,36.7863517,32.3477791,,24.1431449,37.3243605,34.298061,32.953039,25_45
-3,NASS USDA,Marion,,22,25,46,-1,,,,,,,,,,,,,,,,,,,,,,,,,,,,,,,,,,,,,,,,,,,,,,,,,,,,,,,,,,25_46
-3,NASS USDA,Marshall,,22,25,47,-1,,,,,,,,,3347.5065,,,9117.1925,9389.3475,9144.408,6422.858,1744.51355,2993.705,,6341.2115,,,,,,,,,647.4976,,,2347.1788,2428.116,2387.6474,1335.4638,566.5604,991.4807,,2387.6474,,,,,,,,,51.7160959,,,38.8711358,38.6693825,38.2658759,48.0845365,30.8010037999999,30.262995,,26.5641845,25_47
-3,NASS USDA,Monroe,,22,25,48,-1,,,3209.6,2072.64,,,,1006.9735,,1660.1455,1905.085,11430.51,13471.6725,11294.4325,7239.323,1298.17935,2966.4895,8164.65,4109.5405,,,1060.2747,558.4653000000001,,,,222.5773,,485.6232,971.2464,2772.0991,3520.7682,2954.2078,1942.4928,400.63914,849.8406,1982.9614,1133.1208,,,30.262500000000003,37.12200000000001,,,,45.2599903,,34.1635588,19.6373212,41.2249243,38.2658759,38.1986248,37.2571094,32.4150302,34.970572,41.023171,36.2483429,25_48
-3,NASS USDA,Montgomery,,22,25,49,-1,,,,,,,,,,,,,,,,,,,,,,,,,,,,,,,,,,,,,,,,,,,,,,,,,,,,,,,,,,25_49
-3,NASS USDA,Neshoba,,22,25,50,-1,,,,,,,,,,,,,,,,,,,,,,,,,,,,,,,,,,,,,,,,,,,,,,,,,,,,,,,,,,25_50
-3,NASS USDA,Newton,,22,25,51,-1,,,,,,,,,,,,,,,,,,,,,,,,,,,,,,,,,,,,,,,,,,,,,,,,,,,,,,,,,,25_51
-3,NASS USDA,Noxubee,,22,25,52,-1,,,,,,,,,,,,5170.945,5905.7635,,2939.274,,,,1469.637,,,,,,,,,,,,1254.5266,1618.744,,768.9034,,,,445.1546,,,,,,,,,,,,41.2249243,36.5173473,,38.1986248,,,,33.0202901,25_52
-3,NASS USDA,Oktibbeha,,22,25,53,-1,,,,,,,,,,,,,,,,,,,,,,,,,,,,,,,,,,,,,,,,,,,,,,,,,,,,,,,,,,25_53
-3,NASS USDA,Panola,,22,25,54,-1,,,,,,,,,,,9988.0885,13852.6895,31624.411,,30590.222,5307.0225,10614.045,43816.955,28766.7835,,,,,,,,,,,3237.488,3318.4252,6758.2562,,6272.633,1659.2126,3156.5508,10319.493,6839.1934,,,,,,,,,,,30.8682548999999,41.7629331,46.8067655999999,,48.7570475,32.0115236,33.62555,42.368193,42.0319375,25_54
-3,NASS USDA,Pearl River,,22,25,55,-1,,,,,,,,,,,,,,,,,,,,,,,,,,,,,,,,,,,,,,,,,,,,,,,,,,,,,,,,,,25_55
-3,NASS USDA,Perry,,22,25,56,-1,,,,,,,,,,,,,,,,,,,,,,,,,,,,,,,,,,,,,,,,,,,,,,,,,,,,,,,,,,25_56
-3,NASS USDA,Pike,,22,25,57,-1,,,,,,,,,,,,,,,,,,,,,,,,,,,,,,,,,,,,,,,,,,,,,,,,,,,,,,,,,,25_57
-3,NASS USDA,Pontotoc,,22,25,58,-1,,,,,,,,,,,,,1551.2835,1047.79675,1265.52075,,326.586,,2204.4555,,,,,,,,,,,,,647.4976,445.1546,445.1546,,161.8744,,930.7778,,,,,,,,,,,,,23.9413916,23.537885,28.4472152999999,,20.17533,,23.6723872,25_58
-3,NASS USDA,Prentiss,,22,25,59,-1,,,,,,,,911.71925,,1551.2835,1905.085,2258.8865,3347.5065,2316.03905,2394.964,421.84025,1407.04135,2939.274,,,,,,,,,323.7488,,566.5604,728.4348,687.9662,1416.401,809.372,607.029,182.1087,485.6232,809.372,,,,,,,,,28.1782108999999,,27.3711977,26.1606779,32.8185368,23.6051361,28.6489686,39.4763957,23.1343784,28.917973,36.315594,,25_59
-3,NASS USDA,Quitman,,22,25,60,-1,,,5521.599999999999,,5766.4,,,,,,,6803.875,27487.655,11321.648,36904.218,,9198.839,42864.4125,24357.8725,,,1456.866,,1218.10185,,,,,,,2023.43,7243.8794,3116.0822,8862.6234,,2832.802,10805.1162,7365.2852,,,37.929,,47.34400000000001,,,,,,,33.62555,37.9296204,36.315594,41.6284309,,32.6167835,39.678149,33.0875412,25_60
-3,NASS USDA,Rankin,,22,25,61,-1,,,,,,,,,,,,,,,870.896,,,3401.9375,,,,,,,,,,,,,,,,202.343,,,890.3092,,,,,,,,,,,,,,,,43.040704,,,38.333127,,25_61
-3,NASS USDA,Scott,,22,25,62,-1,,,,,,,,,,,,,,,,,,,,,,,,,,,,,,,,,,,,,,,,,,,,,,,,,,,,,,,,,,25_62
-3,NASS USDA,Sharkey,,22,25,63,-1,,,,1392.64,5168.0,,,,,,2394.964,5960.1945,15921.0675,13117.871,,,,21064.797,10396.321,,,,360.16965,1125.0243,,,,,,566.5604,1456.8696,3844.517,3884.9856,,,,4815.7634,2225.773,,,,38.66875,45.93175000000001,,,,,,42.3009419,40.8886688,41.4266776,33.7600522,,,,43.713215,46.7395145,25_63
-3,NASS USDA,Simpson,,22,25,64,-1,,,,,,,,,,,,,,,,,,,,,,,,,,,,,,,,,,,,,,,,,,,,,,,,,,,,,,,,,,25_64
-3,NASS USDA,Smith,,22,25,65,-1,,,,,,,,,,,,,,,,,,,,,,,,,,,,,,,,,,,,,,,,,,,,,,,,,,,,,,,,,,25_65
-3,NASS USDA,Stone,,22,25,66,-1,,,,,,,,,,,,,,,,,,,,,,,,,,,,,,,,,,,,,,,,,,,,,,,,,,,,,,,,,,25_66
-3,NASS USDA,Sunflower,,22,25,67,-1,,,7371.2,8513.6,1988.32,,,,,,2531.0415,14560.2925,48443.59,55519.62,69562.818,6967.168,9117.1925,81646.5,53696.1815,,,1902.0195,2379.5478000000003,400.63815,,,,,,1011.715,4249.20299999999,13880.7298,13314.1693999999,14730.5704,2185.3044,2994.6764,20315.2372,14002.1356,,,38.803250000000006,35.77700000000001,49.6305,,,,,,25.0174092,34.298061,34.9033209,41.695682,47.2102722,31.8770213999999,30.5992505,40.35066,38.333127,25_67
-3,NASS USDA,Tallahatchie,,22,25,68,-1,,,,7126.4,,,,,,,,14152.06,32658.6,26290.173,28603.4905,4354.48,12355.837,48579.6675,27297.1465,,,,1699.677,,,,,,,,4208.7344,7769.9712,7365.2852,7122.4736,1214.058,3763.5798,10805.1162,7689.034,,,,41.964000000000006,,,,,,,,33.62555,42.0319375,35.7103341,40.1489067,35.8448363,32.953039,45.058237,35.5085808,25_68
-3,NASS USDA,Tate,,22,25,69,-1,,,,,4025.6,,,,,2585.4725,2775.981,4082.325,7565.909,8572.8825,5742.4705,1823.4385,2966.4895,13471.6725,8028.5725,,,,,870.07275,,,,,607.029,809.372,1011.715,2063.8986,2023.43,1537.8068,687.9662,1052.1836,3277.9566,2306.7102,,,,,46.268,,,,,42.5699463,34.298061,40.35066,36.6518495,42.368193,37.3243605,26.4969333999999,28.245462,41.023171,34.8360698,25_69
-3,NASS USDA,Tippah,,22,25,70,-1,,,,,,,,,,,,,,,,,457.2204,,870.896,,,,,,,,,,,,,,,,,161.8744,,404.686,,,,,,,,,,,,,,,,,28.245462,,21.520352,25_70
-3,NASS USDA,Tishomingo,,22,25,71,-1,,,,,,,,,,,,,,,,,,,,,,,,,,,,,,,,,,,,,,,,,,,,,,,,,,,,,,,,,,25_71
-3,NASS USDA,Tunica,,22,25,72,-1,,,11886.4,2377.28,7180.799999999999,,,4300.049,,,,25310.415,44225.1875,26126.88,41095.405,,18043.8765,62051.34,40904.8965,,,2954.2005,716.29245,1497.3345000000002,,,1497.3382,,,,6394.0388,11209.8022,6677.31899999999,9145.9036,,4896.7006,16187.44,10481.3674,,,40.28275,33.2215,48.01650000000001,,,28.7162197,,,,39.6108979,39.4763957,39.1401402,44.9237348,,36.988105,38.333127,39.005638,25_72
-3,NASS USDA,Union,,22,25,73,-1,,,,,,,,,,,,,,326.586,,,,,,,,,,,,,,,,,,,161.8744,,,,,,,,,,,,,,,,,,,20.17533,,,,,,25_73
-3,NASS USDA,Walthall,,22,25,74,-1,,,,,,,,,,,,,,,,,,,,,,,,,,,,,,,,,,,,,,,,,,,,,,,,,,,,,,,,,,25_74
-3,NASS USDA,Warren,,22,25,75,-1,,,,,,,,,,,,3891.8165,4599.4195,6831.0905,1368.93965,4218.4025,3592.446,,,,,,,,,,,,,,1092.6522,1294.9952,1942.4928,323.7488,1375.9324,1092.6522,,,,,,,,,,,,,,35.643083,35.5085808,35.1723253,42.3009419,30.6665016,32.953039,,,25_75
-3,NASS USDA,Washington,,22,25,76,-1,,,,,,,,1687.361,1469.637,,10967.8465,19595.16,36604.8475,57152.55,34182.668,11811.527,21690.7535,81646.5,47953.711,,,,,,,,566.5604,485.6232,,3237.488,4775.2948,9145.9036,14973.382,7486.691,3480.2996,5867.947,19020.242,11047.9278,,,,,,,,29.7922372999999,30.262995,,33.8945544,41.023171,40.0144045,38.1986248,45.6634969,33.9618055,36.988105,43.040704,43.3769595,25_76
-3,NASS USDA,Wayne,,22,25,77,-1,,,,,,,,,,,,,,,,,,,,,,,,,,,,,,,,,,,,,,,,,,,,,,,,,,,,,,,,,,25_77
-3,NASS USDA,Webster,,22,25,78,-1,,,,,,,,,,,,1524.068,3674.0925,,,,,,,,,,,,,,,,,,404.686,890.3092,,,,,,,,,,,,,,,,,,37.660616,41.2921754,,,,,,,25_78
-3,NASS USDA,Wilkinson,,22,25,79,-1,,,,,,,,,,,,,,,,,,,,,,,,,,,,,,,,,,,,,,,,,,,,,,,,,,,,,,,,,,25_79
-3,NASS USDA,Winston,,22,25,80,-1,,,,,,,,,,,,,,,,,,,,,,,,,,,,,,,,,,,,,,,,,,,,,,,,,,,,,,,,,,25_80
-3,NASS USDA,Yalobusha,,22,25,81,-1,,,,,,,,,,,,,,,,,,3361.11425,,,,,,,,,,,,,,,,,,,768.9034,,,,,,,,,,,,,,,,,,,43.713215,,25_81
-3,NASS USDA,Yazoo,,22,25,82,-1,,,4624.0,6609.599999999999,7697.599999999999,,,1741.792,,,14424.215,27678.1635,38101.7,19214.143,20384.4095,,4626.635,22452.7875,12355.837,,,1270.7109,1711.81755,1764.4266,,,445.1546,,,3965.9228,5908.4156,9226.8408,4856.232,4289.6716,,1254.5266,5058.575,2589.9904,,,36.38225,38.6015,43.64525,,,39.1401402,,,36.3828451,46.8740167,41.2921754,39.5436468,47.5465277,,36.988105,44.385726,47.6810299,25_82
-2,NASS USDA,Missouri,,22,26,-1,-1,1000960.0,989400.0,1142400.0,669120.0,866320.0,624323.57,668684.835,834971.54,999353.16,1085898.45,879877.115,1168089.26,1528014.2475,1073379.32,938934.75,325497.38,914576.8775,1554549.36,1029834.52,186155.1,196272.225,242811.0,165920.85,198295.65,149733.82,157827.54,210436.72,218530.44,230671.02,246858.46,299467.64,398615.709999999,275186.48,279233.339999999,105218.36,289350.49,481576.339999999,356123.68,53.80000000000001,50.4375,47.075,40.35,43.7125,41.695,42.368193,39.678149,45.730748,47.07577,35.643083,39.005638,38.333127,39.005638,33.62555,30.935506,31.608017,32.280528,28.917973,26_-1
-3,NASS USDA,Adair,,22,26,1,-1,,,,,,1858.81865,,947.0994,2449.395,3456.3685,,1875.14795,2675.28365,,2340.533,,2501.10445,5434.93535,3410.10215,,,,,,582.74784,,242.8116,526.0918,647.4976,,566.5604,687.9662,,809.372,,890.3092,1699.6812,1254.5266,,,,,,31.8765,,39.005638,46.5377612,53.3973734,,33.0875412,38.8711358,,28.917973,,28.245462,31.9442725,27.1694443999999,26_1
-3,NASS USDA,Andrew,,22,26,2,-1,,,,,1825.12,571.5255,,,,3102.567,,,,2547.3708,1932.3005,914.4408,,2354.14075,2193.5693,,,,,372.3102,129.49952,,,,667.7319,,,,566.5604,607.029,303.5145,,971.2464,809.372,,,,,49.02525000000001,44.11599999999999,,,,46.4705100999999,,,,44.9909859,31.8097702999999,30.1284927999999,,24.210396,27.1021932999999,26_2
-3,NASS USDA,Atchison,,22,26,3,-1,,,,,,,,,,,,,,,,,,609.6272,598.741,,,,,,,,,,,,,,,,,,202.343,202.343,,,,,,,,,,,,,,,,,,30.262995,29.590484,26_3
-3,NASS USDA,Audrain,,22,26,4,-1,40473.6,,37372.8,26411.2,33537.6,18397.678,16029.9295,,32930.755,34971.9175,,36142.184,,,,,27351.5775,49831.5805,39408.044,6758.239500000001,,7608.078,5544.1845,7405.735500000001,4038.76628,3642.174,,6394.0388,6677.31899999999,,7972.3142,,,,,8377.0002,15135.2564,10724.179,59.91975,,49.15975,47.68025000000001,45.3265,45.52825,43.9822194,,51.5143425999999,52.3886069,,45.3272414,,,,,32.6167835,32.953039,36.7191006,26_4
-3,NASS USDA,Barry,,22,26,5,-1,,,7860.799999999999,,,,,3211.429,4735.497,,9443.7785,4544.9885,,2326.92525,1769.0075,,1137.6079,1080.45535,742.98315,,,2132.68995,,,,,732.48166,971.2464,,2104.3672,1456.8696,,566.5604,607.029,,445.1546,404.686,404.686,,,36.853,,,,,43.8477172,48.7570475,,44.8564837,31.2045103999999,,41.0904221,29.1197262999999,,25.555418,26.5641845,18.3595503,26_5
-3,NASS USDA,Barton,,22,26,6,-1,84211.2,,107766.4,,82524.79999999999,30481.36,69698.8955,,72093.8595,82136.379,70814.731,77292.02,74570.47,72964.7555,50375.8905,,48035.3575,60870.1873,35352.9345,16592.085,,19627.2225,,16794.4275,7162.9422,15256.6621999999,,15175.725,15620.8796,17684.7782,18048.9956,22905.2276,17603.841,15539.9424,,15701.8168,21448.358,19141.6478,50.77375,,54.943250000000006,,49.15975,42.56925,45.6634969,,47.4792765999999,52.5903602,40.0144045,42.8389507,32.5495324,41.4266776,32.4150302,,30.5992505,28.245462,18.4940525,26_6
-3,NASS USDA,Bates,,22,26,7,-1,,,29212.8,,10499.2,,,,,,,,,35897.2445,20710.9955,,11376.079,40202.7366,35080.7795,,,6920.1135,,2792.3265,,,,,,,,,9712.464,5827.4784,,3844.517,13759.324,13678.3868,,,42.233,,37.59275,,,,,,,,,36.988105,35.5085808,,29.590484,29.2542285,25.6226691,26_7
-3,NASS USDA,Benton,,22,26,8,-1,2910.4,,3889.6,2570.4,3971.2,,,2109.20125,,4572.204,5034.8675,4163.9715,12056.4665,5606.393,3048.136,,5715.255,10434.4227,9514.5388,590.8401,,821.5105500000001,615.1212,886.2601500000001,,,667.7319,,1416.401,1659.2126,1133.1208,2913.7392,1375.9324,1011.715,,1982.9614,3439.831,3035.145,49.294250000000005,,47.34400000000001,41.82950000000001,44.85575000000001,,,31.608017,,32.280528,30.3302461,36.7191006,41.3594265,40.7541666,30.1284927999999,,28.917973,30.262995,31.3390126,26_8
-3,NASS USDA,Bollinger,,22,26,9,-1,,,,,5086.4,8763.391,6286.7805,5715.255,3946.2475,8055.788,3782.9545,,,9226.0545,7783.633,3020.9205,5508.4172,,3815.6131,,,,,1246.4298,2229.81986,1659.2126,1558.0411,861.98118,1744.19666,1133.1208,,,2751.8648,2509.0532,1052.1836,1821.087,,2023.43,,,,,40.82075,39.274,37.8623693,36.6518495,45.7979990999999,46.2015057,33.3565456,,,33.5582989,31.0027571,28.7162197,30.262995,,18.830308,26_9
-3,NASS USDA,Boone,,22,26,10,-1,7017.599999999999,,8676.8,4868.8,8160.0,8273.512,6558.9355,10124.166,13907.1205,12927.3625,7729.202,15240.68,13580.5345,9770.3645,8191.8655,1635.65155,8600.098,15902.01665,11593.803,1675.3959,,2144.8305,1509.47505,2003.19075,2003.1957,1477.1039,2383.60054,2711.3962,3237.488,2428.116,3277.9566,3763.5798,2549.5218,2751.8648,890.3092,2913.7392,5058.575,3642.174,41.89675,,40.48450000000001,32.28,40.7535,41.2915,44.385726,42.5026952,51.3125893,39.9471534,31.8097702999999,46.4705100999999,36.1138407,38.333127,29.7922372999999,18.3595503,29.590484,31.2717615,31.8097702999999,26_10
-3,NASS USDA,Buchanan,,22,26,11,-1,2031.84,,,,1077.12,919.8839,,693.99525,846.40205,2313.3175,,2748.7655,,2775.981,,,1962.23755,2111.9228,3401.9375,408.73185,,,,449.20035,242.8116,,202.343,263.0459,607.029,,687.9662,,849.8406,,,687.9662,1214.058,1294.9952,49.76500000000001,,,,24.008250000000004,37.86175,,34.298061,32.1460258,38.1313737,,39.9471534,,32.6840346,,,28.5817175,17.485286,26.2951801,26_11
-3,NASS USDA,Butler,,22,26,12,-1,,,,,5304.0,5524.7465,,,,,3538.015,,,20629.349,24738.8895,5170.945,13281.164,42211.2405,11757.096,,,,,1222.1487,1517.5725,,,,,1659.2126,,,6070.29,7689.034,1740.1498,4289.6716,12707.1404,4127.7972,,,,,43.44349999999999,36.38225,,,,,21.3185987,,,33.9618055,32.1460258,29.7249862,30.935506,33.2892945,28.5144663999999,26_12
-3,NASS USDA,Caldwell,,22,26,13,-1,6065.599999999999,,,,,,865.4529,,4300.049,,3619.6615,,14152.06,7484.2625,7184.892,1469.637,4272.8335,8341.55075,8145.59915,930.7755,,,,,,384.4517,,930.7778,,1537.8068,,3116.0822,1942.4928,1982.9614,566.5604,1497.3382,3237.488,2792.3334,65.2325,,,,,,22.5291185,,46.2015057,,23.537885,,45.3944925,38.5348803,36.2483429,25.9589246,28.5817175,25.8916735,29.1869773999999,26_13
-3,NASS USDA,Callaway,,22,26,14,-1,11424.0,,16972.8,12430.4,7996.799999999999,,,,15322.3265,7892.495,9824.7955,,12056.4665,9960.873,9198.839,,10505.183,15861.1934,13498.888,1995.09705,,3561.228,2780.18595,1926.3006,,,,3055.3793,1942.4928,2549.5218,,3884.9856,2873.2706,3237.488,,3601.7054,5503.7296,4572.9518,57.297,,47.68025000000001,44.72125,41.560500000000005,,,,50.1693205999999,40.6196644,38.5348803,,31.0027571,34.6343165,28.4472152999999,,29.2542285,28.917973,29.5232328999999,26_14
-3,NASS USDA,Camden,,22,26,15,-1,,,,,,,,,,,,,,,,,,,,,,,,,,,,,,,,,,,,,,,,,,,,,,,,,,,,,,,,,,26_15
-3,NASS USDA,Cape Girardeau,,22,26,16,-1,16238.4,,28288.0,,16075.2,19295.7895,,10450.752,19023.6345,22235.0635,,17118.5495,35380.15,28576.275,20901.504,10260.2435,18098.3075,28249.689,11435.9531,3682.6335,,5908.401,,4451.535,4694.3576,,3358.8938,4775.2948,5058.575,,6029.8214,8862.6234,7648.56539999999,6758.2562,3197.0194,5908.4156,9145.9036,4937.1692,44.116,,47.882000000000005,,36.11325,41.08975,,31.1372592999999,39.8126512,43.9822194,,28.3799642,39.9471534,37.3916116,30.935506,32.0787747,30.5992505,30.935506,23.1343784,26_16
-3,NASS USDA,Carroll,,22,26,17,-1,9656.0,,13464.0,7180.799999999999,4624.0,,2384.0778,5198.1605,4136.756,6885.5215,,11022.2775,14859.663,9470.994,10341.89,2411.2933,6025.5117,13526.1035,16073.4743,1861.551,,3249.62055,1946.53485,1671.34905,,683.91934,1412.35414,1031.9493,1982.9614,,3318.4252,4330.1402,2832.802,3399.3624,809.372,2225.773,4937.1692,5260.918,51.91700000000001,,41.42600000000001,36.92025,27.707,,34.8360698,36.7863517,40.0816556,34.7015676,,33.2220434,34.298061,33.4237967,30.3974972,29.7922372999999,27.2366955,27.2366955,30.5319993999999,26_17
-3,NASS USDA,Carter,,22,26,18,-1,,,,,,,,,,,,,,,,,,,,,,,,,,,,,,,,,,,,,,,,,,,,,,,,,,,,,,,,,,26_18
-3,NASS USDA,Cass,,22,26,19,-1,5467.2,,,,,1573.0559,1662.86705,,6722.2285,6803.875,3211.429,,,10069.735,7293.754,4082.325,8314.33525,13330.1519,13321.98725,971.244,,,,,449.20146,647.4976,,1618.744,1740.1498,1214.058,,,2832.802,2428.116,1598.5097,2549.5218,5301.3866,4411.0774,56.355500000000006,,,,,35.03725,25.6899202,,41.5611798,39.0728891,26.4296822999999,,,35.5758319,30.0612417,25.555418,32.6167835,25.2191625,30.1957438999999,26_19
-3,NASS USDA,Cedar,,22,26,20,-1,,,,,,,4327.2645,,3374.722,3891.8165,3755.739,3238.6445,,1600.2714,,389.18165,732.09695,1404.3198,1156.65875,,,,,,,971.2464,,728.4348,1011.715,1416.401,930.7778,,424.9203,,161.8744,283.2802,526.0918,485.6232,,,,,,,44.5874793,,46.3360079,38.4676292,26.4969333999999,34.7688187,,37.660616,,24.0758937999999,25.8916735,26.5641845,23.8068894,26_20
-3,NASS USDA,Chariton,,22,26,21,-1,,,12974.4,,8187.2,,,,,12056.4665,,,13553.319,8627.3135,11566.5875,3456.3685,11207.3429,20615.74125,23135.89655,,,3192.9646500000003,,2355.2667,,,,,2873.2706,,,4694.3576,3723.1112,3642.174,1416.401,3561.2368,6677.31899999999,6798.7248,,,40.68625,,34.76825,,,,,41.9646864,,,28.8507218999999,23.2016295,31.7425192,24.4121492999999,31.608017,30.935506,34.0290566,26_21
-3,NASS USDA,Christian,,22,26,22,-1,,,,,,,,,,,,,,1578.499,,,,,,,,,,,,,,,,,,,323.7488,,,,,,,,,,,,,,,,,,,48.7570475,,,,,,26_22
-3,NASS USDA,Clark,,22,26,23,-1,,,,,,,,,,,1050.5183,,,7729.202,5851.3325,1330.83795,,13234.89765,13607.75,,,,437.0598,,,,,,,323.7488,,,1780.6184,1780.6184,445.1546,,4046.86,3237.488,,,,,,,,,,,32.4822813,,,43.3769595,32.8857879,29.9267395,,32.6167835,42.0319375,26_23
-3,NASS USDA,Clay,,22,26,24,-1,,,,1917.6,,,1189.31735,582.4117,,,631.3996,1752.6782,2993.705,1964.9591,,1121.2786,1330.83795,3445.4823,1755.39975,,,,,,,283.2802,202.343,,,364.2174,546.3261,890.3092,566.5604,,404.686,404.686,890.3092,971.2464,,,,43.91425,,,41.9646864,28.7834707999999,,,17.3507838,32.0787747,33.62555,34.7015676,,27.7074532,32.953039,38.6693825,18.0905459,26_24
-3,NASS USDA,Clinton,,22,26,25,-1,,,,,,,,,,,,,,,,,1358.05345,,2955.6033,,,,,,,,,,,,,,,,,404.686,,1173.5894,,,,,,,,,,,,,,,,,33.62555,,25.1519114,26_25
-3,NASS USDA,Cole,,22,26,26,-1,1169.6,,,579.36,,906.27615,223.1671,359.2446,832.7943,860.0098,840.95895,1910.5281,1673.75325,2775.981,1442.4215,737.54005,2857.6275,3010.0343,3303.9617,263.04525,,,169.9677,,287.32706,84.98406,121.4058,238.76474,242.8116,364.2174,566.5604,526.0918,890.3092,607.029,323.7488,1011.715,1133.1208,1254.5266,44.5195,,,34.09575,,31.54025,26.227929,29.590484,34.9033209,35.4413297,23.0671272999999,33.6928011,31.8097702999999,31.2045103999999,23.7396382999999,22.7981229,28.245462,26.5641845,26.3624312,26_26
-3,NASS USDA,Cooper,,22,26,27,-1,,,23419.2,15694.4,,15077.387,20003.3925,19323.005,25337.6305,20983.1505,18370.4625,26589.5435,32386.445,27351.5775,19050.85,8028.5725,22030.94725,31267.88795,28603.4905,,,5463.2475,3532.90005,,3804.0484,4249.20299999999,4411.0774,4694.3576,4613.4204,4532.4832,6191.69579999999,7810.4398,6353.5702,5544.1982,3318.4252,6839.1934,8457.93739999999,8093.72,,,42.9055,44.45225,,39.61025,47.07577,43.7804660999999,54.0026332999999,45.4617435999999,40.5524133,42.9734529,41.4939287,43.040704,34.3653121,24.210396,32.280528,36.988105,35.3740786,26_27
-3,NASS USDA,Crawford,,22,26,28,-1,,,,,,,,,,,,,,,,,,152.4068,,,,,,,,,,,,,,,,,,,80.9372,,,,,,,,,,,,,,,,,,,18.830308,,26_28
-3,NASS USDA,Dade,,22,26,29,-1,28587.2,,31742.4,17952.0,30980.8,17309.058,22861.02,46130.2725,38591.579,41449.2065,37911.1915,26045.2335,18724.264,31297.825,24493.95,7565.909,30481.36,29289.3211,20588.52575,5503.716,,6677.302500000001,5018.094,6798.7080000000005,3941.64164,5503.7296,9793.4012,10117.15,7891.37699999999,9267.3094,8012.7828,7284.348,8457.93739999999,7891.37699999999,3561.2368,9550.5896,10319.493,9955.27559999999,51.98425,,47.54575000000001,35.77700000000001,45.5955,43.91425,41.5611798,47.07577,38.1313737,52.5231090999999,40.8886688,32.4822813,25.6899202,36.988105,31.0700082,21.2513476,31.9442725,28.245462,20.7133388,26_29
-3,NASS USDA,Dallas,,22,26,30,-1,,,,,,,,,,136.0775,,993.36575,1235.5837,609.6272,,,,,,,,,,,,,,,40.4686,,283.2802,323.7488,161.8744,,,,,,,,,,,,,,,33.62555,,35.0378231,38.1986248,37.660616,,,,,,26_30
-3,NASS USDA,Daviess,,22,26,31,-1,,,2698.24,,,,,2150.0245,919.8839,1251.913,2139.1383,,,,4082.325,876.3391,1877.8695,4052.38795,4640.24275,,,748.6672500000001,,,,,485.6232,271.13962,303.5145,1011.715,,,,1254.5266,323.7488,809.372,2023.43,1618.744,,,36.04600000000001,,,,,44.2512238,33.8945544,41.2249243,21.1168454,,,,32.5495324,27.1021932999999,23.2016295,20.17533,28.6489686,26_31
-3,NASS USDA,De Kalb,,22,26,32,-1,,,2170.56,,,,,,,,,2694.3345,,,,,2775.981,4536.82385,3072.62995,,,473.48145,,,,,,,,,687.9662,,,,,849.8406,2185.3044,1092.6522,,,45.8645,,,,,,,,,39.1401402,,,,,32.6167835,20.847841,28.1109597999999,26_32
-3,NASS USDA,Dent,,22,26,33,-1,,,,,,,,,,,,,,,,,,,,,,,,,,,,,,,,,,,,,,,,,,,,,,,,,,,,,,,,,,26_33
-3,NASS USDA,Douglas,,22,26,34,-1,,,,,,,,,,,,,,,,,,,,,,,,,,,,,,,,,,,,,,,,,,,,,,,,,,,,,,,,,,26_34
-3,NASS USDA,Dunklin,,22,26,35,-1,6691.2,,21297.6,15884.8,,19459.0825,22561.6495,23214.8215,25637.001,,38183.3465,53070.225,87089.6,17771.7215,42265.6715,25446.4925,42864.4125,60527.272,20515.0439,1416.3975,,5665.59,4127.787,,5867.947,5341.8552,6636.8504,5584.6668,,11978.7056,14042.6042,18210.87,5948.88419999999,10481.3674,7284.348,14164.01,18170.4014,7486.691,47.27675000000001,,37.59275,38.53425,,33.15425,42.2336908,34.970572,45.9325013,,31.8770213999999,37.7951182,47.8155320999999,29.8594883999999,40.35066,34.9033209,30.262995,33.2892945,27.3711977,26_35
-3,NASS USDA,Franklin,,22,26,36,-1,,,6201.599999999999,3019.2,2801.6,3184.2135,2147.30295,,,,,4163.9715,4871.5745,2966.4895,4517.773,1730.9058,5617.2792,8845.0375,5353.28885,,,1509.47505,772.94835,845.79165,785.09084,607.029,,,,,1173.5894,1699.6812,1011.715,1537.8068,687.9662,1982.9614,2873.2706,2104.3672,,,41.08975,39.07225,33.15425,40.55175,35.3740786,,,,,35.5085808,28.6489686,29.3214796,29.3887307,25.1519114,28.245462,30.935506,25.4209157999999,26_36
-3,NASS USDA,Gasconade,,22,26,37,-1,421.6,,,971.04,,530.70225,881.7822,1151.21565,2084.7073,2664.39745,1608.43605,2803.1965,2503.826,1608.43605,1006.9735,503.48675,1638.3731,2729.71465,1415.206,141.63975,,,396.5913,,133.54638,190.20242,327.79566,461.34204,728.4348,364.2174,748.6691,687.9662,607.029,404.686,202.343,566.5604,1011.715,607.029,29.79175,,,24.479000000000003,,39.74475,46.3360079,35.1050742,45.1927392,36.5845984,44.1839727,37.4588627,36.3828451,26.4969333999999,24.882907,24.882907,28.917973,26.90044,23.3361317,26_37
-3,NASS USDA,Gentry,,22,26,38,-1,,,,,,,2158.18915,2748.7655,2533.76305,,,,,,5987.41,2473.88895,2819.5258,4417.07565,3810.17,,,,,,,647.4976,708.2005,728.4348,,,,,,1578.2754,768.9034,849.8406,1780.6184,1092.6522,,,,,,,33.3565456,38.8038847,34.7688187,,,,,,37.9296204,32.1460258,33.2892945,24.882907,34.9033209,26_38
-3,NASS USDA,Greene,,22,26,39,-1,,,2143.36,1330.08,3563.2,,,,,1153.9372,1877.8695,1714.5765,2503.826,2103.75815,1224.6975,778.3633,1088.62,762.034,541.58845,,,509.9031,400.63815,870.07275,,,,,364.2174,607.029,526.0918,728.4348,647.4976,445.1546,283.2802,404.686,242.8116,242.8116,,,42.03125,33.2215,40.95525000000001,,,,,31.6752681,30.935506,32.6167835,34.3653121,32.4822813,27.5056998999999,27.5056998999999,26.90044,31.2717615,22.3273652,26_39
-3,NASS USDA,Grundy,,22,26,40,-1,,,1327.36,905.76,,,421.84025,,,,,,6558.9355,4191.187,3674.0925,1121.2786,2272.49425,4493.27905,6730.39315,,,263.04525,267.0921,,,190.20242,,,,,,1861.5556,1173.5894,1173.5894,445.1546,971.2464,1942.4928,2023.43,,,50.50475,33.96125,,,22.192863,,,,,,35.2395764,35.7103341,31.3390126,25.2191625,23.537885,23.2016295,33.2892945,26_40
-3,NASS USDA,Harrison,,22,26,41,-1,,,,,,,,734.8185,816.465,,,,,,2939.274,1671.0317,,2013.947,2770.5379,,,,,,,,218.53044,202.343,,,,,,1011.715,566.5604,,1052.1836,1052.1836,,,,,,,,33.62555,40.35066,,,,,,29.0524752,29.5232328999999,,19.1665635,26.3624312,26_41
-3,NASS USDA,Henry,,22,26,42,-1,16265.6,,,6990.4,,,13689.3965,10042.5195,,,,27895.8875,,23214.8215,14533.077,1020.58125,6776.6595,21407.7123,17028.73835,2978.4816,,,2444.2974,,,2832.802,2484.77204,,,,6151.2272,,5948.88419999999,4775.2948,404.686,2549.5218,8053.2514,6232.1644,54.67425,,,28.581250000000004,,,48.3535409,40.4179111,,,,45.3272414,,39.005638,30.4647482999999,25.2191625,26.5641845,26.5641845,27.3039466,26_42
-3,NASS USDA,Hickory,,22,26,43,-1,,,,,,,,,,,,,1586.66365,2713.38535,326.586,,421.84025,484.4359,,,,,,,,,,,,,,647.4976,647.4976,161.8744,,161.8744,242.8116,,,,,,,,,,,,,,24.4794004,41.8974353,20.17533,,26.227929,19.8390745,,26_43
-3,NASS USDA,Holt,,22,26,44,-1,,,,,,,,,,,,,,941.6563,898.1115,,2120.08745,4430.6834,2019.3901,,,,,,,,,,,,,,242.8116,364.2174,,809.372,1375.9324,647.4976,,,,,,,,,,,,,,38.8038847,24.6811537,,26.227929,32.280528,31.2045103999999,26_44
-3,NASS USDA,Howard,,22,26,45,-1,9438.4,,,4651.2,5657.599999999999,5116.514,4735.497,3891.8165,,,,,,,5851.3325,2408.57175,8028.5725,12668.81525,9963.59455,1594.4589,,,1351.6479000000002,1647.06795,1210.01114,1011.715,1068.37104,,,,,,,2144.8358,1011.715,2792.3334,4289.6716,3358.8938,59.24725,,,34.432,34.36475,42.30025,46.8067655999999,36.4500962,,,,,,,27.3039466,23.8068894,28.917973,29.590484,29.6577351,26_45
-3,NASS USDA,Howell,,22,26,46,-1,,,,,,,,220.44555,,,,,,,244.9395,244.9395,367.40925,,,,,,,,,,89.03092,,,,,,,80.9372,80.9372,121.4058,,,,,,,,,,24.7484047999999,,,,,,,30.262995,30.262995,30.262995,,,26_46
-3,NASS USDA,Iron,,22,26,47,-1,,,,,,,,,,,,,,,,,,,,,,,,,,,,,,,,,,,,,,,,,,,,,,,,,,,,,,,,,,26_47
-3,NASS USDA,Jackson,,22,26,48,-1,1006.4,,1417.12,,,974.3149,,1477.80165,1605.7145,1524.068,843.6805,2095.5935,3102.567,2672.5621,,,,11721.71585,9373.0182,222.57675,,303.51375,,,275.18648,,323.7488,275.18648,323.7488,323.7488,607.029,849.8406,667.7319,,,,3682.6426,2751.8648,45.25925,,46.73875000000001,,,35.3735,,45.6634969,58.3739547999999,47.07577,26.0934267999999,34.4998143,36.5173473,40.0144045,,,,31.9442725,34.0290566,26_48
-3,NASS USDA,Jasper,,22,26,49,-1,63267.2,,82497.59999999999,43873.6,76268.8,30290.8515,46946.7375,,66296.958,74842.625,49613.8565,45395.454,66269.7425,51382.864,35815.598,13226.733,34590.9005,32223.152,19649.591,11695.3965,,15094.7505,10198.062,14528.1915,7567.6282,11007.4592,,14123.5414,14244.9472,13799.7925999999,11614.4882,17239.6236,12949.952,10926.5219999999,5301.3866,10724.179,11412.1451999999,11128.865,54.13625,,54.67425,43.040000000000006,52.52225,40.01375,42.6371974,,46.9412678,52.5231090999999,35.9793385,39.0728891,38.4676292,39.678149,32.7512857,24.9501581,32.280528,28.245462,17.6870393,26_49
-3,NASS USDA,Jefferson,,22,26,50,-1,1408.9599999999998,,1009.12,527.68,1028.16,,,,979.758,734.8185,,1006.9735,824.62965,941.6563,,696.7168,830.07275,1050.5183,1148.4941,303.51375,,206.38935,129.4992,295.42005,,,,271.13962,254.95218,,303.5145,242.8116,283.2802,,283.2802,323.7488,364.2174,445.1546,46.469750000000005,,48.89075,40.7535,,,,,36.1138407,28.8507218999999,,33.1547923,33.9618055,33.2220434,,24.6139026,25.555418,28.917973,25.8244224,26_50
-3,NASS USDA,Johnson,,22,26,51,-1,6392.0,,,,,4381.6955,3619.6615,,,8355.1585,10614.045,12900.147,,,10151.3815,2027.55475,8981.115,18656.22525,14206.491,1177.63335,,,,,1027.90244,890.3092,,,1821.087,3318.4252,3116.0822,,,3318.4252,849.8406,2670.9276,6555.9132,4451.546,54.338,,,,34.8355,42.6365,40.6869155,,,45.8652502,32.0115236,41.4266776,,,30.5992505,23.8741405,33.62555,28.5817175,31.9442725,26_51
-3,NASS USDA,Knox,,22,26,52,-1,,,,1855.04,,1279.1285,2378.6347,2642.62505,5932.979,5170.945,,5660.824,,5116.514,4436.1265,677.66595,4803.53575,13251.22695,11561.1444,,,,356.12280000000004,,339.93624,607.029,667.7319,1133.1208,1052.1836,,1537.8068,,1335.4638,1618.744,283.2802,1618.744,3925.4542,2954.2078,,,,52.11875,,37.66,39.2073913,39.5436468,52.3886069,49.1605540999999,,36.7863517,,38.333127,27.4384487999999,23.9413916,29.590484,33.62555,39.1401402,26_52
-3,NASS USDA,Laclede,,22,26,53,-1,,,,,,,,,,,,,449.05575,332.0291,,,,321.1429,,,,,,,,,,,,,,121.4058,121.4058,,,,121.4058,,,,,,,,,,,,,,36.988105,27.3711977,,,,26.5641845,,26_53
-3,NASS USDA,Lafayette,,22,26,54,-1,11070.4,,8540.8,5712.0,,4381.6955,8600.098,4163.9715,,5579.1775,,,10750.1225,9852.011,8436.805,3184.2135,,13090.6555,10434.4227,1651.1148,,1796.8014,1290.94515,,987.43384,1942.4928,1031.9493,,1335.4638,,,2711.3962,2306.7102,2165.0701,1092.6522,,3884.9856,3358.8938,67.1155,,47.54575000000001,44.2505,,44.385,44.2512238,40.35066,,41.7629331,,,39.678149,42.7044485,38.9383869,29.1197262999999,,33.62555,31.0700082,26_54
-3,NASS USDA,Lawrence,,22,26,55,-1,,,17652.8,10118.4,7860.799999999999,10722.907,3619.6615,7048.8145,10532.3985,9062.7615,14587.508,9988.0885,14560.2925,10858.9845,8600.098,3075.3515,6640.582,6128.9306,6047.2841,,,3735.24255,2861.12295,2023.425,3209.15998,890.3092,2225.773,3500.5339,2387.6474,3884.9856,3318.4252,4492.01459999999,2832.802,2670.9276,1173.5894,2347.1788,2104.3672,2630.459,,,47.27675000000001,35.37350000000001,38.8705,33.42325,40.6869155,31.6752681,30.0612417,37.9296204,37.5261138,30.1284927999999,32.4150302,38.333127,32.2132769,26.227929,28.245462,29.2542285,22.9998762,26_55
-3,NASS USDA,Lewis,,22,26,56,-1,6691.2,,,,2192.32,,1303.62245,1864.26175,,5851.3325,2272.49425,6531.72,,9334.9165,5524.7465,1061.4045,5334.238,19105.281,14587.508,1416.3975,,,,517.9968,,485.6232,477.52948,,1578.2754,809.372,1780.6184,,2185.3044,1902.0242,323.7488,1982.9614,4856.232,3682.6426,47.27675000000001,,,,42.36750000000001,,26.8331888999999,39.0728891,,37.0553561,28.1109597999999,36.6518495,,42.7044485,29.0524752,32.8185368,26.90044,39.3418935,39.6108979,26_56
-3,NASS USDA,Lincoln,,22,26,57,-1,,,14144.0,7697.599999999999,7344.0,11348.8635,12029.251,,15458.404,15376.7575,7429.8315,19186.9275,,15431.1885,15077.387,2370.47005,18751.4795,22599.7512,21965.63005,,,3148.4493,1995.09705,1897.97265,2921.83292,2913.7392,,3269.86288,3237.488,2387.6474,4977.63779999999,,4734.82619999999,4127.7972,890.3092,5260.918,6798.7248,6272.633,,,44.923,38.6015,38.736,38.8705,41.2921754,,47.2775233,47.4792765999999,31.1372592999999,38.5348803,,32.6167835,36.5173473,26.6314356,35.643083,33.2892945,35.0378231,26_57
-3,NASS USDA,Linn,,22,26,58,-1,,,,5113.599999999999,4161.599999999999,2884.843,,,,,,9280.4855,10042.5195,6123.4875,5932.979,1866.9833,5086.57695,9566.24825,9503.6526,,,,1408.3038,1064.32155,687.9662,,,,,,2670.9276,3075.6136,2104.3672,2185.3044,687.9662,1902.0242,3277.9566,2751.8648,,,,36.315000000000005,39.139500000000005,41.964,,,,,,34.7688187,32.6840346,29.1197262999999,27.1694443999999,27.1694443999999,26.90044,29.2542285,34.5670654,26_58
-3,NASS USDA,Livingston,,22,26,59,-1,,,,3236.8,,3646.877,2993.705,4272.8335,4272.8335,,5878.548,12845.716,16737.5325,,7838.064,3755.739,7097.8024,17817.98785,18234.385,,,,1080.50895,,874.12176,1052.1836,1185.72998,934.82466,,1942.4928,3399.3624,4937.1692,,2306.7102,1335.4638,2468.5846,6272.633,5220.44939999999,,,,29.9935,,41.695,28.4472152999999,36.0465896,45.730748,,30.262995,37.7951182,33.8945544,,33.9618055,28.1109597999999,28.917973,28.245462,34.9033209,26_59
-3,NASS USDA,Macon,,22,26,60,-1,,,,,,,,,8790.6065,,,,10341.89,,4653.8505,,5492.0879,13588.69915,11272.6601,,,,,,,,,1695.63434,,,,3237.488,,1942.4928,,1740.1498,4532.4832,3075.6136,,,,,,,,,51.8505980999999,,,,31.9442725,,23.9413916,,31.608017,29.9267395,36.6518495,26_60
-3,NASS USDA,Madison,,22,26,61,-1,,,,,,,,,,,,,,,,,,,,,,,,,,,,,,,,,,,,,,,,,,,,,,,,,,,,,,,,,,26_61
-3,NASS USDA,Maries,,22,26,62,-1,685.4399999999999,,312.79999999999995,,,645.00735,,625.9565,402.7894,,,361.96615,440.8911,,489.879,234.0533,285.76275,1415.206,527.9807,129.4992,,76.89015,,,174.01498,,178.06184,186.15556,,,121.4058,161.8744,,242.8116,121.4058,121.4058,364.2174,283.2802,52.99300000000001,,40.68625,,,37.05475,,35.1723253,21.6548542,,,29.7922372999999,27.2366955,,20.17533,19.3010657,23.537885,39.005638,18.6285547,26_62
-3,NASS USDA,Marion,,22,26,63,-1,12376.0,,,,6147.2,2658.95435,,7293.754,5524.7465,6259.565,4735.497,7538.6935,7892.495,12002.0355,8681.7445,1766.28595,7021.599,18201.7264,16574.2395,1982.9565,,,,1327.3668,655.59132,,1578.2754,1274.7609,1537.8068,1133.1208,1982.9614,2306.7102,2630.459,2549.5218,728.4348,2266.2416,5179.9808,3884.9856,62.47525,,,,46.33525,40.55175,,46.2015057,43.3097084,40.6869155,41.7629331,37.9968715,34.2308099,45.5962458,34.0290566,24.2776471,30.935506,35.3068275,42.6371974,26_63
-3,NASS USDA,McDonald,,22,26,64,-1,,,,,,,,,,,,,,,,,,68.03875,,,,,,,,,,,,,,,,,,,40.4686,,,,,,,,,,,,,,,,,,,16.812775,,26_64
-3,NASS USDA,Mercer,,22,26,65,-1,,,,,,,,,,,,,,,,,166.01455,,,,,,,,,,,,,,,,,,,80.9372,,,,,,,,,,,,,,,,,,,20.5115855,,,26_65
-3,NASS USDA,Miller,,22,26,66,-1,,,,1117.9199999999998,,,,,,386.4601,,427.28335,274.87655,857.28825,1088.62,,838.2374,359.2446,1407.04135,,,,307.5606,,,,,,80.9372,,141.6401,80.9372,323.7488,404.686,,323.7488,202.343,607.029,,,,36.38225,,,,,,47.748281,,30.1957438999999,33.9618055,26.4969333999999,26.90044,,25.8916735,17.8215415,23.2016295,26_66
-3,NASS USDA,Mississippi,,22,26,67,-1,70801.59999999999,,70638.4,53339.2,56684.8,61588.6765,65453.2775,75196.4265,91035.8475,77890.761,82816.7665,68855.215,108045.535,68664.7065,65153.907,42728.335,82027.517,118931.735,62622.8655,12140.55,,15013.8135,11290.7115,12302.424,13354.638,14568.696,19020.242,19222.585,14487.7588,19546.3338,15904.1598,20841.3289999999,15620.8796,15661.3482,10198.0872,22379.1358,29744.421,20355.7058,58.373,,47.075,47.27675000000001,46.1335,46.1335,44.9237348,39.5436468,47.3447744,53.7336289,42.368193,43.3097084,51.8505980999999,43.9822194,41.6284309,41.8974353,36.6518495,40.0144045,30.7337527,26_67
-3,NASS USDA,Moniteau,,22,26,68,-1,7180.799999999999,,7126.4,3209.6,4678.4,,5143.7295,,10722.907,6205.134,3728.5235,6695.013,9280.4855,5878.548,5824.117,680.3875,9334.9165,8333.3861,8159.2069,1173.5865,,1618.74,934.82235,1270.7109,,1258.57346,,2104.3672,1375.9324,1072.4179,1760.3841,2873.2706,1659.2126,1861.5556,323.7488,2630.459,2913.7392,2387.6474,61.197500000000005,,44.048750000000005,34.36475,36.853,,40.8886688,,50.9763338,45.1254880999999,34.7688187,38.0641226,32.280528,35.4413297,31.2717615,21.0495943,35.643083,28.5817175,34.1635588,26_68
-3,NASS USDA,Monroe,,22,26,69,-1,13926.4,,11723.2,7942.4,,,,,10886.2,12682.423,3646.877,,,,,762.034,6069.0565,18122.80145,18849.4553,2658.78045,,2666.87415,1695.63015,,,,,2468.5846,2832.802,971.2464,,,,,323.7488,2225.773,6313.1016,4734.82619999999,52.38775,,43.9815,46.873250000000006,,,,,44.1167215999999,44.7892325999999,37.5261138,,,,,23.537885,27.2366955,28.5817175,39.8126512,26_69
-3,NASS USDA,Montgomery,,22,26,70,-1,22848.0,,19339.2,15803.2,22358.4,17227.4115,14995.7405,,27759.81,,13852.6895,25419.277,,30563.0065,15567.266,2166.3538,21636.3225,30514.0186,17382.53985,3690.7272,,4289.661,3609.7902,4451.535,3241.53486,3237.488,,5220.44939999999,,3763.5798,5827.4784,,6191.69579999999,4411.0774,687.9662,6474.976,8619.8118,5382.3238,61.93725,,45.124750000000006,43.77975,50.23575,53.1275,46.3360079,,53.1956200999999,,36.7863517,43.6459639,,49.3623074,35.3068275,31.4735147999999,33.2892945,35.3068275,32.280528,26_70
-3,NASS USDA,Morgan,,22,26,71,-1,,,3100.8,1792.4799999999998,1237.6,,1094.0631,2155.4676,4490.5575,3456.3685,3973.463,3810.17,5089.2985,4218.4025,2204.4555,1660.1455,2762.37325,3274.02465,4218.4025,,,776.9952000000001,517.9968,348.0291,,267.09276,598.93528,752.71596,849.8406,930.7778,930.7778,1092.6522,890.3092,607.029,728.4348,809.372,1133.1208,1133.1208,,,39.9465,34.63375,35.57525,,40.9559199,35.9793385,59.6517257,40.6869155,42.7044485,40.9559199,46.6050123,47.4120255,36.315594,22.7981229,34.298061,28.917973,37.2571094,26_71
-3,NASS USDA,New Madrid,,22,26,72,-1,10227.2,,16265.6,12430.4,10608.0,12165.3285,13580.5345,,,22262.279,23541.4075,,,34073.806,38836.5185,18424.8935,49178.4085,92995.3635,27596.517,2092.22145,,3290.08905,3099.8871,2476.6722,2970.39524,2711.3962,,,4653.889,6717.7876,,,8255.5944,11047.9278,4451.546,13921.1984,24159.7542,8741.2176,48.89075,,49.496,40.14825,42.83825,40.95525,50.1020695,,,47.8155320999999,35.0378231,,,41.2921754,35.1723253,41.3594265,35.3068275,38.333127,31.5407658999999,26_72
-3,NASS USDA,Newton,,22,26,73,-1,9574.4,,12104.0,6337.599999999999,9683.2,7783.633,5851.3325,10096.9505,7293.754,8028.5725,12083.682,9198.839,9389.3475,9362.132,5089.2985,1744.51355,3823.77775,3619.6615,3995.2354,2169.1116,,2436.2037,2112.4557,2877.31035,2084.1329,1469.01018,2274.33532,1319.27636,1861.5556,2630.459,2549.5218,2144.8358,2023.43,1618.744,647.4976,1497.3382,1294.9952,2144.8358,44.18325,,49.69775,29.9935,33.69225,37.32375,39.8126512,44.385726,55.2804042,43.1079550999999,45.9325013,36.1138407,43.7804660999999,46.2687568,31.4735147999999,26.9676911,25.555418,27.9092065,18.6285547,26_73
-3,NASS USDA,Nodaway,,22,26,74,-1,,,,,,2400.4071,,,,3538.015,,2748.7655,,,4245.618,1962.23755,2106.4797,3693.14335,3333.89875,,,,,,623.21644,,,,768.9034,,687.9662,,,1335.4638,647.4976,728.4348,1618.744,1214.058,,,,,,38.53425,,,,45.9997524,,39.9471534,,,31.8097702999999,30.3302461,28.917973,22.865374,27.4384487999999,26_74
-3,NASS USDA,Oregon,,22,26,75,-1,,,,,,,,,,,,,,,,,,,,,,,,,,,,,,,,,,,,,,,,,,,,,,,,,,,,,,,,,,26_75
-3,NASS USDA,Osage,,22,26,76,-1,592.9599999999999,,889.4399999999999,1071.6799999999998,345.44,517.0945,,,416.39715,,707.603,555.1962,2939.274,,1197.482,,1061.4045,1820.71695,2022.11165,157.82715000000002,,226.6236,327.79485,141.63975,174.01498,,,121.4058,,242.8116,202.343,930.7778,,404.686,,364.2174,687.9662,768.9034,37.59275,,39.274,32.6835,24.41175,29.724500000000003,,,34.298061,,29.1197262999999,27.4384487999999,31.608017,,29.590484,,29.2542285,26.5641845,26.2951801,26_76
-3,NASS USDA,Ozark,,22,26,77,-1,,,,,,,,,,,,,,,,,,,,,,,,,,,,,,,,,,,,,,,,,,,,,,,,,,,,,,,,,,26_77
-3,NASS USDA,Pemiscot,,22,26,78,-1,,,48144.0,30518.4,40745.6,18588.1865,32685.8155,30154.774,54376.569,47926.4955,42809.9815,54158.845,90083.305,31706.0575,52008.8205,7429.8315,24303.4415,62241.8485,22915.451,,,10319.4675,6677.302500000001,8538.853500000001,4411.0774,6394.0388,8822.1548,12383.3915999999,9833.8698,11574.0196,13192.7636,17603.841,7972.3142,12504.7974,1902.0242,7689.034,17968.0583999999,7648.56539999999,,,46.6715,45.73,47.7475,42.16575,51.110836,34.1635588,43.9149683,48.7570475,36.988105,41.023171,51.1780870999999,39.7454001,41.5611798,39.0728891,31.608017,34.6343165,29.9939906,26_78
-3,NASS USDA,Perry,,22,26,79,-1,27118.4,,23364.8,21052.8,26656.0,23269.2525,14124.8445,,23486.9765,21445.814,21200.8745,,,22289.4945,12682.423,11403.2945,15512.835,21497.52345,13049.83225,5179.968,,4937.157,5018.094,5625.1215,5746.5412,3682.6426,,5301.3866,5018.1064,5503.7296,,,5544.1982,4492.01459999999,3884.9856,5099.0436,6353.5702,4613.4204,52.38775,,47.34400000000001,41.964000000000006,47.41125,40.4845,38.333127,,44.3184749,42.7044485,38.5348803,,,40.2161578,28.245462,29.3214796,30.262995,33.9618055,28.3127131,26_79
-3,NASS USDA,Pettis,,22,26,80,-1,16755.2,,17435.2,,,10967.8465,,11811.527,16628.6705,24466.7345,15022.956,21745.1845,,21690.7535,16873.61,3728.5235,20030.608,34759.6366,32250.3675,2573.7966,,4249.1925,,,2428.116,,3423.64356,3192.97253999999,5179.9808,4451.546,5301.3866,,5908.4156,5463.26099999999,1699.6812,6798.7248,11735.894,10643.2418,65.16525,,41.02250000000001,,,45.192,,34.4998143,52.0523514,47.2102722,33.7600522,41.023171,,36.7191006,30.8682548999999,21.9238586,29.590484,29.590484,30.3302461,26_80
-3,NASS USDA,Phelps,,22,26,81,-1,,,,,,,,,,,,,,,,,,,,,,,,,,,,,,,,,,,,,,,,,,,,,,,,,,,,,,,,,,26_81
-3,NASS USDA,Pike,,22,26,82,-1,,,18931.2,7153.599999999999,11668.8,9824.7955,4735.497,10886.2,15812.2055,,,15648.9125,26126.88,13662.181,12981.7935,1932.3005,15281.50325,29536.98215,23231.1508,,,3605.74335,1760.37975,2768.0454,2565.70924,1133.1208,2784.23968,3237.488,,,3763.5798,6434.50739999999,3804.0484,3884.9856,930.7778,5220.44939999999,8093.72,6596.3818,,,52.52225,40.68625,42.16575,38.26525,41.7629331,39.0728891,48.8242985999999,,,41.5611798,40.6196644,35.9120874,33.4237967,20.7805899,29.2542285,36.6518495,35.2395764,26_82
-3,NASS USDA,Platte,,22,26,83,-1,,,,,,,,,,,762.034,,,1605.7145,1415.206,650.45045,1812.5523,,3875.4872,,,,,,,,,,,364.2174,,,445.1546,485.6232,242.8116,607.029,,2104.3672,,,,,,,,,,,20.9150921,,,36.0465896,29.1197262999999,26.7659377999999,29.9267395,,18.4268014,26_83
-3,NASS USDA,Polk,,22,26,84,-1,1311.04,,1683.6799999999998,1311.04,1634.7199999999998,1015.13815,517.0945,794.6926,1861.5402,1496.8525,1034.189,1319.95175,2775.981,3456.3685,,,1088.62,2163.63225,,311.60745000000003,,428.9661,461.3409,412.7787,287.32706,186.15556,202.343,465.3889,384.4517,364.2174,424.9203,971.2464,890.3092,,,404.686,728.4348,,42.0985,,39.274,28.44675,39.61025,35.30625,27.7747042999999,39.2746424,40.0144045,38.9383869,28.3799642,31.0700082,28.5817175,38.8038847,,,26.90044,29.590484,,26_84
-3,NASS USDA,Pulaski,,22,26,85,-1,,,,,,,,,,,,,,,,,,,,,,,,,,,,,,,,,,,,,,,,,,,,,,,,,,,,,,,,,,26_85
-3,NASS USDA,Putnam,,22,26,86,-1,,,,,,,,,,,,1167.54495,,,,,560.6393,,,,,,,,,,,,,,404.686,,,,,283.2802,,,,,,,,,,,,,,28.8507218999999,,,,,19.8390745,,,26_86
-3,NASS USDA,Ralls,,22,26,87,-1,,,12240.0,,5956.799999999999,,1853.37555,5470.3155,7565.909,4436.1265,,10804.5535,,10396.321,8436.805,304.8136,13743.8275,24069.3882,23078.744,,,2432.1568500000003,,1509.47505,,497.76378,1517.5725,1274.7609,1052.1836,,2549.5218,,2306.7102,2751.8648,121.4058,4046.86,7162.94219999999,5867.947,,,50.370250000000006,,39.475750000000005,,37.2571094,36.0465896,59.3827212999999,42.1664397,,42.368193,,45.058237,30.6665016,25.0846602999999,33.9618055,33.62555,39.3418935,26_87
-3,NASS USDA,Randolph,,22,26,88,-1,10444.8,,,6147.2,8622.4,8001.357,4109.5405,11457.7255,11376.079,6450.0735,,10858.9845,,9443.7785,4626.635,,,12649.7644,10298.3452,1647.06795,,,1294.992,2181.2521500000003,1772.52468,1428.54158,2626.41214,2468.5846,1942.4928,,2428.116,,2428.116,1780.6184,,,3925.4542,3237.488,63.41675000000001,,,47.4785,39.543,45.12475,28.7834707999999,43.6459639,46.0670035,33.2220434,,44.7219815,,38.8711358,25.9589246,,,32.280528,31.8097702999999,26_88
-3,NASS USDA,Ray,,22,26,89,-1,,,9384.0,2632.96,3536.0,1964.9591,2531.0415,,,2310.59595,1959.516,4735.497,,,,1518.6249,3758.46055,12358.55855,9566.24825,,,2254.0954500000003,651.54285,1092.6495,635.35702,809.372,,,687.9662,809.372,1315.2295,,,,526.0918,1456.8696,4451.546,3399.3624,,,41.62775,40.41725,32.34725,30.935,31.2717615,,,33.5582989,24.210396,35.9793385,,,,28.8507218999999,25.8916735,27.9092065,28.1109597999999,26_89
-3,NASS USDA,Reynolds,,22,26,90,-1,,,,,,,,,,,,,,,,,,,,,,,,,,,,,,,,,,,,,,,,,,,,,,,,,,,,,,,,,,26_90
-3,NASS USDA,Ripley,,22,26,91,-1,,,,,,,,,,,,,,824.62965,,,,410.95405,1227.41905,,,,,,,,,,,,,,263.0459,,,,161.8744,485.6232,,,,,,,,,,,,,,31.3390126,,,,25.555418,25.2864136,26_91
-3,NASS USDA,Saint Charles,,22,26,92,-1,7208.0,,,3372.8,6011.2,8926.684,,,,,,,,,,,,,,1193.82075,,,772.94835,1116.9306,1966.77396,,,,,,,,,,,,,,60.3905,,,43.64525,53.86725,45.39375,,,,,,,,,,,,,,26_92
-3,NASS USDA,Saint Clair,,22,26,93,-1,7942.4,,11505.6,6147.2,12348.8,3973.463,,,,,,,,,,,,,,1825.12935,,3492.43155,1982.9565,3148.4493,1181.68312,,,,,,,,,,,,,,43.51075000000001,,32.9525,31.002250000000004,39.274,33.625,,,,,,,,,,,,,,26_93
-3,NASS USDA,Saint Francois,,22,26,94,-1,,,,,,1039.6321,,,,,,,,,,,,,,,,,,,238.76474,,,,,,,,,,,,,,,,,,,43.51075,,,,,,,,,,,,,,26_94
-3,NASS USDA,Saint Louis,,22,26,95,-1,,,,,,2052.0487,,,,,,,,,,,,,,,,,,,445.1546,,,,,,,,,,,,,,,,,,,46.06625,,,,,,,,,,,,,,26_95
-3,NASS USDA,Sainte Genevieve,,22,26,96,-1,8459.199999999999,,10635.2,,,4735.497,,,,,,,,,,,,,,1622.78685,,1999.1439,,,1112.8865,,,,,,,,,,,,,,52.18600000000001,,53.19475,,,42.56925,,,,,,,,,,,,,,26_96
-3,NASS USDA,Saline,,22,26,97,-1,,,,5304.0,,,,,,,,,,7429.8315,4653.8505,2405.8502,6640.582,14296.30215,13675.78875,,,,1242.3829500000002,,,,,,,,,,1902.0242,1821.087,849.8406,2023.43,4734.82619999999,4330.1402,,,,42.70375000000001,,,,,,,,,,39.0728891,25.555418,28.3127131,32.953039,30.262995,31.608017,26_97
-3,NASS USDA,Schuyler,,22,26,98,-1,,,,,,,,,,,,,,,,,522.5376,1156.65875,1080.45535,,,,,,,,,,,,,,,,,242.8116,404.686,404.686,,,,,,,,,,,,,,,,,21.520352,28.5817175,26.6986867,26_98
-3,NASS USDA,Scotland,,22,26,99,-1,,,3209.6,,2189.6,1001.5304,693.99525,1360.775,3946.2475,2340.533,,,4191.187,3592.446,1551.2835,,3415.54525,5410.4414,4408.911,,,748.6672500000001,,602.98065,214.48358,250.90532,424.9203,789.1377,526.0918,,,1092.6522,768.9034,526.0918,,1092.6522,1618.744,1214.058,,,42.9055,,36.315000000000005,46.6715,27.6402021,32.0115236,50.0348184,44.5202282,,,38.333127,46.7395145,29.4559817999999,,31.2717615,33.2892945,36.315594,26_99
-3,NASS USDA,Scott,,22,26,100,-1,,,56304.0,35577.6,44662.4,36604.8475,,50947.416,37040.2955,,,51165.14,,54049.983,63167.1755,40687.1725,59112.066,77727.468,38401.0705,,,10562.2785,7972.2945,9267.2865,8134.188599999999,,11735.894,8174.6572,,,13880.7298,,13961.667,17280.0922,10521.836,17199.155,21691.1696,16268.3771999999,,,53.32925,44.65400000000001,48.218250000000005,44.99025,,43.4442105999999,45.3272414,,,36.8536028,,38.7366336,36.5845984,38.6693825,34.298061,35.9793385,23.6051361,26_100
-3,NASS USDA,Shannon,,22,26,101,-1,,,,,,,,,,,,,,,,,,,,,,,,,,,,,,,,,,,,,,,,,,,,,,,,,,,,,,,,,,26_101
-3,NASS USDA,Shelby,,22,26,102,-1,,,,2687.36,,,,,5987.41,,,,,,,645.00735,,19039.9638,20057.8235,,,,647.496,,,,,1294.9952,,,,,,,283.2802,,5584.6668,4856.232,,,,41.560500000000005,,,,,46.2687568,,,,,,,22.7981229,,33.9618055,41.2921754,26_102
-3,NASS USDA,Stoddard,,22,26,103,-1,39521.6,,49422.4,,38651.2,40741.6035,31270.6095,33774.4355,44415.696,41911.87,,43816.955,87960.496,53451.242,63058.3135,23840.778,49423.348,104180.934,41857.439,6636.834,,9550.566,,7527.141,8134.188599999999,6839.1934,7689.034,8943.56059999999,8012.7828,,11452.6138,17522.9038,12423.8602,17118.2178,6110.7586,14204.4786,28692.2373999999,14609.1646,59.5835,,51.7825,,51.37900000000001,50.10125,45.730748,43.9149683,49.6313118,52.3213558,,38.2658759,50.1693205999999,43.040704,36.8536028,39.005638,34.6343165,36.315594,28.6489686,26_103
-3,NASS USDA,Stone,,22,26,104,-1,,,,,,,,,,,,,,,,,,,,,,,,,,,,,,,,,,,,,,,,,,,,,,,,,,,,,,,,,,26_104
-3,NASS USDA,Sullivan,,22,26,105,-1,,,,,,,,,,,,1752.6782,,,1741.792,625.9565,,1578.499,1790.7799,,,,,,,,,,,,728.4348,,,607.029,202.343,,566.5604,526.0918,,,,,,,,,,,,24.0758937999999,,,28.7162197,30.935506,,27.9092065,34.0290566,26_105
-3,NASS USDA,Taney,,22,26,106,-1,,,,,,,,,,,,,,,,,,,,,,,,,,,,,,,,,,,,,,,,,,,,,,,,,,,,,,,,,,26_106
-3,NASS USDA,Texas,,22,26,107,-1,,,,,,,,,,,,,,,,,,,,,,,,,,,,,,,,,,,,,,,,,,,,,,,,,,,,,,,,,,26_107
-3,NASS USDA,Vernon,,22,26,108,-1,44580.8,,,27444.8,46729.6,10995.062,,,,49396.1325,,,,,,1973.12375,20264.6613,35905.40915,20915.11175,8376.9795,,,6555.897,9833.8455,2820.66142,,,,9388.7152,,,,,,1092.6522,7567.6282,12342.9229999999,11007.4592,53.26200000000001,,,41.89675,47.54575000000001,39.005,,,,52.5903602,,,,,,18.0905459,26.90044,29.2542285,19.0320613,26_108
-3,NASS USDA,Warren,,22,26,109,-1,4134.4,,,3128.0,3644.8,,3374.722,2939.274,1461.47235,2629.0173,1292.73625,8382.374,,,4490.5575,446.3342,6205.134,10717.4639,6199.6909,857.9322000000001,,,720.3393,951.00975,,764.85654,1003.62128,412.77972,566.5604,445.1546,1821.087,,,1254.5266,161.8744,1902.0242,3035.145,2144.8358,48.218250000000005,,,43.44349999999999,38.3325,,44.1167215999999,29.2542285,35.3740786,46.403259,29.0524752,45.9997524,,,35.7775852,27.572951,32.6167835,35.3068275,28.917973,26_109
-3,NASS USDA,Washington,,22,26,110,-1,,,,,,,,,,,,,,,,,,,,,,,,,,,,,,,,,,,,,,,,,,,,,,,,,,,,,,,,,,26_110
-3,NASS USDA,Wayne,,22,26,111,-1,,,,,,,,,,,462.6635,,1143.051,,,,536.14535,402.7894,,,,,,,,,,,,206.38986,,485.6232,,,,242.8116,202.343,,,,,,,,,,,,22.3946162999999,,23.537885,,,,22.192863,19.8390745,,26_111
-3,NASS USDA,Webster,,22,26,112,-1,296.48,,,,552.16,,,108.862,552.47465,266.7119,,,,664.0582,217.724,332.0291,326.586,579.69015,405.51095,101.17125,,,,174.01455,,,32.37488,153.78068,89.03092,,,,202.343,121.4058,121.4058,121.4058,242.8116,323.7488,29.321,,,,31.742000000000004,,,33.62555,35.9120874,29.9267395,,,,32.8185368,17.9560437,27.3711977,26.90044,23.8741405,12.5087046,26_112
-3,NASS USDA,Worth,,22,26,113,-1,1251.1999999999998,,,,,,,,,,,,,,,,,870.896,903.5546,178.06140000000002,,,,,,,,,,,,,,,,,485.6232,364.2174,70.27625,,,,,,,,,,,,,,,,,17.8215415,24.8156559,26_113
-3,NASS USDA,Wright,,22,26,114,-1,,,,,,,,,,,,138.79905,,,,,,,,,,,,,,,,,,,40.4686,,,,,,,,,,,,,,,,,,,34.298061,,,,,,,,26_114
-2,NASS USDA,Montana,,22,27,-1,-1,4248368.0,4179008.0,4476576.0,3274880.0,2466768.0,5460245.765,5364719.36,4745838.89,3126244.485,4885454.405,4620103.28,5338048.17,5073241.355,4907771.115,4468512.945,5357099.02,4314745.37,4188465.45,3767169.51,1647067.9500000002,1707770.7000000002,1744192.35,1715864.4,1582318.35,1930352.22,1885836.76,1776571.54,1570181.68,1703728.06,1926305.35999999,2112460.92,1914164.78,2051758.02,1857508.74,1873696.18,1910117.92,1982961.4,1857508.74,25.79351993340651,24.470545138173406,25.665609644486743,19.096462264150944,15.59821611253197,31.566614255765195,28.4475039313304,26.7135462824601,19.910138806701,28.6751661781472,23.9843418823529,25.2694075747126,26.5037580359408,23.9199030828402,24.056553614379,28.591158799136,22.5889605805084,21.1223352857142,20.2808219215686,27_-1
-3,NASS USDA,Beaverhead,,22,27,1,-1,18414.4,,,,,15975.4985,,17281.8425,14968.525,,10260.2435,10537.8416,16696.70925,19268.574,22289.4945,18588.1865,,18234.385,16547.024,2832.795,,,,,2266.2416,,2185.3044,2185.3044,,1699.6812,1740.1498,3156.5508,4492.01459999999,3965.9228,3318.4252,,4046.86,3075.6136,65.03075000000001,,,,,70.478,,79.0872936,68.5288709,,60.3914877999999,60.52599,52.9266157,42.9062018,56.2219195999999,56.0201662999999,,45.058237,53.80088,27_1
-3,NASS USDA,Big Horn,,22,27,2,-1,148104.0,,156726.4,126561.6,88046.4,113352.5575,,133519.243,104044.8565,105759.433,107038.5615,135097.742,95227.0345,121843.7935,137193.3355,150801.0855,114944.66425,120292.51,119476.045,36599.7114,,36664.461,37109.6145,35612.28,35490.9622,,36502.6772,35855.1795999999,33305.6578,37720.78206,38384.4671,37392.9864,47874.3538,45486.7063999999,45122.489,38364.2328,50302.4698,46417.4842,40.46589285400758,,42.74613501068514,34.12237131952018,24.72354545454546,31.93148090079817,,36.5775899705099,29.0382052148984,31.7425192,28.3941056178736,35.1900154944649,25.4897681166666,25.4527506402366,30.1626568374555,33.427114018834,30.0079657758438,23.884961272325,25.5519000697471,27_2
-3,NASS USDA,Blaine,,22,27,3,-1,150715.2,,95444.8,95145.6,68816.0,222894.945,52798.07,132675.5625,102738.5125,203501.1797,162857.552,219057.5595,251471.22,226133.5895,155264.4275,220146.1795,170042.444,69644.4645,73182.4795,76566.402,,69767.694,60702.75,68310.82800000001,84781.717,18210.87,68715.6828,73652.852,74745.5042,80856.2628,88869.0456,85874.3692,93239.6544,68310.9968,76283.311,77618.7748,29906.2954,49371.6919999999,19.68424740658442,,13.719,15.669250000000002,10.081045912322274,26.291218973747014,28.9852241,19.3010657,13.9727093153846,27.2388073374661,20.1256490072072,24.6181287620218,29.283892510179,24.2732395843316,22.7130231668246,28.8450849377718,21.943739399635,23.2016295,14.795242,27_3
-3,NASS USDA,Broadwater,,22,27,4,-1,20236.8,,23364.8,19856.0,14062.4,32685.8155,26752.8365,37611.821,30345.2825,30916.808,33475.065,38455.5015,25637.001,,53532.8885,53750.6125,44851.144,47654.3405,10750.1225,5706.0585,,5301.373500000001,8498.385,8376.9795,10966.9906,8053.2514,8943.56059999999,9186.3722,10764.6476,11816.8312,12565.5003,12140.58,,15418.5366,15459.0052,13759.324,15378.068,5099.0436,35.508,,44.116,23.387308333333333,16.783910628019324,29.799442804428047,33.2321817567839,42.0648022909502,33.0534712594713,28.6932127447368,28.317319339726,30.6275154550724,21.1168454,,34.6966252619422,34.7793817,32.5079949558823,31.0169152263157,20.847841,27_4
-3,NASS USDA,Carbon,,22,27,5,-1,,,,4352.0,,4204.79475,,2013.947,,1197.482,5279.807,3782.9545,,1959.516,9906.442,9552.6405,2381.35625,7756.4175,3538.015,,,,1173.5865,,1375.9324,,647.4976,,768.9034,1740.1498,1740.1498,,1294.9952,4006.3914,3965.9228,1230.24544,4370.6088,1861.5556,,,,37.12200000000001,,30.571058823529413,,31.1372592999999,,15.6022551999999,30.3302461,21.7221052999999,,15.1314975,24.7321015030303,24.0951084,19.502819,17.777952824074,18.830308,27_5
-3,NASS USDA,Carter,,22,27,6,-1,,,15449.6,10880.0,212.16,8191.8655,10396.321,10940.631,,12655.2075,33556.7115,33774.4355,23949.64,18098.3075,14070.4135,24820.536,31978.2125,31297.825,31760.4885,,,6110.7435000000005,3601.6965,1052.181,2954.2078,4532.4832,5139.5122,,10966.9906,14042.6042,13961.667,12464.3288,11776.3626,7648.56539999999,11007.4592,11978.7056,16349.3144,15216.1936,,,25.286000000000005,30.19525,2.0175,27.707,22.9326251,21.3185987,,11.5269874354243,23.9119329048991,24.1809614605797,19.2039009613636,15.351739074914,18.4268014,22.5568101294117,26.5641845,19.2031853861386,20.6618273191489,27_6
-3,NASS USDA,Cascade,,22,27,7,-1,147233.59999999998,,194888.0,93704.0,127976.0,222051.2645,171131.064,204143.4655,146936.4845,179867.2395,166245.88175,160598.6655,132104.037,148977.647,150311.2065,188902.7855,141765.5395,149603.6035,141819.9705,50261.877,,46538.775,48076.578,50585.625,52083.0882,51759.3394,52487.7742,45243.8948,46377.0156,50302.4698,53054.3346,49857.3152,56049.011,58598.5328,56777.4458,55280.1075999999,56615.5714,46538.89,29.29329519468602,,41.89675,19.49978282828283,25.314514000000003,42.62098076923076,33.0588845545738,38.8938985084811,32.4522047794275,38.8003637,33.06790149823,30.2567366977879,26.4954595528409,26.6003592794223,25.626570406906,33.2597672885958,25.7629314601024,26.388966301644,30.262995,27_7
-3,NASS USDA,Chouteau,,22,27,8,-1,688649.6,,685956.8,362766.4,473552.0,690511.666,769545.478,706786.535,549535.376,717699.9505,648575.30205,609553.71815,618172.867,608946.8125,597162.501,655566.964,471127.5205,619315.918,616131.7045,200238.13800000004,,193398.9615,188057.11950000003,204163.5825,211084.2176,206713.6088,205135.3334,197082.082,202909.5604,218854.1888,226421.816999999,209060.787599999,217680.5994,213107.6476,195948.9612,204164.087,204892.5218,199914.884,34.39153034872907,,35.468484146953394,19.30268920809124,23.202649653121902,32.71252219133436,37.2582679937353,34.4681589193332,27.8992638322381,35.3705376565616,29.650820970636,26.9441682398212,29.5766067888888,27.9796832523145,27.9922423245727,33.4644640318463,23.1144496795837,30.2607369144775,30.7313022550607,27_8
-3,NASS USDA,Custer,,22,27,9,-1,,,,1689.12,,4218.4025,,5932.979,,,,12110.8975,10777.338,13934.336,11593.803,20683.78,24493.95,20057.8235,17472.351,,,,1497.3345000000002,,2549.5218,,3035.145,,,,4411.0774,4411.0774,7871.14269999999,5665.604,8984.02919999999,11412.1451999999,11007.4592,9914.80699999999,,,,11.298000000000002,,16.5435,,19.5700701,,,,27.4384487999999,24.4121492999999,17.7268021611825,20.4443344,23.0216873675675,21.4178059964539,18.2962551470588,17.7460555714285,27_9
-3,NASS USDA,Daniels,,22,27,10,-1,2681.92,,112363.2,97620.8,,205150.439,174451.355,121054.544,39271.9665,15657.07715,161306.2685,175158.958,,205096.008,130117.3055,147834.596,130008.4435,,97349.8435,1780.614,,62726.175,55644.1875,,78023.4608,70617.707,59286.4989999999,43301.402,5139.5122,84215.1566,91418.5674,,88140.6108,74988.3158,70941.4558,72276.9196,,69605.992,15.064,,17.955750000000002,17.55225,,26.29475,24.6811537,20.4443344,9.0788985,30.4647482999999,19.1757737659778,19.1665635,,23.2896920056014,17.3507838,20.847841,17.8215415,,14.122731,27_10
-3,NASS USDA,Dawson,,22,27,11,-1,,,147940.8,142500.8,,177798.8615,,,47082.815,124184.3265,150338.422,151318.18,124864.714,185364.7705,103119.5295,178343.1715,133628.105,91117.494,110195.5595,,,65801.781,71386.43400000001,,77982.9922,,,50990.436,57424.9434,68715.6828,66651.7842,53094.8032,78144.8666,52892.4602,69363.1804,68310.9968,66530.3784,64061.7938,,,22.52875,19.97325,,22.79775,,,9.2134007,21.6548542,21.8566075,22.7308717999999,23.537885,23.7127517908337,19.502819,25.7113432458576,19.5538150947867,13.8331094744525,17.3790776929879,27_11
-3,NASS USDA,Deer Lodge,,22,27,12,-1,,,,,,,,,,,,,,,,,,,,,,,,,,,,,,,,,,,,,,,,,,,,,,,,,,,,,,,,,,27_12
-3,NASS USDA,Fallon,,22,27,13,-1,4297.599999999999,,12022.4,22875.2,1126.08,,7674.771,5062.083,,,15757.7745,17744.506,31569.98,22425.572,7157.6765,27079.4225,32522.5225,28276.9045,11076.7085,2229.81435,,4653.8775000000005,10562.2785,1780.614,,2428.116,2225.773,,,8336.5316,8903.092,13759.324,15418.5366,6596.3818,13961.667,15094.7878,17765.7154,9105.435,19.30075,,25.824,21.69031513409962,6.326085227272728,,31.608017,22.7308717999999,,,18.8975591,19.9063256,22.9721845705882,14.5468895125984,10.8274271,19.4160748275362,21.475277536193,15.9954979646924,12.105198,27_13
-3,NASS USDA,Fergus,,22,27,14,-1,197662.4,,169809.59999999998,120632.0,75833.59999999999,193175.619,179867.2395,203844.095,115067.134,130865.73175,218186.6635,170314.599,201639.6395,180656.489,133764.1825,211654.9435,174533.0015,188385.691,150066.267,57829.486500000006,,54025.4475,58193.70300000001,52204.365000000005,63050.0788,57263.0689999999,61552.7406,53661.3636,51516.5277999999,70476.0669,67906.3107999999,65781.7093,71669.8906,66894.5958,69889.2721999999,68068.1851999999,76768.9342,52447.3056,34.180210125158204,,31.43141017017953,20.74134040333797,14.537468992248064,30.632267296604734,31.4324037035335,33.1320215462195,21.4228734070889,25.3906448806755,30.9459325271317,25.0911529568533,30.6355756096893,25.2225801166007,19.9816321856624,30.3084780832657,25.7293432586206,24.390311304428,28.917973,27_14
-3,NASS USDA,Flathead,,22,27,15,-1,27880.0,,19774.4,27091.2,22222.4,28358.551,25228.7685,30073.1275,21690.7535,31937.38925,27637.34025,36958.649,34400.392,28249.689,10559.614,39897.923,26888.914,15431.1885,27650.948,5588.69985,,5422.779,5888.16675,6191.6805,6272.633,6029.8214,6899.89629999999,6110.7586,6596.3818,7871.14269999999,8093.72,6920.13059999999,6434.50739999999,2225.773,7527.1596,7527.1596,4937.1692,6677.31899999999,49.88637920857389,,36.46543589550672,46.0396735395189,35.93919117647059,45.2136935483871,41.8297328503355,43.563921502346,35.4974465119205,48.4253304177914,35.1126810082262,45.65677179,49.7221597771929,43.8976268213836,47.4120255,52.9967593204301,35.8455594301075,31.2717615,41.3818435333333,27_15
-3,NASS USDA,Gallatin,,22,27,16,-1,101864.0,,80838.4,73712.0,45396.8,83061.706,34019.375,,69345.094,34373.1765,36223.8305,62867.805,42211.2405,61425.3835,87307.324,87334.5395,52553.1305,55301.896,73427.419,19708.1595,,16551.6165,16146.9315,17725.203,18332.2758,9064.9664,,16268.3771999999,8134.18859999999,8984.02919999999,17644.3096,15782.7539999999,17846.6526,22702.8846,19951.0198,12990.4206,14892.4448,21488.8266,51.686206416180056,,48.840184280490064,45.69342543859649,25.627777397260274,45.31506898454746,37.5261138,,42.6131074537313,42.2336908,40.35066,35.6199461536697,26.7312776176923,34.4229559,38.4654714106951,43.7810117478701,40.35066,36.988105,34.0498271845574,27_16
-3,NASS USDA,Garfield,,22,27,17,-1,,,,10798.4,,68283.6895,,65453.2775,29392.74,32911.70415,23078.744,53342.38,75631.8745,62786.1585,60336.7635,86790.2295,61370.9525,,36278.2615,,,,9631.503,,29258.7978,,29703.9524,25616.6237999999,13395.1066,11776.3626,22662.416,33346.1264,38728.4502,33993.6239999999,36543.1458,33346.1264,,18291.8072,,,,11.23075,,23.33575,,22.0469995787465,11.4610535777251,24.5466515,19.5700701,23.537885,22.7125899475728,16.2145423831765,17.7381181116666,23.754756764341,18.3177632087378,,19.502819,27_17
-3,NASS USDA,Glacier,,22,27,18,-1,,,94710.4,100068.8,67238.4,107909.4575,116237.4005,127504.6175,84912.36,119476.045,126552.075,145575.7095,109025.293,116727.2795,129028.6855,146011.1575,155618.229,110168.344,33311.772,,,39901.941000000006,38283.201,36543.0555,38809.3874,45284.3634,46093.7354,25899.904,44373.8199,46984.0446,49493.0977999999,43260.9334,45729.518,55320.5761999999,52851.9916,53459.0205999999,51314.1847999999,37231.112,,,23.73578769012765,26.142762156448207,18.411754152823924,27.8128889468196,25.6614331388739,27.655140228446,32.8185368,26.9003786674874,26.9412772312661,29.4288174145543,25.232499481478,25.5094730007079,23.3111400695684,27.6115714632465,29.0449915423921,21.4628066975552,8.742643,27_18
-3,NASS USDA,Golden Valley,,22,27,19,-1,,,44254.4,,16483.2,7402.616,52253.76,35407.3655,26480.6815,26943.345,,36087.753,24929.398,16873.61,25881.9405,24738.8895,20547.7025,22724.9425,13934.336,,,10319.4675,,9510.0975,2630.459,12949.952,8903.092,8134.18859999999,10036.2128,,13030.8892,8619.8118,11250.2708,11250.2708,8700.749,11574.0196,12261.9858,6839.1934,,,42.9055,,17.350500000000004,28.1105,40.3657914975,39.7454001,32.5495324,26.8331888999999,,27.6723656695652,28.917973,14.9800615697841,22.9998762,28.4472152999999,17.7204297062937,18.4851744669967,20.17533,27_19
-3,NASS USDA,Granite,,22,27,20,-1,,,,,,,,,,,,925.327,1469.637,,,1208.3682,2449.395,2286.102,,,,,,,,,,,,,161.8744,242.8116,,,242.8116,485.6232,485.6232,,,,,,,,,,,,,57.163435,60.52599,,,49.765814,50.438325,47.07577,,27_20
-3,NASS USDA,Hill,,22,27,21,-1,517670.3999999999,,400057.6,312011.19999999995,289625.6,554243.6575,533151.645,507514.644,401700.78,553182.253,294801.01755,517910.965,589950.3935,492546.119,527708.545,528252.855,428638.6819,441489.841,342316.559,199307.3625,,174419.23500000002,174419.23500000002,187166.8125,205580.488,202343.0,199469.729399999,183727.444,184678.456099999,172355.767399999,204083.149799999,194087.4056,188866.9562,188462.2702,172679.516199999,177899.9656,171708.2698,167540.004,25.973471000099156,,22.936552840631364,17.898954176334104,15.482622162162162,26.9614251968504,26.3210045223999,25.438243634652,21.8788270264317,29.9547761424345,17.1000014637238,25.3592656244497,30.3678399697039,26.0594914367045,28.0070577891561,30.5711018089758,24.1113398415605,25.8449955623379,20.5456983768115,27_21
-3,NASS USDA,Jefferson,,22,27,22,-1,,,,,,,,,,,,,,,1877.8695,,,2095.5935,1605.7145,,,,,,,,,,,,,,,809.372,,,930.7778,849.8406,,,,,,,,,,,,,,,23.2016295,,,22.5291185,18.830308,27_22
-3,NASS USDA,Judith Basin,,22,27,23,-1,71862.4,,88100.79999999999,63593.59999999999,29512.0,81455.9915,84123.1105,105732.2175,57969.015,63629.839,97295.4125,76529.986,72393.23,57397.4895,56553.809,88137.39675,57397.4895,65725.4325,60717.7805,21731.5845,,20841.2775,25616.5605,18210.825,26952.0876,25859.4354,28368.4886,27397.2422,21933.9812,29137.392,27923.334,28004.2712,28935.049,29299.2664,30068.1698,30351.45,34600.653,21691.1696,33.087,,42.300250000000005,24.83734794628752,16.207250000000002,30.228975975975978,32.5416390784037,37.289247942796,21.1766462304283,28.9852241,33.38933051125,27.4220746191304,25.8403605219653,19.8359706030769,19.2888044497237,29.3264578106325,18.759021834,19.028521768421,28.245462,27_23
-3,NASS USDA,Lake,,22,27,24,-1,11968.0,,8140.96,12076.8,12879.2,17254.627,17390.7045,15403.973,8545.667,14192.88325,13950.6653,17363.489,23187.606,26344.604,28004.7495,26725.621,21704.36125,17009.6875,17853.368,3103.933950000001,,2913.732,2873.2635,3197.0115,3500.5339,3682.6426,2691.1619,2104.3672,2832.802,3743.3455,3723.1112,5665.604,6515.4446,6758.2562,5746.5412,5220.44939999999,4330.1402,4572.9518,38.55752149622899,,27.939975261966445,42.05682394366197,40.30913924050633,49.311354046242776,47.2139673153846,57.2306860999999,40.6196644,50.1068731499999,37.2512930886486,46.6444857717391,40.94919479,40.4392142434782,41.4290938071856,46.5273420154929,41.6253029418604,39.3418935,39.0056379999999,27_24
-3,NASS USDA,Lewis and Clark,,22,27,25,-1,,,,6177.119999999999,7697.599999999999,13145.0865,8001.357,5252.5915,3973.463,10559.614,,11811.527,10314.6745,5361.4535,,16710.317,5062.083,7620.34,9906.442,,,,3460.05675,3642.165,3601.7054,2468.5846,1294.9952,1254.5266,3480.2996,,2792.3334,4148.0315,2711.3962,,4977.63779999999,3075.6136,2913.7392,4572.9518,,,,17.87080263157895,21.13368611111111,36.52052808988764,32.4150302,40.5524133,31.6752681,30.3302461,,42.3009419,24.882907,19.7718234,,33.5582989,16.4765195,26.227929,21.520352,27_25
-3,NASS USDA,Liberty,,22,27,26,-1,225732.8,,173889.59999999998,105726.4,136136.0,272209.431,242925.553,226432.96,190971.1635,300050.8875,171803.28685,239795.7705,258819.405,203463.078,243796.449,277706.962,252450.978,182180.557,162748.69,89961.4755,,84579.16500000001,76566.402,93684.5775,98136.355,96719.954,90083.1036,82960.63,97003.2341999999,89718.8862,103923.3648,91276.9273,89637.949,98176.8236,95303.553,102385.558,75919.0936,99957.442,25.09216292256122,,20.55938953760066,13.815680761099363,14.538346112311016,27.74097164948453,25.1043572748954,25.1378327779874,23.0376024268292,30.9233856515644,19.1367752364907,23.0603707642523,28.3439160599423,22.7115314159367,24.8290174128606,29.1402871458598,24.6141684146245,23.8741405,16.3853084939271,27_26
-3,NASS USDA,Lincoln,,22,27,27,-1,,,,,,,,,,,,,,,,,,,,,,,,,,,,,,,,,,,,,,,,,,,,,,,,,,,,,,,,,,27_27
-3,NASS USDA,Madison,,22,27,28,-1,20318.4,,7507.2,,,16819.179,,2667.119,,10695.6915,,,,,20438.8405,,23895.209,16601.455,18724.264,2998.71585,,1355.69475,,,2549.5218,,566.5604,,2387.6474,,,,,4572.9518,,4775.2948,4006.3914,4734.82619999999,67.78800000000001,,55.414,,,65.97224999999999,,47.07577,,44.7972115440677,,,,,44.7219815,,50.1020695,41.3594265,39.4712225384615,27_28
-3,NASS USDA,McCone,,22,27,29,-1,91147.2,,160969.59999999998,134558.4,,231984.922,226541.822,161850.5785,54784.8015,25664.2165,222758.8675,194318.67,165497.4555,144106.0725,97894.1535,207627.0495,135778.1295,117326.0205,136540.1635,57465.27,,80491.8465,77294.835,,93077.78,85105.4657999999,81908.4464,67825.3735999999,9186.3722,93684.809,81787.0406,78104.398,75554.8762,50423.8756,80896.7314,77821.1177999999,84943.5914,82717.8184,15.871000000000002,,20.0405,17.41775,,24.922265217391303,26.6449625687589,19.7918924041501,8.10038696980906,27.9092065,23.8010503196112,23.7396382999999,21.1947591096373,19.0993124,19.4355679,25.6630735877938,17.4807396437857,13.7690139232968,16.3383323082191,27_29
-3,NASS USDA,Meagher,,22,27,30,-1,,,,802.4,6936.0,,,,5742.4705,,2884.843,,6858.306,2993.705,4272.8335,3701.308,2939.274,8083.0035,4789.928,,,,242.811,3116.0745,,,,2468.5846,,1375.9324,,3197.0194,1375.9324,1902.0242,1416.401,1254.5266,3925.4542,3035.145,,,,33.087,22.29468506493507,,,,23.2655731688524,,20.9823432,,21.4590598582278,21.7893564,22.4618674,26.1606779,23.537885,20.6953127319587,15.467753,27_30
-3,NASS USDA,Mineral,,22,27,31,-1,,,,,,,,,,,,,,,,,,,,,,,,,,,,,,,,,,,,,,,,,,,,,,,,,,,,,,,,,,27_31
-3,NASS USDA,Missoula,,22,27,32,-1,,,,,,,,,,,,544.31,,,2476.6105,2054.77025,762.034,,1469.637,,,,,,,,,,,,161.8744,,,687.9662,607.029,283.2802,,485.6232,,,,,,,,,,,,33.62555,,,35.9991182352941,33.86765396,26.90044,,30.09486725,27_32
-3,NASS USDA,Musselshell,,22,27,33,-1,,,21596.8,6337.599999999999,5872.48,15921.0675,,19323.005,12192.544,9715.9335,,21962.9085,8872.253,13607.75,18261.6005,22847.41225,7457.047,16410.9465,16547.024,,,5018.094,3116.0745,6474.96,5220.4494,,7243.8794,6798.7248,4775.2948,,11128.865,7486.691,10117.15,10279.0244,9712.464,4492.01459999999,11776.3626,8903.092,,,43.040000000000006,20.37675,9.062778125,30.46425,,26.6829071122905,17.9160132833333,20.3770833,,19.7348964323636,11.8696373902702,13.4276236304,17.7807672110236,23.5182700958333,16.4765195,13.8719837714776,18.830308,27_33
-3,NASS USDA,Park,,22,27,34,-1,7071.999999999999,,4379.2,5820.799999999999,5271.36,7021.599,2476.6105,5688.0395,2912.0585,6776.6595,4640.24275,6545.32775,5415.8845,4327.2645,7565.909,8464.0205,11212.786,9879.2265,7157.6765,2747.81115,,1234.28925,2185.299,2387.6415,2128.64836,687.9662,1740.1498,1092.6522,2144.8358,1938.44594,2347.1788,2428.116,3601.7054,4046.86,4087.3286,4046.86,5018.1064,3561.2368,25.736848764151784,,35.508,26.64594444444445,22.08877542372881,32.98139448669201,35.9793385,32.6840346,26.6314356,31.5839081150943,23.9391452167014,27.8790594551724,22.29373965,12.0364356393258,18.6709228929999,20.7319826693069,27.7343536399999,19.6465411088709,19.9766335681818,27_34
-3,NASS USDA,Petroleum,,22,27,35,-1,6092.799999999999,,11505.6,,,,13117.871,2095.5935,6613.3665,9797.58,,,,19540.729,14560.2925,16220.438,21609.107,19540.729,4300.049,5139.4995,,4937.157,,,,4532.4832,1011.715,5706.07259999999,5665.604,,,,14204.4786,10117.15,7648.56539999999,8741.2176,10643.2418,1578.2754,11.836000000000002,,23.33575,,,,28.917973,20.7133388,11.5829288191489,17.2768075899999,,,,13.7552449321937,14.3917353999999,21.1840965,24.882907,18.3265640190114,27.572951,27_35
-3,NASS USDA,Phillips,,22,27,36,-1,49776.0,,80104.0,34897.6,16374.4,132376.192,124129.8955,48253.0815,44606.2045,119851.6189,128919.8235,168708.8845,174179.2,185337.555,110249.9905,133519.243,101922.0475,92206.114,57125.3345,29501.5365,,49614.38100000001,35207.595,29056.383,54551.6728,46579.3586,37554.8608,36057.5226,43139.5276,55361.0447999999,66368.504,58618.7671,71103.3302,46296.0784,50504.8128,53539.9578,49735.9094,36421.74,16.87975,,16.1453188340695,9.915896551724138,5.630642061281337,24.26597514836795,26.6444067070373,12.8449601,12.3538232787878,27.7672599943714,23.2839727693713,25.4019296662804,29.7170702092854,26.0425578689243,23.8017162384615,26.4254791062499,19.1891838624338,18.6305793466232,15.467753,27_36
-3,NASS USDA,Pondera,,22,27,37,-1,156019.19999999998,,173345.59999999998,110867.2,203891.2,233536.2055,163592.3705,209777.074,102602.435,205640.318,178043.801,218513.2495,201694.0705,181255.23,232692.525,247769.912,203027.63,198727.581,150256.7755,50909.373,,60055.254,59933.84850000001,73086.111,67218.3446,44920.146,66368.504,31160.822,54551.6728,59650.7164,67987.2479999999,61350.3976,64183.1996,76526.1226,69444.1176,66732.7214,71224.736,70415.364,30.666000000000004,,28.864352151437068,18.50909807562458,27.90338787375416,34.73630523780855,36.4500962,31.609985324878,32.953039,37.682517508086,29.8470784276797,32.1284924775,32.8614337747361,28.2339707969104,30.407028291909,35.660170109324,30.3105071476652,27.8480691363636,21.0836063505747,27_37
-3,NASS USDA,Powder River,,22,27,38,-1,,,,1183.2,,,4926.0055,1442.4215,,517.0945,,,5225.376,,,11430.51,2585.4725,18969.2035,14152.06,,,,849.8385000000001,,,2023.43,809.372,,404.686,,,2630.459,,,4937.1692,1618.744,8619.8118,6596.3818,,,,13.92075,,,24.3448982,17.8215415,,12.777709,,,19.8390745,,,23.1343784,16.140264,21.9686926666666,21.4419611472392,27_38
-3,NASS USDA,Powell,,22,27,39,-1,,,,,,,,,,,,,,,,,,,,,,,,,,,,,,,,,,,,,,,,,,,,,,,,,,,,,,,,,,27_39
-3,NASS USDA,Prairie,,22,27,40,-1,,,6392.0,2964.8,1368.16,23350.899,,7212.1075,,10320.1176,13716.612,27215.5,8627.3135,20193.901,12410.268,9307.701,12573.561,24276.226,24276.226,,,1902.0195,1537.803,1740.1455,9174.23162,,3075.6136,,4046.86,5625.1354,11290.7394,3520.7682,9489.8867,4856.232,3520.7682,6394.0388,13273.7008,13273.7008,,,33.625,19.30075,7.86825,25.44176962946625,,23.4706339,,25.4881669,24.4121492999999,24.1045779609318,24.4794004,21.2681245268656,25.555418,26.4296822999999,19.502819,18.2182819832317,18.1003875243902,27_40
-3,NASS USDA,Ravalli,,22,27,41,-1,,,,,,,,,1360.775,1483.24475,2392.24245,2884.843,3374.722,4272.8335,4877.0176,2204.4555,2071.09955,2013.947,979.758,,,,,,,,,283.2802,364.2174,659.63818,728.4348,890.3092,1011.715,1181.68312,526.0918,809.372,849.8406,566.5604,,,,,,,,,48.0172854,40.7541666,36.2483429,39.6108979,37.9296204,42.2336908,41.2544042342465,41.9077816230769,25.555418,23.537885,17.485286,27_41
-3,NASS USDA,Richland,,22,27,42,-1,104910.4,,161160.0,133280.0,,150610.577,4789.928,161741.7165,66814.0525,150645.95715,151318.18,185854.6495,169253.1945,132593.916,114169.0225,165551.8865,126334.351,63112.7445,100397.9795,51678.2745,,64790.0685,68998.7925,,71953.17079999999,3237.488,63859.4508,54834.953,67177.876,66408.9726,79844.5478,68270.5282,73167.2288,57384.4747999999,65923.3493999999,60824.3058,57789.1608,57303.5375999999,20.309500000000003,,24.87418268434151,19.30075,,20.91475,14.795242,25.3536647,12.1724491,22.3998019269879,22.7981229,23.2829239113025,24.8185659950207,18.1373761737278,19.8674356832158,25.1276366014733,20.7545485558882,10.9466706470588,17.8158422542372,27_42
-3,NASS USDA,Roosevelt,,22,27,43,-1,121312.0,,215070.4,206420.8,,310909.872,,140513.6265,45585.9625,214839.157,282442.459,296785.0275,15322.3265,297002.7515,164925.93,237972.332,202701.044,125980.5495,182425.4965,71629.24500000001,,116144.595,116751.6225,,136379.182,,95505.896,76890.34,96558.0796,131482.4814,145403.679799999,6677.31899999999,126949.9982,87857.3306,94170.4322,101131.031399999,104004.302,103437.7416,16.947000000000003,,18.561000000000003,17.686750000000004,,22.79775,,14.7279908999999,5.9180968,22.2282078782062,21.455646878855,20.3853750443083,22.9326251,23.3716973917118,18.7877146040994,25.2864136,19.9488722142857,12.0618903850194,17.7568162629107,27_43
-3,NASS USDA,Rosebud,,22,27,44,-1,,,7180.799999999999,2284.8,,,,4027.894,6395.6425,18239.8281,18860.3415,,,,10124.166,59248.1435,41884.6545,47409.401,26671.19,,,4168.2555,2225.7675,,,,2630.459,3439.831,6232.1644,8619.8118,,,,4127.7972,18534.6188,17361.0294,21488.8266,15297.1307999999,,,17.216,10.28925,,,,15.3332508,18.5613036,29.2542285,21.8566075,,,,24.5466515,31.9428041353711,24.1845301923076,22.1092740621468,17.7201311111111,27_44
-3,NASS USDA,Sanders,,22,27,45,-1,,,,,,,,,,,,,598.741,,1006.9735,,459.94195,625.9565,,,,,,,,,,,,,,283.2802,,404.686,,202.343,445.1546,,,,,,,,,,,,,,21.1168454,,24.882907,,22.865374,14.122731,,27_45
-3,NASS USDA,Sheridan,,22,27,46,-1,,,21868.8,,,,46729.0135,,4055.1095,26589.5435,42646.6885,,54349.3535,42809.9815,32005.428,34073.806,39408.044,24630.0275,,,,9671.9715,,,,16146.9714,,9186.3722,9752.9326,23350.3822,,20234.3,20922.2662,15823.2226,15863.6912,19263.0536,22743.3531999999,,,,22.596000000000004,,,,28.917973,,4.4385726,27.2366955,18.2738838207972,,26.8331888999999,20.4443344,20.233637219693,21.4531009,20.5115855,10.9073625711743,,27_46
-3,NASS USDA,Silver Bow,,22,27,47,-1,,,,,,,,,,,,,,,,,,,,,,,,,,,,,,,,,,,,,,,,,,,,,,,,,,,,,,,,,,27_47
-3,NASS USDA,Stillwater,,22,27,48,-1,,,,22029.28,13273.6,30018.6965,28875.6455,19921.746,20329.9785,21649.93025,28924.6334,27133.8535,21173.659,16383.731,30563.0065,30590.222,32685.8155,32876.324,27242.7155,,,,8457.916500000001,7769.952,9550.5896,8943.56059999999,8134.18859999999,8296.063,11776.3626,11209.8022,11614.4882,14487.7588,12949.952,15985.097,15944.6284,16227.9085999999,18170.4014,15661.3482,,,,26.058892344497607,17.081500000000002,31.442224576271183,32.280528,24.4794004,24.4794004,18.3838161608247,25.7734378115523,23.3361317,14.5882288374301,12.65581638125,19.0974395845569,19.164003178934,20.3094967830423,18.1368278374164,17.2732799483204,27_48
-3,NASS USDA,Sweet Grass,,22,27,49,-1,,,,,,,,,,830.07275,2228.94945,2041.1625,,734.8185,2585.4725,1224.6975,2449.395,4708.2815,1333.5595,,,,,,,,,,445.1546,728.4348,1052.1836,,566.5604,1578.2754,687.9662,971.2464,2387.6474,728.4348,,,,,,,,,,18.6285547,30.5992505,19.3683168,,12.9794623,16.3782294307692,17.8215415,25.2191625,19.6851948644067,18.157797,27_49
-3,NASS USDA,Teton,,22,27,50,-1,190835.2,,197200.0,99062.4,158929.59999999998,223112.669,229263.372,203245.354,169552.565,194999.0575,163728.448,183568.5475,151644.766,122115.9485,207763.127,209368.8415,177662.784,204987.146,149902.974,61066.9665,,54349.1955,52285.302,63049.923,55603.8564,63252.4218,55725.2622,57789.1608,50990.436,53256.6775999999,53985.1124,53742.3008,54430.267,66166.161,59812.5908,62523.987,67096.9388,59893.528,31.250152240655343,,36.283885747674034,18.95419388544892,25.220303915276,40.14345342066958,36.2492034387076,36.4742714320261,29.3491712294117,38.2434588666666,30.7532228132978,33.997951705922,28.1991255869728,22.4637174302602,31.4066338895412,35.0268117561569,28.3229422317152,30.5414502481905,25.0782987094594,27_50
-3,NASS USDA,Toole,,22,27,51,-1,185476.8,,126942.4,155393.59999999998,131620.8,223575.3325,172546.27,166831.015,152951.11,206288.0469,157417.17355,212653.75235,240476.158,202020.6565,174260.8465,234788.1185,173912.4881,170505.1075,116591.202,90487.566,,85833.6885,87371.4915,83122.299,92025.5964,95748.7076,85752.9634,84619.8426,88059.6736,89273.7316,92066.065,84619.8426,83729.5334,87695.4562,88828.577,91013.8814,94575.1182,90771.0698,20.49749022976261,,14.789344628944844,17.798667207040296,15.844545277507304,24.285767150395777,18.0434189668639,19.439439836857,18.05838372879,23.4326197212316,17.6433535219854,23.0937025698461,28.4025098820181,24.1460052657805,19.8814982442085,26.4498423108428,19.1667130133392,18.0183739878048,12.6700712608114,27_51
-3,NASS USDA,Treasure,,22,27,52,-1,3835.2,,,2720.0,,4926.0055,12900.147,12437.4835,4354.48,5089.2985,13564.2052,15798.59775,12437.4835,15594.4815,13362.8105,9171.6235,12981.7935,16438.162,8572.8825,793.1826,,,768.9015,,1214.058,3237.488,2772.0991,1133.1208,1618.744,3419.5967,3601.7054,3439.831,4734.82619999999,3965.9228,2023.43,3302.23776,4249.20299999999,1902.0242,48.352750000000015,,,35.37350000000001,,40.55175,39.85300186,44.8864276204379,38.4003781,31.4735147999999,39.6538749343195,43.8734086314606,36.1431147082352,32.9306219666666,33.7202505285714,45.3272414,39.3863979044117,38.7782652333333,45.058237,27_52
-3,NASS USDA,Valley,,22,27,53,-1,66232.0,,216294.4,155393.6,,369096.611,287776.697,230270.3455,79469.26,295176.59145,265487.2025,312433.94,292621.056,336329.149,181745.109,244014.173,158503.072,175458.3285,136104.7155,75554.68950000001,,115537.5675,123631.2675,,133344.037,125007.5054,121446.2686,87007.4899999999,106351.480799999,121891.423199999,135812.621599999,122822.201,136621.9936,91661.379,105865.8576,111733.8046,118249.249199999,103680.5532,8.766100481426767,,18.76275,12.57575,,27.707,22.9879891489802,18.9728104141619,9.1461496,27.7641611290715,21.7878381148738,22.9998762,23.8068894,24.6172492187203,19.8419842606181,23.0699037215596,14.1682795537848,14.8969702210814,13.0454534262295,27_53
-3,NASS USDA,Wheatland,,22,27,54,-1,,,47055.99999999999,,,10069.735,29528.8175,40278.94,18016.661,15948.283,29711.16135,22262.279,12655.2075,20085.039,25500.9235,31488.3335,25854.725,14342.5685,17526.782,,,14487.723000000002,,,5787.0098,8377.0002,12788.0776,8700.749,8012.7828,14204.4786,10805.1162,8619.8118,15378.068,14932.9134,14811.5075999999,13233.2322,8255.5944,9307.778,,,32.479914200457856,,,17.417749999999998,35.2395764,31.4999044721518,20.7133388,19.9063256,20.9248636273504,20.5788366,14.6607398,13.0452975873684,17.1060189563685,21.2458352147541,19.5274983027522,17.485286,18.830308,27_54
-3,NASS USDA,Wibaux,,22,27,55,-1,,,,,,,,22398.3565,,,,,24711.674,16002.714,10940.631,22425.572,19785.6685,15621.697,15186.249,,,,,,,,10076.6814,,,,,10521.836,10238.5558,7527.1596,10602.7732,10117.15,12788.0776,10521.836,,,,,,,,22.2485004562248,,,,,23.4706339,15.6022551999999,14.5396155069892,21.1617650278625,19.502819,12.3020564414556,14.122731,27_55
-3,NASS USDA,Yellowstone,,22,27,56,-1,120142.4,,102000.0,98436.8,33265.6,100125.8245,80802.8195,96397.301,80721.173,,73264.126,78149.30825,71576.765,68256.474,88151.0045,96125.146,75740.7365,88069.358,68664.7065,29015.914500000003,,25495.155,32779.485,27882.7965,29865.8268,23026.6334,28692.2373999999,29339.735,,26668.8073999999,25292.875,33669.8752,36300.3342,34883.9332,37595.3294,35612.368,40468.6,34802.996,41.42600000000001,,40.01375,30.046137654320997,11.939168722786649,33.51291666666666,35.1050742,33.6245066119887,27.5373311070344,,27.4384487999999,30.8682548999999,21.2459319465144,18.8205614637681,25.2577031535962,25.5563590810548,21.2616645301136,21.8044878975,19.9673207837209,27_56
-2,NASS USDA,Nebraska,,22,28,-1,-1,1029112.0,1301248.0,1005312.0,713728.0,1119552.0,926143.465,1504744.995,1346895.095,1276951.26,1925224.47,1251368.69,1933661.275,1085898.45,1450586.15,1812552.3,1743697.085,2103213.84,1999794.94,2293722.34,325771.425,372310.2,,331841.7,339935.4,335889.38,392545.42,408732.86,412779.72,530138.66,489670.06,586794.7,461342.04,526091.799999999,598935.28,602982.14,651544.46,675825.62,793184.559999999,31.6075,34.970000000000006,28.245,21.520000000000003,32.9525,27.5725,38.333127,32.953039,30.935506,36.315594,25.555418,32.953039,23.537885,27.572951,30.262995,28.917973,32.280528,29.590484,28.917973,28_-1
-3,NASS USDA,Adams,,22,28,1,-1,2110.72,,,,3808.0,2443.9519,2384.0778,4433.40495,,,2996.42655,5620.00075,,4006.1216,,8474.9067,8943.0133,12943.6918,22360.2548,910.54125,,,,995.5251,760.80968,692.01306,1169.54254,,,1408.30728,1861.5556,,1254.5266,,2913.7392,2792.3334,4289.6716,6920.13059999999,23.20125,,,,38.26525,32.1455,34.4325632,37.9296204,,,21.2513476,30.1957438999999,,31.9442725,,29.1197262999999,31.9442725,30.262995,32.280528,28_1
-3,NASS USDA,Antelope,,22,28,2,-1,,,,,,,,,,,,,,,770.19865,,,,8175.5362,,,,,,,,,,,,,,,242.8116,,,,2994.6764,,,,,,,,,,,,,,,31.7425192,,,,27.3039466,28_2
-3,NASS USDA,Arthur,,22,28,3,-1,,,,,,,,,,,,,,,,,,,,,,,,,,,,,,,,,,,,,,,,,,,,,,,,,,,,,,,,,,28_3
-3,NASS USDA,Banner,,22,28,4,-1,34000.0,,,19203.2,35088.0,35733.9515,48933.469,43299.8605,,43980.248,33202.91,56308.8695,26997.776,35870.029,52934.1475,36142.184,48824.607,41841.1097,40406.85285,14244.912,,356122.8,14204.4435,16106.463000000002,15013.8506,15414.4897399999,15661.3482,,19198.30384,14301.60324,19445.1623,17280.0922,20436.643,20962.7348,18089.4642,20193.8314,18413.213,20274.7686,23.87375,,,13.517250000000002,21.789,23.8065,31.7425192,27.6402021,,22.9326251,23.2016295,28.9852241,15.6022551999999,17.5525371,25.2191625,19.9735767,24.210396,22.865374,19.9063256,28_4
-3,NASS USDA,Blaine,,22,28,5,-1,,,,,,,,,,,,,,,,,,,762.034,,,,,,,,,,,,,,,,,,,202.343,,,,,,,,,,,,,,,,,,,37.660616,28_5
-3,NASS USDA,Boone,,22,28,6,-1,,,,,,,,,,,,,,,1132.1648,,,,4572.204,,,,,,,,,,,,,,,323.7488,,,,1578.2754,,,,,,,,,,,,,,,34.970572,,,,28.9852241,28_6
-3,NASS USDA,Box Butte,,22,28,7,-1,94139.2,,,57011.2,74038.4,91226.356,,126116.627,112563.308,118686.7955,129110.332,175975.423,144187.719,114740.548,157305.59,104126.503,160683.03355,127599.87175,115426.3786,27356.706,,,25697.4975,28247.013000000003,28085.2084,,35126.7448,35450.4936,40711.4116,42856.2474,42572.9672,41844.5324,38768.9188,46862.6388,40670.943,48886.0688,45162.9576,45729.518,34.432,,,22.192500000000003,26.227500000000003,32.48175,,35.9120874,31.7425192,29.1197262999999,30.1284927999999,41.3594265,34.4325632,29.590484,33.5582989,25.6226691,32.953039,28.245462,25.2191625,28_7
-3,NASS USDA,Boyd,,22,28,8,-1,,,,,,,,,,3987.07075,,,,4980.4365,5639.0516,7892.495,10526.9554,10282.0159,7560.4659,,,,,,,,,,805.32514,,,,1416.401,1375.9324,2104.3672,3156.5508,2994.6764,2589.9904,,,,,,,,,,49.4968095999999,,,,35.1723253,40.9559199,37.5261138,33.2892945,34.298061,29.1869773999999,28_8
-3,NASS USDA,Brown,,22,28,9,-1,,,,,,,,,,,,,,,,,,,645.00735,,,,,,,,,,,,,,,,,,,161.8744,,,,,,,,,,,,,,,,,,,39.8799023,28_9
-3,NASS USDA,Buffalo,,22,28,10,-1,3236.8,,3427.2,1689.12,,1028.7459,4947.7779,3810.17,3570.6736,5859.49715,3627.82615,,,4422.51875,5266.19925,6191.52625,7418.9453,10320.1176,10989.6189,837.69795,,671.7771,700.10505,,469.43576,999.57442,951.0121,849.8406,1290.94834,1181.68312,,,1294.9952,1456.8696,1861.5556,2185.3044,2994.6764,3844.517,38.66875,,51.042750000000005,24.14275,,21.9235,49.4968095999999,40.0816556,42.0319375,45.3944925,30.7337527,,,34.1635588,36.1810918,33.2892945,33.9618055,34.298061,28.5817175,28_10
-3,NASS USDA,Burt,,22,28,11,-1,,,,,,,,,,,,,,,,,,,,,,,,,,,,,,,,,,,,,,,,,,,,,,,,,,,,,,,,,,28_11
-3,NASS USDA,Butler,,22,28,12,-1,,,,,,840.95895,,,,,,1875.14795,1390.71205,1055.9614,1673.75325,1627.4869,2228.94945,2348.69765,4125.8698,,,,,,230.67102,,,,,,433.01402,445.1546,323.7488,485.6232,526.0918,687.9662,930.7778,1578.2754,,,,,,36.4495,,,,,,43.3097084,31.2717615,32.6167835,34.4998143,30.935506,32.280528,25.2191625,26.1606779,28_12
-3,NASS USDA,Cass,,22,28,13,-1,,,544.0,965.6,,642.2858,536.14535,,,827.3512,,,,1368.93965,1681.9179,2035.7194,,,5486.6448,,,169.9677,198.29565,,153.78068,117.35894,,,242.8116,,,,404.686,526.0918,607.029,,,1699.6812,,,32.011,48.68900000000001,,41.76225,45.6634969,,,34.0963077,,,,33.8273033,31.9442725,33.5582989,,,32.280528,28_13
-3,NASS USDA,Cedar,,22,28,14,-1,,,,,,,,,,,,,,576.9686,786.52795,1028.7459,2718.82845,4757.2694,2296.9882,,,,,,,,,,,,,,182.1087,202.343,323.7488,890.3092,1294.9952,687.9662,,,,,,,,,,,,,,31.6752681,38.8711358,31.8097702999999,30.5992505,36.6518495,33.3565456,28_14
-3,NASS USDA,Chase,,22,28,15,-1,51816.0,,59622.4,33619.2,49776.0,19758.453,,48552.452,58948.773,84585.774,58785.48,81129.4055,35107.995,47409.401,41558.0685,62704.512,75601.93745,59359.72705,67905.39405,12788.046,,14083.038,11573.991,11169.306,8296.063,,12330.78242,13099.6858199999,16956.3433999999,15459.0052,16875.4062,13637.9182,13071.3578,14083.0728,17320.5608,18129.9328,15823.2226,18372.7444,40.55175,,42.36750000000001,29.052000000000003,44.58675,23.8065,,39.3418935,44.9909859,49.9003162,37.9968715,48.0845365,25.7571712999999,36.2483429,29.5232328999999,36.1810918,41.695682,37.660616,36.988105,28_15
-3,NASS USDA,Cherry,,22,28,16,-1,,,,,,,,,,,,,,,,,,4055.1095,3581.5598,,,,,,,,,,,,,,,,,,1254.5266,1133.1208,,,,,,,,,,,,,,,,,,32.280528,31.608017,28_16
-3,NASS USDA,Cheyenne,,22,28,17,-1,,,,76268.8,122400.0,127232.4625,,,134553.432,224228.5045,166449.998,231440.612,108862.0,154992.2725,212906.8565,185636.9255,203386.8746,194441.13975,221291.95205,,,,49816.7235,54470.601,56008.5424,,,59387.6705,74664.567,68634.7456,71819.62442,55441.9819999999,70253.4896,75514.4075999999,72398.3254,76242.8424,71993.6394,74664.567,,,,15.333000000000002,22.4615,22.7305,,,22.6636207,30.0612417,24.2776471,32.2132769,19.6373212,22.0583607999999,28.1782108999999,25.6226691,26.5641845,26.90044,29.6577351,28_17
-3,NASS USDA,Clay,,22,28,18,-1,,,,1297.4399999999998,1917.6,1423.37065,,1107.67085,2003.0608,2634.4604,2277.93735,9841.1248,2732.4362,2795.03185,6333.04685,5864.94025,8164.65,10573.22175,16928.041,,,,319.70115000000004,457.29405,384.4517,,315.65508,627.2633,756.76282,1044.08988,2181.25754,1052.1836,1092.6522,2144.8358,1740.1498,2185.3044,3399.3624,5867.947,,,,40.61900000000001,41.964000000000006,37.05475,,35.1050742,31.9442725,34.8360698,21.7893564,45.1254880999999,25.9589246,25.555418,29.5232328999999,33.6928011,37.3243605,31.2717615,28.8507218999999,28_18
-3,NASS USDA,Colfax,,22,28,19,-1,2700.96,,,,,,,,,,1058.68295,1281.85005,,704.88145,1047.79675,862.73135,1796.223,,2590.9156,517.9968,,,,,,,,,,445.1546,360.17054,,182.1087,283.2802,242.8116,485.6232,,728.4348,52.18600000000001,,,,,,,,,,23.8068894,35.5758319,,38.7366336,36.988105,35.5085808,36.988105,,35.5758319,28_19
-3,NASS USDA,Cuming,,22,28,20,-1,,,,,,,,,,,,,,,,,,,1333.5595,,,,,,,,,,,,,,,,,,,445.1546,,,,,,,,,,,,,,,,,,,29.9267395,28_20
-3,NASS USDA,Custer,,22,28,21,-1,,,,3508.8,,2190.84775,5206.32515,6055.44875,5146.45105,9040.9891,2955.6033,11430.51,,8493.95755,11607.41075,8681.7445,14609.2804,25144.40045,20340.8647,,,,1303.0857,,789.1377,1424.49472,1574.22854,1525.66622,2225.773,1290.94834,3371.03438,,2913.7392,4046.86,3682.6426,5220.44939999999,6758.2562,7729.5026,,,,26.967250000000003,,27.77425,36.5173473,38.4676292,33.7600522,40.6196644,22.865374,33.8945544,,29.1197262999999,28.7162197,23.6051361,27.9092065,37.3243605,26.2951801,28_21
-3,NASS USDA,Dakota,,22,28,22,-1,,,,,,,,,,,,,,,,,,,,,,,,,,,,,,,,,,,,,,,,,,,,,,,,,,,,,,,,,,28_22
-3,NASS USDA,Dawes,,22,28,23,-1,,,2105.28,16129.6,,15512.835,16536.1378,23770.0177,,25021.9307,27923.103,37230.804,12532.73775,27982.9771,34890.271,32522.5225,43114.7951,38341.1964,31662.5127,,,,6798.7080000000005,,6353.5702,6377.85136,7199.36394,,11153.14616,11250.2708,12480.5162399999,5948.88419999999,12181.0486,14528.2274,14244.9472,15459.0052,15216.1936,14164.01,,,,23.73925,,24.41175,25.9589246,33.0202901,,22.4618674,24.8156559,29.8594883999999,21.0495943,22.9998762,24.0086427,22.7981229,27.9092065,25.2191625,22.3273652,28_23
-3,NASS USDA,Dawson,,22,28,24,-1,,,65144.0,1950.24,2418.08,1992.1746,,,3042.6929,,,6939.9525,,3420.98835,7791.79765,4789.928,9138.9649,11275.38165,7674.771,,,635.35545,574.6527,473.48145,538.23238,,,801.27828,,,1897.97734,,1133.1208,2347.1788,1497.3382,2509.0532,2913.7392,2913.7392,,,33.15425,33.96125,51.11000000000001,36.9875,,,37.9968715,,,36.5845984,,30.1957438999999,33.2220434,32.0115236,36.315594,38.6693825,26.3624312,28_24
-3,NASS USDA,Deuel,,22,28,25,-1,52958.4,,,31987.2,62043.2,56200.0075,,54539.862,43814.23345,95515.5188,69236.232,111556.3345,46688.19025,76138.0828,105160.692,92565.3586,100392.5364,73666.9154,114958.272,18494.1045,,21165.0255,18655.9785,20112.8445,23148.0392,,21577.8575199999,23010.44596,31233.66548,27174.6649,31363.165,23916.9426,31120.3534,34195.967,33791.281,34115.0298,26264.1214,38242.827,28.6485,,30.8005,17.14875,30.86775,24.27725,,25.2864136,19.0320613,30.5992505,25.4881669,35.5758319,19.502819,24.4794004,30.7337527,27.3711977,29.590484,27.9092065,30.0612417,28_25
-3,NASS USDA,Dixon,,22,28,26,-1,,,,,,,,,,,,,,,,,,,,,,,,,,,,,,,,,,,,,,,,,,,,,,,,,,,,,,,,,,28_26
-3,NASS USDA,Dodge,,22,28,27,-1,655.52,,,,,,,,,,,,,,,,,,1703.6903,149.73345,,,,,,,,,,,,,,,,,,566.5604,43.77975,,,,,,,,,,,,,,,,,,30.0612417,28_27
-3,NASS USDA,Douglas,,22,28,28,-1,307.36,,,209.44,318.24,204.11625,,,,,702.1599,,742.98315,,,,,552.47465,631.3996,76.89015,,,72.8433,76.89015,76.89034,,,,,283.2802,,202.343,,,,,283.2802,242.8116,40.01375,,,28.783,41.42600000000001,26.56375,,,,,24.8156559,,36.7191006,,,,,19.502819,26.0261757,28_28
-3,NASS USDA,Dundy,,22,28,29,-1,40854.4,,52414.4,27499.2,46457.6,22316.71,49341.7015,44851.144,53995.552,63901.994,36196.615,53668.966,36332.6925,39353.613,41068.1895,52417.053,59068.5212,61820.00825,75822.383,10683.684,,13354.605,9469.629,10683.684,9793.4012,9833.8698,11391.9108999999,11735.894,12634.2969199999,11897.7683999999,13184.66988,14244.9472,12059.6428,11816.8312,14325.8843999999,14204.4786,18413.213,20962.7348,38.26525,,39.274,29.052000000000003,43.51075000000001,22.79775,50.1693205999999,39.3418935,45.9997524,50.5728272,30.3974972,40.6869155,25.4881669,32.6167835,34.7688187,36.5845984,41.695682,33.62555,36.1810918,28_29
-3,NASS USDA,Fillmore,,22,28,30,-1,2472.48,,,,1512.32,987.92265,1436.9784,1839.7678,1687.361,,3750.2959,3527.1288,2678.0052,2310.59595,3031.8067,4362.64465,3684.9787,4349.0369,14903.2078,489.66885,,,,343.98225,271.13962,368.26426,509.90436,396.59228,,1266.66718,874.12176,768.9034,768.9034,1052.1836,1294.9952,1133.1208,1375.9324,5179.9808,50.50475,,,,43.9815,36.4495,39.005638,36.1138407,42.5699463,,29.590484,40.35066,34.8360698,30.0612417,28.7834707999999,33.6928011,32.6167835,31.608017,28.7834707999999,28_30
-3,NASS USDA,Franklin,,22,28,31,-1,,,,3073.6,,5307.0225,5971.0807,6994.3835,6912.737,14056.80575,6330.3253,12350.3939,,12165.3285,17423.3631,24902.1825,22518.1047,26875.30625,32922.59035,,,,1582.31835,,1614.69714,1558.0411,1999.14884,2998.72325999999,3844.517,2877.31745999999,6029.8214,,4289.6716,6232.1644,7486.691,6636.8504,8215.1258,11371.6765999999,,,,19.43525,,32.88525,38.333127,34.970572,23.0671272999999,36.5845984,21.9911097,20.5115855,,28.3799642,27.9764576,33.2892945,33.9618055,32.6167835,28.917973,28_31
-3,NASS USDA,Frontier,,22,28,32,-1,,,26656.0,,,35298.5035,55710.1285,,,72311.5835,25827.5095,52634.777,13417.2415,54847.39715,63466.546,64963.3985,83728.48575,60124.4826,76965.434,,,8619.790500000001,,,8822.1548,12958.04572,,,15661.3482,12860.92108,19967.20724,9671.9954,17401.498,18332.2758,19586.8024,20274.7686,17968.0583999999,22905.2276,,,30.935,,,40.01375,42.9734529,,,46.2015057,20.1080789,26.3624312,13.8537266,31.5407658999999,34.6343165,33.1547923,41.3594265,33.62555,33.62555,28_32
-3,NASS USDA,Furnas,,22,28,33,-1,25268.8,,26547.2,24670.4,42459.2,30154.774,58760.98605,51314.82525,47050.1564,102303.0645,40415.0175,63711.4855,29583.2485,75386.935,68882.4305,83524.3695,99532.5266,101209.0014,105797.5347,8822.133,,12949.92,9267.2865,9793.377,9267.3094,13306.07568,14172.10372,13994.0418799999,19906.50434,20129.08164,25288.8281399999,18777.4304,21003.2034,22217.2614,22864.759,23309.9136,28328.02,31403.6336,28.6485,,20.511250000000004,26.631000000000004,43.37625,32.549,44.1839727,36.1810918,33.62555,51.3798404,20.1080789,25.2191625,15.7367573999999,35.9120874,31.0027571,36.5173473,42.7044485,35.643083,33.6928011,28_33
-3,NASS USDA,Gage,,22,28,34,-1,5331.2,,,7724.799999999999,5739.2,2449.395,3619.6615,5690.76105,7516.9211,10812.71815,6539.88465,19254.96625,24771.5481,20153.07775,23535.9644,26023.4611,29490.7158,30837.88305,33654.6873,1246.4298,,,1752.2860500000002,1335.4605,809.372,918.63722,1440.68216,2250.05416,2796.38026,3678.59573999999,6070.29,6758.2562,6758.2562,8174.6572,8457.93739999999,9105.435,12990.4206,17158.6864,42.77100000000001,,,44.116,42.97275,30.2625,39.4091446,39.4763957,33.4237967,38.6693825,17.7542904,31.7425192,36.6518495,29.7922372999999,28.7834707999999,30.8010037999999,32.280528,23.8741405,19.6373212,28_34
-3,NASS USDA,Garden,,22,28,35,-1,,,27907.2,13436.8,38732.8,32522.5225,,,29795.5294,,45368.2385,65262.769,19159.712,39576.7801,64337.442,46914.0789,61425.3835,45313.8075,56240.83075,,,11250.243,10198.062,11412.117,11735.894,,,13043.0297799999,,16329.0801,17624.0753,10926.5219999999,16349.3144,20031.957,17968.0583999999,20436.643,15661.3482,17441.9666,,,24.81525,13.181000000000004,33.96125,27.707,,,22.865374,,27.7747042999999,37.0553561,17.5525371,24.210396,32.1460258,26.0934267999999,29.9267395,28.917973,32.2132769,28_35
-3,NASS USDA,Garfield,,22,28,36,-1,,,,,,,,,,,,,,,,,,,,,,,,,,,,,,,,,,,,,,,,,,,,,,,,,,,,,,,,,,28_36
-3,NASS USDA,Gosper,,22,28,37,-1,,,,12648.0,7235.2,5796.9015,14949.47415,14557.57095,9528.14655,23046.0854,12709.6385,22779.3735,6338.48995,14720.86395,14029.59025,21092.0125,25615.2286,,30508.5755,,,,3419.58825,1982.9565,1861.5556,3411.50297999999,4411.0774,2962.30152,4775.2948,5451.12042,7345.0509,3358.8938,3965.9228,3844.517,5341.8552,5746.5412,,8457.93739999999,,,,36.9875,36.51675,31.13675,43.8477172,33.0202901,32.1460258,48.2862898,23.3361317,31.0027571,18.8975591,37.1226072,36.5173473,39.4763957,44.7219815,,36.0465896,28_37
-3,NASS USDA,Grant,,22,28,38,-1,,,,,,,,,,,,,,,,,,,,,,,,,,,,,,,,,,,,,,,,,,,,,,,,,,,,,,,,,,28_38
-3,NASS USDA,Greeley,,22,28,39,-1,,,,,,,,,,,,,,,,,,,2933.8309,,,,,,,,,,,,,,,,,,,890.3092,,,,,,,,,,,,,,,,,,,32.953039,28_39
-3,NASS USDA,Hall,,22,28,40,-1,,,,,,269.43345,,,,,,,,,,,,1363.49655,3524.40725,,,,,,89.03092,,,,,,,,,,,,728.4348,1294.9952,,,,,,30.2625,,,,,,,,,,,,18.830308,27.2366955,28_40
-3,NASS USDA,Hamilton,,22,28,41,-1,,,,,,1393.4336,1132.1648,1752.6782,,,1450.58615,2988.2619,3110.73165,2242.5572,2378.6347,3178.7704,3938.08285,3154.27645,11849.6287,,,,,,388.49856,254.95218,477.52948,,,526.0918,906.49664,1011.715,809.372,809.372,1052.1836,1173.5894,1133.1208,3682.6426,,,,,,35.844249999999995,44.385726,36.7191006,,,27.572951,32.953039,30.7337527,27.7074532,29.3887307,30.1957438999999,33.62555,27.9092065,32.1460258,28_41
-3,NASS USDA,Harlan,,22,28,42,-1,,,17353.6,19284.8,16456.0,13852.6895,26769.1658,19124.33185,,42518.77565,18808.63205,29202.2315,17338.99505,36076.8668,37072.9541,45994.195,47485.6044,42518.77565,48721.1881,,,5786.9955,5786.9955,4249.1925,4330.1402,5892.22816,6313.1016,,9360.38718,8725.03016,13192.7636,9105.435,10076.6814,11169.3336,12990.4206,11331.208,11978.7056,14892.4448,,,29.9935,33.356,38.736,32.011,45.4617435999999,30.262995,,45.3944925,21.5876031,22.1256119,19.0320613,35.7775852,33.2220434,35.3740786,42.0319375,35.643083,32.6840346,28_42
-3,NASS USDA,Hayes,,22,28,43,-1,34816.0,,,,,19867.315,,34035.7043,29920.7207,,26290.173,46511.2895,13716.612,33494.11585,40088.4315,45694.8245,57549.8963,36857.95165,52000.65585,9024.4755,,,,,7001.0678,,9024.4978,7644.51854,,9283.49684,14002.1356,5220.44939999999,10279.0244,13233.2322,14244.9472,13880.7298,13556.981,15944.6284,38.6015,,,,,28.3795,,37.7278671,39.1401402,,28.3127131,33.2220434,26.2951801,32.6167835,30.262995,32.0787747,41.3594265,27.2366955,32.6167835,28_43
-3,NASS USDA,Hitchcock,,22,28,44,-1,68272.0,,52414.4,44825.6,67320.0,49396.1325,97393.3883,80625.91875,76502.7705,107229.07,48661.314,66950.13,45912.5485,89157.978,82816.7665,101486.5995,103772.7015,75337.9471,85995.5369,18534.573,,18655.9785,17644.266,18898.789500000003,17361.0294,20897.98504,21246.015,19109.27292,21003.2034,20513.5333399999,26790.2132,20436.643,25454.7494,22945.6962,28328.02,26952.0876,25333.3436,27478.1794,36.853,,28.1105,25.4205,35.642500000000005,28.44675,46.6050123,37.9296204,40.0144045,51.0435849,23.7396382999999,25.0174092,22.4618674,35.0378231,36.1138407,35.8448363,38.6693825,29.590484,31.2717615,28_44
-3,NASS USDA,Holt,,22,28,45,-1,,,,,,,,,,4436.1265,,,,,5524.7465,,10608.6019,18318.75305,35657.7481,,,,,,,,,,1052.1836,,,,,1821.087,,4208.7344,5867.947,9874.3384,,,,,,,,,,42.1664397,,,,,30.3302461,,25.2191625,31.2717615,36.1138407,28_45
-3,NASS USDA,Hooker,,22,28,46,-1,,,,,,,,,,,,,,,,,,,,,,,,,,,,,,,,,,,,,,,,,,,,,,,,,,,,,,,,,,28_46
-3,NASS USDA,Howard,,22,28,47,-1,,,,,,,,,,1466.91545,,1273.6854,,,,1940.46515,3456.3685,6292.2236,4974.9934,,,,,,,,,,343.9831,,404.686,,,,647.4976,1254.5266,1902.0242,1861.5556,,,,,,,,,,42.6371974,,31.4735147999999,,,,29.9939906,27.572951,32.953039,26.6986867,28_47
-3,NASS USDA,Jefferson,,22,28,48,-1,12484.8,,,9628.8,7888.0,6096.272,6341.2115,7252.93075,7595.84605,10725.62855,6528.99845,11702.665,17744.506,12981.7935,14484.0891,20378.9664,20136.74845,22251.3928,24681.73695,2420.0163,,,2189.34585,1675.3959,1578.2754,1501.38506,2181.25754,2019.38314,2683.06817999999,2897.55176,3953.78222,4653.889,4411.0774,5018.1064,6029.8214,6272.633,8215.1258,11371.6765999999,51.648,,,43.9815,47.075,38.6015,42.2336908,33.2220434,37.5933649,39.9471534,22.5291185,29.590484,38.1313737,29.4559817999999,28.8507218999999,33.8273033,31.9442725,27.2366955,21.7221052999999,28_48
-3,NASS USDA,Johnson,,22,28,49,-1,2545.92,,2992.0,1729.9199999999998,,1464.1939,1611.1576,1869.70485,1937.7436,3646.877,1317.2302,3821.0562,5263.4777,4340.87225,4817.1435,3274.02465,6025.5117,6050.00565,8825.98665,602.98065,,740.5735500000001,428.9661,,461.34204,493.71692,509.90436,631.31016,1044.08988,813.41886,1307.13578,1578.2754,1497.3382,1699.6812,1335.4638,2063.8986,2630.459,3277.9566,42.233,,40.41725,40.35,,31.742,32.6167835,36.6518495,30.6665016,34.9033209,16.2075151,29.2542285,33.3565456,28.9852241,28.3127131,24.5466515,29.2542285,22.865374,26.90044,28_49
-3,NASS USDA,Kearney,,22,28,50,-1,3318.4,,,2535.04,6772.799999999999,4517.773,6079.9427,5255.31305,7974.1415,10682.08375,5826.83855,7767.3037,7786.35455,7437.99615,,11248.16615,12410.268,14217.3772,18468.4383,1331.41365,,,1088.60265,1598.50575,1343.55752,1359.74496,1675.40004,2529.2875,2407.8817,2290.52276,2630.459,2670.9276,2347.1788,,3520.7682,3561.2368,4289.6716,5827.4784,24.94975,,,23.268500000000003,42.36750000000001,33.625,44.7219815,31.3390126,31.5407658999999,44.385726,25.4209157999999,29.5232328999999,29.1197262999999,31.6752681,,31.9442725,34.970572,33.2892945,31.6752681,28_50
-3,NASS USDA,Keith,,22,28,51,-1,23011.2,,22276.8,,24643.2,24956.6135,38033.66125,41258.698,47273.3235,68147.612,33583.927,61370.9525,23405.33,46973.953,47463.832,39789.061,65847.90225,69603.64125,83388.292,6555.897,,7891.3575,,7365.267000000001,9186.3722,10821.30364,10805.1162,13342.49742,17239.6236,11262.41138,17191.0612799999,10521.836,15256.6621999999,16066.0342,16268.3771999999,18210.87,19505.8652,22055.387,35.1045,,28.245,,33.4905,27.169,35.1723253,38.1986248,35.4413297,39.5436468,29.7922372999999,35.7103341,22.2601141,30.8010037999999,29.5232328999999,24.4794004,36.315594,35.643083,37.7951182,28_51
-3,NASS USDA,Keya Paha,,22,28,52,-1,,,,,,,,,,,,,,,,718.4892,220.44555,,470.82815,,,,,,,,,,,,,,,,202.343,121.4058,,202.343,,,,,,,,,,,,,,,,35.5085808,18.157797,,23.2688806,28_52
-3,NASS USDA,Kimball,,22,28,53,-1,47056.0,,56168.0,18224.0,,72747.0315,,85701.6095,70597.007,81455.9915,61915.2625,97975.8,54376.569,63793.132,88014.927,75441.366,79246.0929,75974.7898,69603.64125,28570.761,,31767.772500000003,31160.745000000003,,32739.0974,,36219.397,34374.02884,42560.82662,36276.05304,39214.0734,35045.8076,38364.2328,40428.1314,37635.798,43220.4648,44555.9286,42694.373,16.47625,,17.686750000000004,5.85075,,22.1925,,23.6723872,20.5115855,19.1665635,17.0817794,25.0174092,15.5350041,16.6110217,21.7893564,20.0408278,18.4940525,17.1490305,16.2747662,28_53
-3,NASS USDA,Knox,,22,28,54,-1,,,1036.32,,,,,,,2106.4797,,2827.69045,,2166.3538,,3592.446,7168.5627,,6561.65705,,,420.8724,,,,,,,477.52948,,853.88746,,546.3261,,1173.5894,2509.0532,,1821.087,,,24.6135,,,,,,,44.1167215999999,,33.0875412,,39.678149,,30.5992505,28.5817175,,36.0465896,28_54
-3,NASS USDA,Lancaster,,22,28,55,-1,,,,1670.08,,,,2024.8332,,3048.136,2209.8986,5633.6085,6139.8168,5497.531,6164.31075,7212.1075,10099.67205,9446.50005,16476.2637,,,,384.45075,,,,530.13866,,712.24736,1214.058,1513.52564,1821.087,1497.3382,2063.8986,2023.43,2751.8648,4006.3914,6232.1644,,,,43.44349999999999,,,,38.1986248,,42.7716996,18.2250481,37.1898583,33.6928011,36.7191006,29.8594883999999,35.643083,36.6518495,23.537885,26.4296822999999,28_55
-3,NASS USDA,Lincoln,,22,28,56,-1,11016.0,,,4569.599999999999,11451.2,10042.5195,,16726.6463,,30508.5755,15186.249,34155.4525,12927.3625,22071.7705,26290.173,22861.02,35132.48895,39122.28125,33085.88335,2853.02925,,,2084.12775,2824.7013,3087.75418,,4674.1233,,7272.20742,5592.76052,9279.44998,4815.7634,6920.13059999999,8457.93739999999,8660.2804,10440.8987999999,11452.6138,10319.493,38.6015,,,21.923500000000004,40.55175,32.549,,35.7775852,,41.9646864,27.1694443999999,36.7863517,26.8331888999999,31.8770213999999,31.0700082,26.4296822999999,33.62555,34.298061,32.0787747,28_56
-3,NASS USDA,Logan,,22,28,57,-1,,,,,,,,,,,,,,1328.1164,1480.5232,1556.7266,,,5315.18715,,,,,,,,,,,,,,526.0918,566.5604,647.4976,,,1821.087,,,,,,,,,,,,,,25.2191625,26.1606779,24.0758937999999,,,29.1869773999999,28_57
-3,NASS USDA,Loup,,22,28,58,-1,,,,,,,,,,,,,,,,,,,,,,,,,,,,,,,,,,,,,,,,,,,,,,,,,,,,,,,,,,28_58
-3,NASS USDA,Madison,,22,28,59,-1,,,,,,,,,,,,,,,,,,,3559.7874,,,,,,,,,,,,,,,,,,,1214.058,,,,,,,,,,,,,,,,,,,29.3214796,28_59
-3,NASS USDA,McPherson,,22,28,60,-1,,,,,,,,,,,,,,,,,,,,,,,,,,,,,,,,,,,,,,,,,,,,,,,,,,,,,,,,,,28_60
-3,NASS USDA,Merrick,,22,28,61,-1,,,,1218.56,1865.92,,,,,,,,,590.57635,2868.5137,1230.1406,3633.26925,3303.9617,6586.151,,,,356.12280000000004,534.1842,,,,,,,,,263.0459,971.2464,526.0918,1173.5894,1456.8696,2549.5218,,,,34.23025,34.970000000000006,,,,,,,,,22.4618674,29.5232328999999,23.4033827999999,30.935506,22.5291185,25.8244224,28_61
-3,NASS USDA,Morrill,,22,28,62,-1,24452.8,,12076.8,12865.6,19230.4,23595.8385,30590.222,25500.9235,26317.3885,42782.766,25147.122,37475.7435,30454.1445,24303.4415,38156.131,25065.4755,32253.08905,28633.42755,31395.8008,6232.149,,6151.212,8012.763,7567.6095,7446.2224,7996.59536,7830.6741,8340.57846,10752.50702,9862.19782,9854.1041,9995.7442,9226.8408,10886.0533999999,9752.9326,10724.179,9712.464,9429.18379999999,39.274,,19.637,16.07275,25.4205,31.67475,38.2658759,32.5495324,31.5407658999999,39.8126512,25.4881669,38.0641226,30.4647482999999,26.3624312,35.0378231,25.6899202,29.9267395,29.590484,33.2892945,28_62
-3,NASS USDA,Nance,,22,28,63,-1,,,,,,,,,,,,1564.89125,,993.36575,1785.3368,3184.2135,4604.8626,,8755.22635,,,,,,,,,,,,400.63914,,343.9831,526.0918,1092.6522,1416.401,,2630.459,,,,,,,,,,,,39.0728891,,28.8507218999999,33.9618055,29.1197262999999,32.6167835,,33.2892945,28_63
-3,NASS USDA,Nemaha,,22,28,64,-1,1969.28,,,,1686.4,947.0994,1072.2907,917.16235,1004.25195,1886.03415,748.42625,,3184.2135,2201.73395,3494.4702,2775.981,7114.1317,5418.60605,7522.3642,416.82555,,,,420.8724,271.13962,271.13962,315.65508,279.23334,465.3889,400.63914,,971.2464,687.9662,1173.5894,930.7778,2063.8986,2144.8358,2792.3334,47.27675000000001,,,,40.081,34.90275,39.5436468,29.0524752,35.9793385,40.5524133,18.6958058,,32.8185368,32.0115236,29.7922372999999,29.7922372999999,34.6343165,25.2191625,26.9676911,28_64
-3,NASS USDA,Nuckolls,,22,28,65,-1,10336.0,,,8649.6,,10069.735,13430.84925,12717.80315,,29474.3865,22030.94725,37981.9518,30454.1445,29096.09105,41163.44375,47205.28475,44358.54345,51878.1861,54978.03155,2646.6399,,,2747.81115,,2743.77108,3205.11312,4492.01459999999,,7769.9712,9417.04322,10667.52296,11209.8022,11331.208,15094.7878,14851.9762,14487.7588,16754.0004,21974.4498,39.07225,,,31.473,,36.7185,41.8974353,28.3127131,,37.9296204,23.4033827999999,35.5758319,27.1694443999999,25.6899202,27.2366955,31.8097702999999,30.5992505,30.935506,25.0174092,28_65
-3,NASS USDA,Otoe,,22,28,66,-1,,,,742.56,,805.5788,,1088.62,1592.10675,,1045.0752,,2993.705,3837.3855,4599.4195,4860.6883,8831.42975,5644.4947,8600.098,,,,214.48305,,194.24928,,392.54542,437.06088,,659.63818,,849.8406,1173.5894,1537.8068,1537.8068,2387.6474,2468.5846,3197.0194,,,,34.63375,,41.49325,,27.7074532,36.4500962,,15.8712596,,35.2395764,32.6840346,29.9267395,31.608017,36.988105,22.865374,26.90044,28_66
-3,NASS USDA,Pawnee,,22,28,67,-1,1781.6,,,1936.64,,1540.3973,,2996.42655,3298.5186,5334.238,1624.76535,5203.6036,9128.0787,5674.43175,6069.0565,6286.7805,10279.29435,8521.17305,13602.3069,339.9354,,,445.1535,,497.76378,,825.55944,955.05896,1246.43288,1072.4179,1995.10198,2468.5846,2023.43,2468.5846,2387.6474,3358.8938,4087.3286,5948.88419999999,52.455000000000005,,,43.51075000000001,,30.935,,36.315594,34.5670654,42.7716996,15.1314975,26.0934267999999,36.988105,28.0437087,24.6139026,26.3624312,30.5992505,20.847841,22.865374,28_67
-3,NASS USDA,Perkins,,22,28,68,-1,84156.79999999999,,99524.8,47654.4,85761.59999999999,59738.0225,126688.1525,114250.669,105079.0455,151018.8095,118360.2095,188249.6135,70079.9125,84531.343,112563.308,97023.2575,125038.8932,143670.6245,162177.1645,21772.053,,32617.611,25050.0015,22945.6395,22338.6672,29542.0779999999,29218.3292,31686.9138,37987.87482,35547.6182399999,43329.7300199999,29299.2664,31120.3534,38485.6386,38404.7014,39456.885,43341.8706,51597.465,38.66875,,30.5315,19.03175,37.391000000000005,26.7655,42.9062018,39.0728891,33.1547923,39.7454001,33.2892945,43.4442105999999,23.9413916,27.1694443999999,29.2542285,25.2864136,31.608017,33.2892945,31.4062637,28_68
-3,NASS USDA,Phelps,,22,28,69,-1,,,,,,,3769.34675,4479.6713,,,3799.2838,3567.95205,2446.67345,4681.066,3347.5065,5342.40265,6229.62795,,12818.5005,,,,,,,789.1377,1019.80872,,,1343.55752,1052.1836,971.2464,1052.1836,1052.1836,1416.401,1537.8068,,3884.9856,,,,,,,47.748281,43.9149683,,,28.245462,33.8945544,25.2191625,44.5202282,31.8097702999999,37.7278671,40.35066,,33.0202901,28_69
-3,NASS USDA,Pierce,,22,28,70,-1,,,,,,,,,,,,,,,,849.1236,,2814.0827,4896.06845,,,,,,,,,,,,,,,,283.2802,,930.7778,1659.2126,,,,,,,,,,,,,,,,29.9939906,,30.262995,29.5232328999999,28_70
-3,NASS USDA,Platte,,22,28,71,-1,,,,,318.24,285.76275,849.1236,,,,,,996.0873,1153.9372,1583.9421,2362.3054,,,4885.18225,,,,,105.2181,72.84348,206.38986,,,,,,364.2174,323.7488,485.6232,728.4348,,,1578.2754,,,,,30.262500000000003,39.20675,41.1576732,,,,,,27.3711977,35.643083,32.6167835,32.4150302,,,30.935506,28_71
-3,NASS USDA,Polk,,22,28,72,-1,,,,,,,,,,,,,,835.51585,,1126.7217,,,2536.4846,,,,,,,,,,,,,,242.8116,,364.2174,,,1133.1208,,,,,,,,,,,,,,34.4325632,,30.935506,,,22.3946162999999,28_72
-3,NASS USDA,Red Willow,,22,28,73,-1,50891.2,,49939.2,42078.4,72841.59999999999,48280.297,95335.8965,,105770.3192,,48389.159,75196.4265,32685.8155,92832.0705,87878.8495,91852.3125,97907.76125,92739.5378,101236.2169,16349.274,,17158.644,13637.8845,15823.1835,13597.4496,17567.41926,,23540.5846199999,,22945.6962,26952.0876,19020.242,24443.0344,22702.8846,23916.9426,23350.3822,24402.5658,27397.2422,31.136750000000003,,29.11925,30.86775,46.06625,35.508,54.2716377,,44.9237348,,21.1168454,27.9092065,17.2162816,37.9968715,38.7366336,38.4003781,42.0319375,37.9968715,36.9208539,28_73
-3,NASS USDA,Richardson,,22,28,74,-1,1623.84,,3563.2,1175.04,1515.04,947.0994,,,,2476.6105,966.15025,2503.826,4653.8505,3293.0755,5062.083,3265.86,8197.3086,7111.41015,6662.3544,303.51375,,760.8078,214.48305,380.4039,271.13962,,,,522.04494,586.7947,752.71596,1214.058,1052.1836,1456.8696,1092.6522,2023.43,2711.3962,2751.8648,53.53099999999999,,46.873250000000006,54.80875,39.87925,34.90275,,,,47.4120255,16.4765195,33.2892945,38.333127,31.2717615,34.7688187,29.8594883999999,40.35066,26.227929,24.210396,28_74
-3,NASS USDA,Rock,,22,28,75,-1,,,,,,,,,,,,,,,,,,,1978.56685,,,,,,,,,,,,,,,,,,,607.029,,,,,,,,,,,,,,,,,,,32.6167835,28_75
-3,NASS USDA,Saline,,22,28,76,-1,,,378.08,4406.4,3508.8,2430.34415,3140.6687,2487.4967,4082.325,5851.3325,5690.76105,8442.2481,11223.6722,9658.78095,10878.03535,12481.0283,13890.7912,13117.871,20008.8356,,,562.51215,959.10345,914.5881,760.80968,894.35606,995.52756,1311.18264,1740.1498,2594.03726,3010.86384,3642.174,3480.2996,4127.7972,4330.1402,4653.889,5260.918,8174.6572,,,6.725000000000001,45.99900000000001,38.39975,31.94375,35.1050742,25.0174092,31.1372592999999,33.62555,21.9238586,28.0437087,30.8010037999999,27.7747042999999,26.3624312,28.8507218999999,29.9267395,24.882907,24.4794004,28_76
-3,NASS USDA,Sarpy,,22,28,77,-1,,,,,,,,,,,,,,,,,1110.3924,571.5255,952.5425,,,,,,,,,,,,,,,,,323.7488,283.2802,323.7488,,,,,,,,,,,,,,,,,34.298061,20.17533,29.4559817999999,28_77
-3,NASS USDA,Saunders,,22,28,78,-1,5249.599999999999,,821.4399999999999,1569.4399999999998,2801.6,1303.62245,1739.07045,,,,2408.57175,3078.07305,3954.41215,1559.44815,2795.03185,1951.35135,3878.20875,4906.95465,8425.9188,918.63495,,433.0129500000001,319.70115000000004,534.1842,307.56136,412.77972,,,,841.74688,667.7319,971.2464,445.1546,890.3092,647.4976,1092.6522,1821.087,2832.802,57.16250000000001,,18.9645,49.0925,52.455000000000005,42.3675,42.0991886,,,,28.5817175,46.0670035,40.6869155,35.0378231,31.4062637,30.1284927999999,35.643083,26.90044,29.7249862,28_78
-3,NASS USDA,Scotts Bluff,,22,28,79,-1,,,,,,,,,7103.2455,,18288.816,14614.7235,,,,11185.5705,16628.6705,13128.7572,10132.33065,,,,,,,,,2290.52276,,5240.6837,3646.22086,,,,4127.7972,5139.5122,4613.4204,4127.7972,,,,,,,,,31.0027571,,34.9033209,40.0816556,,,,27.1021932999999,32.280528,28.5817175,24.5466515,28_79
-3,NASS USDA,Seward,,22,28,80,-1,,,,,,,,1189.31735,,1592.10675,,3048.136,2147.30295,1085.89845,1788.05835,1975.8453,3274.02465,,8311.6137,,,,,,,,319.70194,,400.63914,,781.04398,607.029,343.9831,566.5604,647.4976,1011.715,,3237.488,,,,,,,,37.1898583,,39.7454001,,39.005638,35.3740786,31.5407658999999,31.5407658999999,30.5319993999999,32.280528,,25.6899202,28_80
-3,NASS USDA,Sheridan,,22,28,81,-1,27771.2,,,21270.4,30409.6,24711.674,30780.7305,34971.9175,27433.224,45885.333,41095.405,59465.8675,42755.5505,36468.77,61425.3835,55791.775,55840.7629,60328.59885,46309.8948,7284.33,,,9469.629,8822.133,8984.029199999999,9380.62148,11132.91186,9425.13694,16911.82794,15600.6453,18947.39852,14366.353,14568.696,21043.672,19870.0825999999,21569.7638,21367.4208,19910.5511999999,38.130750000000006,,,22.4615,34.49925,27.50525,32.8185368,31.4062637,29.1197262999999,27.1021932999999,26.3624312,31.4062637,29.7922372999999,25.0174092,29.1869773999999,28.1109597999999,25.8916735,28.245462,23.2688806,28_81
-3,NASS USDA,Sherman,,22,28,82,-1,,,,,,,,,,,,,,,,1951.35135,,,4991.3227,,,,,,,,,,,,,,,,607.029,,,1578.2754,,,,,,,,,,,,,,,,32.1460258,,,31.608017,28_82
-3,NASS USDA,Sioux,,22,28,83,-1,,,,,,,,4245.618,3674.0925,6994.3835,6803.875,8572.8825,,,,4817.1435,4939.61325,3913.5889,1537.67575,,,,,,,,870.0749,955.05896,1525.66622,1760.3841,2027.47686,,,,1497.3382,1416.401,1254.5266,890.3092,,,,,,,,48.8242985999999,38.4676292,45.8652502,38.6693825,42.3009419,,,,32.1460258,34.970572,31.2717615,17.2835327,28_83
-3,NASS USDA,Stanton,,22,28,84,-1,,,,,,,,,,,,,,,,,,,2503.826,,,,,,,,,,,,,,,,,,,809.372,,,,,,,,,,,,,,,,,,,30.935506,28_84
-3,NASS USDA,Thayer,,22,28,85,-1,8676.8,,356122.8,7915.2,6120.0,5851.3325,,,10184.0401,17553.9975,13341.0381,22504.49695,21712.5259,18370.4625,23141.33965,31493.7766,31156.3044,33036.89545,42415.35675,1926.3006,,1845.3636,1970.81595,1707.7707,1796.80584,,,2751.8648,4342.28078,5232.58998,7057.72384,6596.3818,6758.2562,9105.435,9833.8698,8822.1548,11371.6765999999,17118.2178,45.0575,,16.07275,40.215500000000006,35.84425,32.549,,,36.988105,40.4179111,25.4881669,31.8770213999999,32.8857879,27.1694443999999,25.4209157999999,32.0115236,35.3068275,28.917973,24.7484047999999,28_85
-3,NASS USDA,Thomas,,22,28,86,-1,,,,,,,,,,,,,,,,,,,,,,,,,,,,,,,,,,,,,,,,,,,,,,,,,,,,,,,,,,28_86
-3,NASS USDA,Thurston,,22,28,87,-1,,,,,,,,,,,,1009.69505,,,816.465,2008.5039,1197.482,,,,,,,,,,,,,,242.8116,,,242.8116,485.6232,323.7488,,,,,,,,,,,,,,41.5611798,,,33.62555,41.3594265,36.988105,,,28_87
-3,NASS USDA,Valley,,22,28,88,-1,,,,,,,,,,2612.688,470.82815,,,,,1559.44815,,5051.1968,3298.5186,,,,,,,,,,594.88842,258.99904,,,,,566.5604,,1294.9952,1254.5266,,,,,,,,,,43.9149683,18.157797,,,,,27.5056998999999,,39.005638,26.2951801,28_88
-3,NASS USDA,Washington,,22,28,89,-1,,,,,,,,,,,,,,,,,,,805.5788,,,,,,,,,,,,,,,,,,,283.2802,,,,,,,,,,,,,,,,,,,28.4472152999999,28_89
-3,NASS USDA,Wayne,,22,28,90,-1,,,,,,,,,,,,,,,,,,,849.1236,,,,,,,,,,,,,,,,,,,242.8116,,,,,,,,,,,,,,,,,,,34.970572,28_90
-3,NASS USDA,Webster,,22,28,91,-1,8921.6,,,13736.0,17435.2,15485.6195,16957.97805,19793.83315,22485.4461,33853.36045,12614.38425,25070.9186,,20112.2545,35674.0774,38863.734,32797.39905,38792.9737,45809.1296,4249.1925,,,4492.0035,4815.7515,4815.7634,5099.0436,6203.83638,7595.95622,8943.56059999999,7713.31516,11476.89496,,9226.8408,12100.1114,13030.8892,9995.7442,12788.0776,18291.8072,20.982000000000003,,,30.598750000000003,36.24775,32.1455,33.2892945,31.8770213999999,29.590484,37.8623693,16.3420173,21.8566075,,21.7893564,29.4559817999999,29.7922372999999,32.953039,30.262995,25.0174092,28_91
-3,NASS USDA,Wheeler,,22,28,92,-1,,,,,,,,,,,,,,,,,,,3804.7269,,,,,,,,,,,,,,,,,,,1052.1836,,,,,,,,,,,,,,,,,,,36.1810918,28_92
-3,NASS USDA,York,,22,28,93,-1,,,,,,,,,,,,,,,772.9202,1747.2351,1445.14305,,7190.3351,,,,,,,,,,,,,,,242.8116,485.6232,445.1546,,2509.0532,,,,,,,,,,,,,,,31.8097702999999,35.9793385,32.6167835,,28.6489686,28_93
-2,NASS USDA,Nevada,,22,29,-1,-1,,,,,,,,24493.95,40278.94,17717.2905,17690.075,28576.275,35516.2275,31760.4885,36006.1065,16764.748,23514.192,30154.774,35107.995,,,,,,,,3237.488,5665.604,3642.174,3237.488,4046.86,6070.29,6070.29,4856.232,2428.116,3642.174,4451.546,5260.918,,,,,,,,75.6574875,71.09402,48.6449623333333,54.6415187499999,70.613655,58.508457,52.3213558,74.1443377499999,69.0444626666666,64.561056,67.7401989090909,66.7337838461538,29_-1
-3,NASS USDA,Carson City,,22,29,1,-1,,,,,,,,,,,,,,,,,,,,,,,,,,,,,,,,,,,,,,,,,,,,,,,,,,,,,,,,,,29_1
-3,NASS USDA,Churchill,,22,29,2,-1,,,,,,,,,,,,,,,,,,,1632.93,,,,,,,,,,,,,,,,,,,242.8116,,,,,,,,,,,,,,,,,,,67.2511,29_2
-3,NASS USDA,Clark,,22,29,3,-1,,,,,,,,,,,,,,,,,,,,,,,,,,,,,,,,,,,,,,,,,,,,,,,,,,,,,,,,,,29_3
-3,NASS USDA,Douglas,,22,29,4,-1,,,,,,,,,,,,,,,,,,,,,,,,,,,,,,,,,,,,,,,,,,,,,,,,,,,,,,,,,,29_4
-3,NASS USDA,Elko,,22,29,5,-1,,,,,,,,,,,,,,,,,,,,,,,,,,,,,,,,,,,,,,,,,,,,,,,,,,,,,,,,,,29_5
-3,NASS USDA,Esmeralda,,22,29,6,-1,,,,,,,,,,,,,,,,,,,,,,,,,,,,,,,,,,,,,,,,,,,,,,,,,,,,,,,,,,29_6
-3,NASS USDA,Eureka,,22,29,7,-1,,,,,,,,,,,,,,,,,,,,,,,,,,,,,,,,,,,,,,,,,,,,,,,,,,,,,,,,,,29_7
-3,NASS USDA,Humboldt,,22,29,8,-1,,,,,,,,,,,,,,,,,,4817.1435,18697.0485,,,,,,,,,,,,,,,,,,687.9662,2751.8648,,,,,,,,,,,,,,,,,,69.941144,68.1807475588235,29_8
-3,NASS USDA,Lander,,22,29,9,-1,,,,,,,,,,,,,,,,,,,,,,,,,,,,,,,,,,,,,,,,,,,,,,,,,,,,,,,,,,29_9
-3,NASS USDA,Lincoln,,22,29,10,-1,,,,,,,,,,,,,,,,,,,,,,,,,,,,,,,,,,,,,,,,,,,,,,,,,,,,,,,,,,29_10
-3,NASS USDA,Lyon,,22,29,11,-1,,,,,,,,,,,,,,,,,,,,,,,,,,,,,,,,,,,,,,,,,,,,,,,,,,,,,,,,,,29_11
-3,NASS USDA,Mineral,,22,29,12,-1,,,,,,,,,,,,,,,,,,,,,,,,,,,,,,,,,,,,,,,,,,,,,,,,,,,,,,,,,,29_12
-3,NASS USDA,Nye,,22,29,13,-1,,,,,,,,,,,,,,,,,,,,,,,,,,,,,,,,,,,,,,,,,,,,,,,,,,,,,,,,,,29_13
-3,NASS USDA,Pershing,,22,29,14,-1,,,,,,,,,,,,,,,,,,1986.7315,12328.6215,,,,,,,,,,,,,,,,,,323.7488,1821.087,,,,,,,,,,,,,,,,,,61.5347565,67.4453809555555,29_14
-3,NASS USDA,Storey,,22,29,15,-1,,,,,,,,,,,,,,,,,,,,,,,,,,,,,,,,,,,,,,,,,,,,,,,,,,,,,,,,,,29_15
-3,NASS USDA,Washoe,,22,29,16,-1,,,,,,,,,,,,,,,,,,,,,,,,,,,,,,,,,,,,,,,,,,,,,,,,,,,,,,,,,,29_16
-3,NASS USDA,White Pine,,22,29,17,-1,,,,,,,,,,,,,,,,,,,,,,,,,,,,,,,,,,,,,,,,,,,,,,,,,,,,,,,,,,29_17
-3,NASS USDA,Belknap,,22,30,1,-1,,,,,,,,,,,,,,,,,,,,,,,,,,,,,,,,,,,,,,,,,,,,,,,,,,,,,,,,,,30_1
-3,NASS USDA,Carroll,,22,30,2,-1,,,,,,,,,,,,,,,,,,,,,,,,,,,,,,,,,,,,,,,,,,,,,,,,,,,,,,,,,,30_2
-3,NASS USDA,Cheshire,,22,30,3,-1,,,,,,,,,,,,,,,,,,,,,,,,,,,,,,,,,,,,,,,,,,,,,,,,,,,,,,,,,,30_3
-3,NASS USDA,Coos,,22,30,4,-1,,,,,,,,,,,,,,,,,,,,,,,,,,,,,,,,,,,,,,,,,,,,,,,,,,,,,,,,,,30_4
-3,NASS USDA,Grafton,,22,30,5,-1,,,,,,,,,,,,,,,,,,,,,,,,,,,,,,,,,,,,,,,,,,,,,,,,,,,,,,,,,,30_5
-3,NASS USDA,Hillsborough,,22,30,6,-1,,,,,,,,,,,,,,,,,,,,,,,,,,,,,,,,,,,,,,,,,,,,,,,,,,,,,,,,,,30_6
-3,NASS USDA,Merrimack,,22,30,7,-1,,,,,,,,,,,,,,,,,,,,,,,,,,,,,,,,,,,,,,,,,,,,,,,,,,,,,,,,,,30_7
-3,NASS USDA,Rockingham,,22,30,8,-1,,,,,,,,,,,,,,,,,,,,,,,,,,,,,,,,,,,,,,,,,,,,,,,,,,,,,,,,,,30_8
-3,NASS USDA,Strafford,,22,30,9,-1,,,,,,,,,,,,,,,,,,,,,,,,,,,,,,,,,,,,,,,,,,,,,,,,,,,,,,,,,,30_9
-3,NASS USDA,Sullivan,,22,30,10,-1,,,,,,,,,,,,,,,,,,,,,,,,,,,,,,,,,,,,,,,,,,,,,,,,,,,,,,,,,,30_10
-2,NASS USDA,New Jersey,,22,31,-1,-1,,,71372.8,41888.0,29158.4,32821.893000000004,25147.122,25310.415,29610.464,36577.632,27215.5,36060.5375,42619.473,35053.564,41340.3445,26671.19,40251.7245,61425.3835,38863.734,,,12949.92,8903.07,6474.96,7284.348,5665.604,6070.29,6879.662,8498.40599999999,8093.72,10117.15,11735.894,9307.778,12545.266,8093.72,11735.894,14973.382,11331.208,,,55.145,47.075,45.0575,45.0575,44.385726,41.695682,43.040704,43.040704,33.62555,35.643083,36.315594,37.660616,32.953039,32.953039,34.298061,41.023171,34.298061,31_-1
-3,NASS USDA,Atlantic,,22,31,1,-1,,,,,,,,,,,,,,,,,,,,,,,,,,,,,,,,,,,,,,,,,,,,,,,,,,,,,,,,,,31_1
-3,NASS USDA,Bergen,,22,31,2,-1,,,,,,,,,,,,,,,,,,,,,,,,,,,,,,,,,,,,,,,,,,,,,,,,,,,,,,,,,,31_2
-3,NASS USDA,Burlington,,22,31,3,-1,,,,,,,,,,,3401.9375,5062.083,5905.7635,3265.86,5769.686,2939.274,5538.35425,7827.1778,5538.35425,,,,,,,,,,,930.7778,1282.85462,1460.91646,890.3092,1740.1498,809.372,1497.3382,2063.8986,1497.3382,,,,,,,,,,,36.5173473,39.4763957,40.4179111,36.6518495,33.1547923,36.315594,36.988105,37.9968715,36.988105,31_3
-3,NASS USDA,Camden,,22,31,4,-1,,,,,,,,,,,,,,,,,,,,,,,,,,,,,,,,,,,,,,,,,,,,,,,,,,,,,,,,,,31_4
-3,NASS USDA,Cape May,,22,31,5,-1,,,,,,,,,,,,,,,,,,,,,,,,,,,,,,,,,,,,,,,,,,,,,,,,,,,,,,,,,,31_5
-3,NASS USDA,Cumberland,,22,31,6,-1,,,,,,,,,,,,6586.151,7810.8485,6858.306,6776.6595,4218.4025,7135.9041,13264.8347,10189.4832,,,,,,,,,,,,1902.0242,2148.88265999999,1740.1498,2063.8986,1254.5266,2306.7102,3132.26964,3156.5508,,,,,,,,,,,,34.6343165,36.315594,39.4091446,32.8185368,33.62555,30.935506,42.368193,32.280528,31_6
-3,NASS USDA,Essex,,22,31,7,-1,,,,,,,,,,,,,,,,,,,,,,,,,,,,,,,,,,,,,,,,,,,,,,,,,,,,,,,,,,31_7
-3,NASS USDA,Gloucester,,22,31,8,-1,,,,,,,,,,,,4980.4365,6150.703,5062.083,,,,6792.9888,3135.2256,,,,,,,,,,,,1416.401,1711.82178,1416.401,,,,1906.07106,971.2464,,,,,,,,,,,,35.1723253,35.9120874,35.7103341,,,,35.643083,32.280528,31_8
-3,NASS USDA,Hudson,,22,31,9,-1,,,,,,,,,,,,,,,,,,,,,,,,,,,,,,,,,,,,,,,,,,,,,,,,,,,,,,,,,,31_9
-3,NASS USDA,Hunterdon,,22,31,10,-1,,,,,,,,,,,2884.843,2166.3538,,3129.7825,2667.119,2125.53055,2830.412,3780.23295,3352.9496,,,,,,,,,,,930.7778,562.51354,,849.8406,1052.1836,687.9662,809.372,963.15268,890.3092,,,,,,,,,,,31.0027571,38.5348803,,36.8536028,25.3536647,30.8682548999999,34.970572,39.3418935,37.660616,31_10
-3,NASS USDA,Mercer,,22,31,11,-1,,,,,,,,,,,,,,,,,,,,,,,,,,,,,,,,,,,,,,,,,,,,,,,,,,,,,,,,,,31_11
-3,NASS USDA,Middlesex,,22,31,12,-1,,,,,,,,,,,,,,,,,,,,,,,,,,,,,,,,,,,,,,,,,,,,,,,,,,,,,,,,,,31_12
-3,NASS USDA,Monmouth,,22,31,13,-1,,,,,,,,,,,1374.38275,1347.16725,,898.1115,1959.516,982.47955,1524.068,1562.1697,930.7701,,,,,,,,,,,364.2174,323.7488,,323.7488,566.5604,323.7488,404.686,364.2174,242.8116,,,,,,,,,,,37.7278671,41.6284309,,27.7747042999999,34.5670654,30.3302461,37.660616,43.040704,38.333127,31_13
-3,NASS USDA,Morris,,22,31,14,-1,,,,,,,,,,,,,,,,,,,,,,,,,,,,,,,,,,,,,,,,,,,,,,,,,,,,,,,,,,31_14
-3,NASS USDA,Ocean,,22,31,15,-1,,,,,,,,,,,,,,,,,,,,,,,,,,,,,,,,,,,,,,,,,,,,,,,,,,,,,,,,,,31_15
-3,NASS USDA,Passaic,,22,31,16,-1,,,,,,,,,,,,,,,,,,,,,,,,,,,,,,,,,,,,,,,,,,,,,,,,,,,,,,,,,,31_16
-3,NASS USDA,Salem,,22,31,17,-1,,,,,,,,,,,,10233.028,11212.786,10096.9505,12682.423,9062.7615,14271.8082,20542.2594,11242.72305,,,,,,,,,,,,2832.802,3188.92568,2549.5218,3520.7682,2589.9904,3723.1112,4492.01459999999,3277.9566,,,,,,,,,,,,36.1138407,35.1723253,39.6108979,36.0465896,34.970572,38.333127,45.730748,34.298061,31_17
-3,NASS USDA,Somerset,,22,31,18,-1,,,,,,,,,,,1211.08975,1807.1092,2351.4192,2057.4918,1935.02205,1524.068,1839.7678,2539.20615,1436.9784,,,,,,,,,,,526.0918,639.40388,643.45074,566.5604,687.9662,566.5604,526.0918,728.4348,485.6232,,,,,,,,,,,22.9998762,28.245462,36.5173473,36.315594,28.1109597999999,26.90044,34.970572,34.970572,29.590484,31_18
-3,NASS USDA,Sussex,,22,31,19,-1,,,,,,,,,,,,,,,,,,,,,,,,,,,,,,,,,,,,,,,,,,,,,,,,,,,,,,,,,,31_19
-3,NASS USDA,Union,,22,31,20,-1,,,,,,,,,,,,,,,,,,,,,,,,,,,,,,,,,,,,,,,,,,,,,,,,,,,,,,,,,,31_20
-3,NASS USDA,Warren,,22,31,21,-1,,,,,,,,,,,,,,,,,,,1861.5402,,,,,,,,,,,,,,,,,,,485.6232,,,,,,,,,,,,,,,,,,,38.333127,31_21
-2,NASS USDA,New Mexico,,22,32,-1,-1,126480.0,48960.0,25432.0,39304.0,73440.0,87633.91,85728.825,42864.4125,110222.775,125735.61,129273.625,80013.57,119748.2,77155.9425,51437.295,220989.86,81646.5,118115.27,228610.2,60702.75,60702.75,34398.225,34398.225,30351.375,46538.89,42492.03,42492.03,54632.61,84984.06,76890.34,42492.03,40468.6,42492.03,36421.74,117358.94,60702.9,56656.04,121405.8,20.8475,8.07,7.3975,11.4325,24.21,18.83,20.17533,10.087665,20.17533,14.795242,16.812775,18.830308,29.590484,18.157797,14.122731,18.830308,13.45022,20.847841,18.830308,32_-1
-3,NASS USDA,Bernalillo,,22,32,1,-1,,,,,,,,,,,,,,,,,,,,,,,,,,,,,,,,,,,,,,,,,,,,,,,,,,,,,,,,,,32_1
-3,NASS USDA,Catron,,22,32,2,-1,,,,,,,,,,,,,,,,,,,,,,,,,,,,,,,,,,,,,,,,,,,,,,,,,,,,,,,,,,32_2
-3,NASS USDA,Chaves,,22,32,3,-1,,,,,,,,,,,,,,,,,,,,,,,,,,,,,,,,,,,,,,,,,,,,,,,,,,,,,,,0.0,,,32_3
-3,NASS USDA,Cibola,,22,32,4,-1,,,,,,,,,,,,,,,,,,,,,,,,,,,,,,,,,,,,,,,,,,,,,,,,,,,,,,,,,,32_4
-3,NASS USDA,Colfax,,22,32,5,-1,,,,,,,,,,,,,,,,,,,,,,,,,,,,,,,,,,,,,,,,,,,,,,,,,,,,,,,,,,32_5
-3,NASS USDA,Curry,,22,32,6,-1,,,,,,,,,,56907.6105,,,,,9743.149,90899.77,27487.655,45939.764,87987.7115,,,,,,,,,,39861.5709999999,,,,,10926.5219999999,54025.581,26709.2759999999,24685.8459999999,50181.064,,,,,,,,,,14.2572331999999,,,,,8.9443963,16.812775,10.4239205,18.4940525,17.5525371,32_6
-3,NASS USDA,Debaca,,22,32,7,-1,,,,,,,,,,,,,,,,,,,,,,,,,,,,,,,,,,,,,,,,,,,,,,,,,,,,,,,,,,32_7
-3,NASS USDA,Dona Ana,,22,32,8,-1,,,,,,,,,,,,,,,1796.223,,,,,,,,,,,,,,,,,,,323.7488,,,,,,,,,,,,,,,,,,,55.4821575,,,,,32_8
-3,NASS USDA,Eddy,,22,32,9,-1,,,,,,,,,,,,,,,,,,,,,,,,,,,,,,,,,,,,,,,,,,,,,,,,,,,,,,,0.0,,,32_9
-3,NASS USDA,Grant,,22,32,10,-1,,,,,,,,,,,,,,,,,,,,,,,,,,,,,,,,,,,,,,,,,,,,,,,,,,,,,,,,,,32_10
-3,NASS USDA,Guadalupe,,22,32,11,-1,,,,,,,,,,,,,,,,,,,,,,,,,,,,,,,,,,,,,,,,,,,,,,,,,,,,,,,,,,32_11
-3,NASS USDA,Harding,,22,32,12,-1,,,,,,,,,,,,,,,,,,,,,,,,,,,,,,,,,,,,,,,,,,,,,,,,,,,,,,,,,,32_12
-3,NASS USDA,Hidalgo,,22,32,13,-1,,,,,,,,,,,,,,,,,,,,,,,,,,,,,,,,,,,,,,,,,,,,,,,,,,,,,,,,0.0,,32_13
-3,NASS USDA,Lea,,22,32,14,-1,,,,,,,,,,,,,,,,,1687.361,,,,,,,,,,,,,,,,,,,809.372,,,,,,,,,,,,,,,,,,,20.847841,,,32_14
-3,NASS USDA,Lincoln,,22,32,15,-1,,,,,,,,,,,,,,,,,,,,,,,,,,,,,,,,,,,,,,,,,,,,,,,,,,,,,,,,,,32_15
-3,NASS USDA,Los Alamos,,22,32,16,-1,,,,,,,,,,,,,,,,,,,,,,,,,,,,,,,,,,,,,,,,,,,,,,,,,,,,,,,,,,32_16
-3,NASS USDA,Luna,,22,32,17,-1,,,,,,,,,,,,,,,,,,,,,,,,,,,,,,,,,,,,,,,,,,,,,,,,,,,,,,,0.0,0.0,,32_17
-3,NASS USDA,McKinley,,22,32,18,-1,,,,,,,,,,,,,,,,,,,,,,,,,,,,,,,,,,,,,,,,,,,,,,,,,,,,,,,,,,32_18
-3,NASS USDA,Mora,,22,32,19,-1,,,,,,,,,,,,,,,,,,,,,,,,,,,,,,,,,,,,,,,,,,,,,,,,,,,,,,,,,,32_19
-3,NASS USDA,Otero,,22,32,20,-1,,,,,,,,,,,,,,,,,,,,,,,,,,,,,,,,,,,,,,,,,,,,,,,,,,,,,,,,,,32_20
-3,NASS USDA,Quay,,22,32,21,-1,,,,,,,,,,18873.94925,,,,,,46130.2725,12709.6385,,30345.2825,,,,,,,,,,15499.4738,,,,,,25454.7494,13192.7636,,23471.788,,,,,,,,,,12.1724491,,,,,,18.0905459,9.7514095,,12.9122112,32_21
-3,NASS USDA,Rio Arriba,,22,32,22,-1,,,,,,,,,,,,,,,,,,,,,,,,,,,,,,,,,,,,,,,,,,,,,,,,,,,,,,,,,,32_22
-3,NASS USDA,Roosevelt,,22,32,23,-1,,,,,,,,,,25691.432,,,,,6858.306,35107.995,8681.7445,,52743.639,,,,,,,,,,20234.3,,,,,12140.58,25697.5609999999,12545.266,,35207.682,,,,,,,,,,12.7104578999999,,,,,5.6490924,13.6519733,7.0613655,,14.9969953,32_23
-3,NASS USDA,San Juan,,22,32,24,-1,,,,,,,,,,,,,,,,,13743.8275,,,,,,,,,,,,,,,,,,,2023.43,,,,,,,,,,,,,,,,,,,67.923611,,,32_24
-3,NASS USDA,San Miguel,,22,32,25,-1,,,,,,,,,,,,,,,,,,,,,,,,,,,,,,,,,,,,,,,,,,,,,,,,,,,,,,,,,,32_25
-3,NASS USDA,Sandoval,,22,32,26,-1,,,,,,,,,,,,,,,,,,,,,,,,,,,,,,,,,,,,,,,,,,,,,,,,,,,,,,,,,,32_26
-3,NASS USDA,Santa Fe,,22,32,27,-1,,,,,,,,,,,,,,,,,,,,,,,,,,,,,,,,,,,,,,,,,,,,,,,,,,,,,,,,,,32_27
-3,NASS USDA,Sierra,,22,32,28,-1,,,,,,,,,,,,,,,,,,,,,,,,,,,,,,,,,,,,,,,,,,,,,,,,,,,,,,,,,,32_28
-3,NASS USDA,Socorro,,22,32,29,-1,,,,,,,,,,,,,,,,,,,,,,,,,,,,,,,,,,,,,,,,,,,,,,,,,,,,,,,,,,32_29
-3,NASS USDA,Taos,,22,32,30,-1,,,,,,,,,,,,,,,,,,,,,,,,,,,,,,,,,,,,,,,,,,,,,,,,,,,,,,,,,,32_30
-3,NASS USDA,Torrance,,22,32,31,-1,,,,,,,,,,,,,,,,,,707.603,,,,,,,,,,,,,,,,,,,404.686,,,,,,,,,,,,,,,,,,,17.485286,,32_31
-3,NASS USDA,Union,,22,32,32,-1,,,,,,,,,,,,,,,14179.2755,30535.791,,,23949.64,,,,,,,,,,,,,,,4937.1692,8700.749,,,6474.976,,,,,,,,,,,,,,,28.7162197,35.1050742,,,36.988105,32_32
-3,NASS USDA,Valencia,,22,32,33,-1,,,,,,,,,,,,,,,,,,,,,,,,,,,,,,,,,,,,,,,,,,,,,,,,,,,,,,,,,,32_33
-2,NASS USDA,New York,,22,33,-1,-1,212432.0,244800.0,264384.0,195840.0,261800.0,215546.76,113162.049,178397.6025,227929.8125,231603.905,188603.415,162884.7675,212825.21,145739.0025,139207.2825,173226.6575,176900.75,222894.945,122605.8275,44515.35,48562.2,48562.2,40468.5,50585.625,48562.32,26709.2759999999,38445.17,50585.75,46538.89,44515.46,38445.17,46538.89,34398.31,37635.798,38445.17,40468.6,52609.18,34398.31,47.7475,50.4375,54.4725,48.42,51.7825,44.385,42.368193,46.403259,45.058237,49.765814,42.368193,42.368193,45.730748,42.368193,36.988105,45.058237,43.713215,42.368193,35.643083,33_-1
-3,NASS USDA,Albany,,22,33,1,-1,,,,,,,,,,,,,,,,,,,,,,,,,,,,,,,,,,,,,,,,,,,,,,,,,,,,,,,,,,33_1
-3,NASS USDA,Allegany,,22,33,2,-1,,,,,,,,,,,2748.7655,1211.08975,1341.72415,1088.62,,,,,,,,,,,,,,,,720.34108,348.02996,400.63914,291.37392,,,,,,,,,,,,,,,,38.1313737,34.7688187,33.4910478,37.3916116,,,,,,33_2
-3,NASS USDA,Bronx,,22,33,3,-1,,,,,,,,,,,,,,,,,,,,,,,,,,,,,,,,,,,,,,,,,,,,,,,,,,,,,,,,,,33_3
-3,NASS USDA,Broome,,22,33,4,-1,,,,,,,,,,,,,,,,,,,,,,,,,,,,,,,,,,,,,,,,,,,,,,,,,,,,,,,,,,33_4
-3,NASS USDA,Cattaraugus,,22,33,5,-1,,,,,,,,,,,,,2386.79935,,,,,,,,,,,,,,,,,,,501.81064,,,,,,,,,,,,,,,,,,,47.5465277,,,,,,,33_5
-3,NASS USDA,Cayuga,,22,33,6,-1,,,,,,,,,,16438.162,10341.89,9171.6235,13961.5515,10341.89,8627.3135,11049.493,10529.67695,13398.19065,11988.42775,,,,,,,,,,3059.42616,2488.81889999999,2262.19474,3399.3624,2509.0532,2144.8358,2549.5218,2428.116,3265.81601999999,2994.6764,,,,,,,,,,53.7336289,41.5611798,40.5524133,41.0904221,41.2249243,40.2161578,43.3097084,43.3769595,41.023171,40.35066,33_6
-3,NASS USDA,Chautauqua,,22,33,7,-1,,,,,,,,,,680.3875,,530.70225,1387.9905,,,,,,,,,,,,,,,,149.73382,,133.54638,287.32706,,,,,,,,,,,,,,,,45.4617435999999,,39.7454001,48.2862898,,,,,,,33_7
-3,NASS USDA,Chemung,,22,33,8,-1,,,,,,,,,,,,,,,,,,,,,,,,,,,,,,,,,,,,,,,,,,,,,,,,,,,,,,,,,,33_8
-3,NASS USDA,Chenango,,22,33,9,-1,,,,,,,,,,,,,,,,,,,,,,,,,,,,,,,,,,,,,,,,,,,,,,,,,,,,,,,,,,33_9
-3,NASS USDA,Clinton,,22,33,10,-1,,,,,,,,,,,,,,,,,,,,,,,,,,,,,,,,,,,,,,,,,,,,,,,,,,,,,,,,,,33_10
-3,NASS USDA,Columbia,,22,33,11,-1,,,,,,,,,,,,,,,,,,,,,,,,,,,,,,,,,,,,,,,,,,,,,,,,,,,,,,,,,,33_11
-3,NASS USDA,Cortland,,22,33,12,-1,,,,,,,,,,,,,,,,,,,,,,,,,,,,,,,,,,,,,,,,,,,,,,,,,,,,,,,,,,33_12
-3,NASS USDA,Delaware,,22,33,13,-1,,,,,,,,,,,,,,,,,,,,,,,,,,,,,,,,,,,,,,,,,,,,,,,,,,,,,,,,,,33_13
-3,NASS USDA,Dutchess,,22,33,14,-1,,,,,,,,,,,,,,,,,,,,,,,,,,,,,,,,,,,,,,,,,,,,,,,,,,,,,,,,,,33_14
-3,NASS USDA,Erie,,22,33,15,-1,,,,,,,,,,2531.0415,,,,,1741.792,,,,1034.189,,,,,,,,,,890.3092,,,,,647.4976,,,,364.2174,,,,,,,,,,28.4472152999999,,,,,26.90044,,,,28.245462,33_15
-3,NASS USDA,Essex,,22,33,16,-1,,,,,,,,,,,,,,,,,,,,,,,,,,,,,,,,,,,,,,,,,,,,,,,,,,,,,,,,,,33_16
-3,NASS USDA,Franklin,,22,33,17,-1,,,,,,,,,,,,,,,,,,,,,,,,,,,,,,,,,,,,,,,,,,,,,,,,,,,,,,,,,,33_17
-3,NASS USDA,Fulton,,22,33,18,-1,,,,,,,,,,,,,,,,,,,,,,,,,,,,,,,,,,,,,,,,,,,,,,,,,,,,,,,,,,33_18
-3,NASS USDA,Genesee,,22,33,19,-1,,,,,,,,,,20139.47,17281.8425,,22126.2015,15648.9125,15376.7575,19867.315,20506.87925,26197.6403,12225.2026,,,,,,,,,,4208.7344,3682.6426,,4613.4204,3723.1112,3925.4542,4289.6716,4127.7972,5584.6668,3439.831,,,,,,,,,,47.8827832,46.9412678,,47.9500343,42.0319375,39.1401402,46.3360079,49.765814,47.07577,35.643083,33_19
-3,NASS USDA,Greene,,22,33,20,-1,,,,,,,,,,,,,,,,,,,,,,,,,,,,,,,,,,,,,,,,,,,,,,,,,,,,,,,,,,33_20
-3,NASS USDA,Hamilton,,22,33,21,-1,,,,,,,,,,,,,,,,,,,,,,,,,,,,,,,,,,,,,,,,,,,,,,,,,,,,,,,,,,33_21
-3,NASS USDA,Herkimer,,22,33,22,-1,,,,,,,,,,,,,,,,,,,,,,,,,,,,,,,,,,,,,,,,,,,,,,,,,,,,,,,,,,33_22
-3,NASS USDA,Jefferson,,22,33,23,-1,,,,,,,,,,,,,,,,,,,,,,,,,,,,,,,,,,,,,,,,,,,,,,,,,,,,,,,,,,33_23
-3,NASS USDA,Kings,,22,33,24,-1,,,,,,,,,,,,,,,,,,,,,,,,,,,,,,,,,,,,,,,,,,,,,,,,,,,,,,,,,,33_24
-3,NASS USDA,Lake Ontario,,22,33,25,-1,,,,,,,,,,,,,,,,,,,,,,,,,,,,,,,,,,,,,,,,,,,,,,,,,,,,,,,,,,33_25
-3,NASS USDA,Lewis,,22,33,26,-1,,,,,,,,,,,,,,,,,,,,,,,,,,,,,,,,,,,,,,,,,,,,,,,,,,,,,,,,,,33_26
-3,NASS USDA,Livingston,,22,33,27,-1,,,,,,,,,,33447.8495,24793.3205,,28249.689,18370.4625,17091.334,27596.517,27463.16105,24809.6498,18079.25665,,,,,,,,,,6434.50739999999,6434.50739999999,,5908.4156,3925.4542,4289.6716,5746.5412,5867.947,6272.633,5058.575,,,,,,,,,,51.9851003,38.5348803,,47.8155320999999,46.8067655999999,39.8126512,48.0172854,46.7395145,39.678149,35.643083,33_27
-3,NASS USDA,Madison,,22,33,28,-1,,,,,,,,,,,,1921.4143,2678.0052,,,2332.36835,1426.0922,1235.5837,1172.98805,,,,,,,,,,,,546.3261,724.38794,,,445.1546,323.7488,323.7488,323.7488,,,,,,,,,,,,35.1723253,36.988105,,,52.3886069,44.0494705,38.333127,36.315594,33_28
-3,NASS USDA,Monroe,,22,33,29,-1,,,,,,,,,,20003.3925,22643.296,15540.0505,21962.9085,15784.99,15077.387,20112.2545,,,12067.3527,,,,,,,,,,3884.9856,5018.1064,3561.2368,4370.6088,3682.6426,4168.2658,4492.01459999999,,,3439.831,,,,,,,,,,51.5143425999999,45.1254880999999,43.6459639,50.2365717,42.8389507,36.1810918,44.7892325999999,,,34.970572,33_29
-3,NASS USDA,Montgomery,,22,33,30,-1,,,,,,,,,,,,,,,,,,,,,,,,,,,,,,,,,,,,,,,,,,,,,,,,,,,,,,,,,,33_30
-3,NASS USDA,Nassau,,22,33,31,-1,,,,,,,,,,,,,,,,,,,,,,,,,,,,,,,,,,,,,,,,,,,,,,,,,,,,,,,,,,33_31
-3,NASS USDA,New York,,22,33,32,-1,,,,,,,,,,,,,,,,,,,,,,,,,,,,,,,,,,,,,,,,,,,,,,,,,,,,,,,,,,33_32
-3,NASS USDA,Niagara,,22,33,33,-1,,,,,,,,,,18179.954,18588.1865,11240.0015,19622.3755,12246.975,9933.6575,11675.4495,13115.14945,18931.1018,6077.22115,,,,,,,,,,3710.97062,3889.03246,2954.2078,3561.2368,2670.9276,2954.2078,2387.6474,3075.6136,4411.0774,1861.5556,,,,,,,,,,48.9588008,47.8155320999999,38.0641226,55.0786509,45.8652502,33.62555,48.8915497,42.7044485,43.040704,32.953039,33_33
-3,NASS USDA,Oneida,,22,33,34,-1,,,,,,,,,,4300.049,3674.0925,2857.6275,4218.4025,4000.6785,3538.015,3592.446,3303.9617,3698.58645,3257.69535,,,,,,,,,,841.74688,910.5435,1092.6522,1246.43288,809.372,890.3092,890.3092,768.9034,825.55944,768.9034,,,,,,,,,,51.110836,40.35066,26.1606779,33.8273033,49.4295585,39.7454001,40.35066,43.040704,44.7219815,42.368193,33_34
-3,NASS USDA,Onondaga,,22,33,35,-1,,,,,,,,,,,6259.565,6150.703,9226.0545,5606.393,8273.512,7865.2795,6556.21395,9688.718,6240.51415,,,,,,,,,,,1574.22854,1659.2126,2359.31938,1537.8068,2104.3672,1821.087,2104.3672,2221.72613999999,1497.3382,,,,,,,,,,,39.7454001,37.0553561,39.0728891,36.4500962,39.3418935,43.1752062,31.2717615,43.713215,41.695682,33_35
-3,NASS USDA,Ontario,,22,33,36,-1,,,,,,,,,,21364.1675,16193.2225,15131.818,18098.3075,13063.44,13145.0865,15159.0335,14541.24165,17785.32925,10970.56805,,,,,,,,,,4208.7344,4046.86,3358.8938,4087.3286,3318.4252,3520.7682,3480.2996,3156.5508,4451.546,3156.5508,,,,,,,,,,50.7745805,40.0144045,45.058237,44.2512238,39.3418935,37.3243605,43.5787128,46.0670035,40.0144045,34.970572,33_36
-3,NASS USDA,Orange,,22,33,37,-1,,,,,,,,,,,,,,,,,,,,,,,,,,,,,,,,,,,,,,,,,,,,,,,,,,,,,,,,,,33_37
-3,NASS USDA,Orleans,,22,33,38,-1,,,,,,,,,,11865.958,10722.907,11294.4325,,9797.58,10858.9845,12491.9145,16519.8085,23350.899,7753.69595,,,,,,,,,,2589.9904,2509.0532,2549.5218,,2630.459,3399.3624,2711.3962,3682.6426,5260.918,2306.7102,,,,,,,,,,45.7979990999999,42.7044485,44.3184749,,37.2571094,31.9442725,46.0670035,44.7219815,44.385726,33.62555,33_38
-3,NASS USDA,Oswego,,22,33,39,-1,,,,,,,,,,,,,,,,,,,,,,,,,,,,,,,,,,,,,,,,,,,,,,,,,,,,,,,,,,33_39
-3,NASS USDA,Otsego,,22,33,40,-1,,,,,,,,,,,,,,,,,,,,,,,,,,,,,,,,,,,,,,,,,,,,,,,,,,,,,,,,,,33_40
-3,NASS USDA,Putnam,,22,33,41,-1,,,,,,,,,,,,,,,,,,,,,,,,,,,,,,,,,,,,,,,,,,,,,,,,,,,,,,,,,,33_41
-3,NASS USDA,Queens,,22,33,42,-1,,,,,,,,,,,,,,,,,,,,,,,,,,,,,,,,,,,,,,,,,,,,,,,,,,,,,,,,,,33_42
-3,NASS USDA,Rensselaer,,22,33,43,-1,,,,,,,,,,,,,,,,,,,,,,,,,,,,,,,,,,,,,,,,,,,,,,,,,,,,,,,,,,33_43
-3,NASS USDA,Richmond,,22,33,44,-1,,,,,,,,,,,,,,,,,,,,,,,,,,,,,,,,,,,,,,,,,,,,,,,,,,,,,,,,,,33_44
-3,NASS USDA,Rockland,,22,33,45,-1,,,,,,,,,,,,,,,,,,,,,,,,,,,,,,,,,,,,,,,,,,,,,,,,,,,,,,,,,,33_45
-3,NASS USDA,Saint Lawrence,,22,33,46,-1,,,,,,,,,,,,,,,,,,,,,,,,,,,,,,,,,,,,,,,,,,,,,,,,,,,,,,,,,,33_46
-3,NASS USDA,Saratoga,,22,33,47,-1,,,,,,,,,,,,,,,,,,,,,,,,,,,,,,,,,,,,,,,,,,,,,,,,,,,,,,,,,,33_47
-3,NASS USDA,Schenectady,,22,33,48,-1,,,,,,,,,,,,,,,,,,,,,,,,,,,,,,,,,,,,,,,,,,,,,,,,,,,,,,,,,,33_48
-3,NASS USDA,Schoharie,,22,33,49,-1,,,,,,,,,,,,,,,,,,,,,,,,,,,,,,,,,,,,,,,,,,,,,,,,,,,,,,,,,,33_49
-3,NASS USDA,Schuyler,,22,33,50,-1,,,,,,,,,,,,,,,,,,,,,,,,,,,,,,,,,,,,,,,,,,,,,,,,,,,,,,,,,,33_50
-3,NASS USDA,Seneca,,22,33,51,-1,,,,,,,,,,12138.113,9770.3645,9198.839,12083.682,8708.96,7756.4175,10015.304,11446.8393,11686.3357,9008.3305,,,,,,,,,,2488.81889999999,2326.9445,2347.1788,2861.13002,1780.6184,2023.43,2306.7102,2509.0532,2792.3334,2873.2706,,,,,,,,,,48.7570475,41.9646864,39.2073913,42.2336908,48.8915497,38.333127,43.4442105999999,45.730748,41.695682,31.608017,33_51
-3,NASS USDA,Steuben,,22,33,52,-1,,,,,,,,,,5932.979,3919.032,,4327.2645,4572.204,,2370.47005,2675.28365,2816.80425,1665.5886,,,,,,,,,,1294.9952,898.40292,,1076.46476,991.4807,,566.5604,607.029,728.4348,566.5604,,,,,,,,,,45.7979990999999,43.6459639,,40.2161578,46.1342545999999,,41.8301842,44.0494705,38.6693825,29.590484,33_52
-3,NASS USDA,Suffolk,,22,33,53,-1,,,,,,,,,,,,,,,,,,,,,,,,,,,,,,,,,,,,,,,,,,,,,,,,,,,,,,,,,,33_53
-3,NASS USDA,Sullivan,,22,33,54,-1,,,,,,,,,,,,,,,,,,,,,,,,,,,,,,,,,,,,,,,,,,,,,,,,,,,,,,,,,,33_54
-3,NASS USDA,Tioga,,22,33,55,-1,,,,,,,,,,,,,,,,,,,,,,,,,,,,,,,,,,,,,,,,,,,,,,,,,,,,,,,,,,33_55
-3,NASS USDA,Tompkins,,22,33,56,-1,,,,,,,,,,,,609.6272,,1126.7217,,2000.33925,2090.1504,1967.68065,1747.2351,,,,,,,,,,,,214.48358,,388.49856,,485.6232,607.029,517.99808,566.5604,,,,,,,,,,,,28.4472152999999,,28.9852241,,41.2249243,34.298061,37.9968715,30.935506,33_56
-3,NASS USDA,Ulster,,22,33,57,-1,,,,,,,,,,,,,,,,,,,,,,,,,,,,,,,,,,,,,,,,,,,,,,,,,,,,,,,,,,33_57
-3,NASS USDA,Warren,,22,33,58,-1,,,,,,,,,,,,,,,,,,,,,,,,,,,,,,,,,,,,,,,,,,,,,,,,,,,,,,,,,,33_58
-3,NASS USDA,Washington,,22,33,59,-1,,,,,,,,,,,,,,,,,,,,,,,,,,,,,,,,,,,,,,,,,,,,,,,,,,,,,,,,,,33_59
-3,NASS USDA,Wayne,,22,33,60,-1,,,,,,,,,,7674.771,,5443.1,6205.134,4082.325,4626.635,5062.083,5048.47525,7176.72735,4727.33235,,,,,,,,,,1598.5097,,1416.401,1424.49472,1011.715,1294.9952,1254.5266,1335.4638,1942.4928,1294.9952,,,,,,,,,,48.0172854,,38.4003781,43.5787128,40.35066,35.7103341,40.35066,37.660616,36.988105,36.315594,33_60
-3,NASS USDA,Westchester,,22,33,61,-1,,,,,,,,,,,,,,,,,,,,,,,,,,,,,,,,,,,,,,,,,,,,,,,,,,,,,,,,,,33_61
-3,NASS USDA,Wyoming,,22,33,62,-1,,,,,,,,,,14723.5855,10151.3815,9416.563,10586.8295,,6422.858,,4098.6543,,3410.10215,,,,,,,,,,2375.50682,2144.8358,1659.2126,1715.86864,,1497.3382,,849.8406,,849.8406,,,,,,,,,,62.0055142,47.3447744,56.7599284,61.6692587,,42.9062018,,48.0845365,,40.35066,33_62
-3,NASS USDA,Yates,,22,33,63,-1,,,,,,,,,,9988.0885,7919.7105,7565.909,9634.287,4898.79,5170.945,7402.616,6398.36405,5633.6085,5170.945,,,,,,,,,,1926.30536,1918.21164,1618.744,1825.13386,1214.058,1214.058,1497.3382,1335.4638,1375.9324,1335.4638,,,,,,,,,,51.8505980999999,41.2921754,46.7395145,52.7921135,40.35066,42.5699463,49.4295585,47.748281,41.023171,39.005638,33_63
-2,NASS USDA,North Carolina,,22,34,-1,-1,440640.0,511632.0,761600.0,652800.0,525504.0,571525.5,342915.3,573974.895,561319.6875,396121.6025,822180.255,1215444.23,1434937.2375,1147949.79,1091885.86,341282.37,766796.7125,1208368.2,544310.0,109264.95,133546.05000000002,161874.0,151756.875,139616.325,141640.1,91054.3499999999,149733.82,151757.25,143663.53,230671.02,311608.22,374334.55,299467.64,238764.74,133546.38,232694.449999999,299467.64,202343.0,40.35,38.3325,47.075,43.040000000000006,37.66,40.35,37.660616,38.333127,36.988105,27.572951,35.643083,39.005638,38.333127,38.333127,45.730748,25.555418,32.953039,40.35066,26.90044,34_-1
-3,NASS USDA,Alamance,,22,34,1,-1,2083.52,,3400.0,2828.8,2600.32,1785.3368,737.54005,1583.9421,1344.4457,2449.395,2993.705,5198.1605,5252.5915,4490.5575,2585.4725,1401.59825,2449.395,4653.8505,2558.257,602.98065,,704.1519000000001,687.9645,687.9645,400.63914,202.343,384.4517,364.2174,748.6691,728.4348,1335.4638,1578.2754,1214.058,631.31016,509.90436,809.372,1234.2923,930.7778,34.566500000000005,,48.2855,41.157,37.794500000000006,44.58675,36.4500962,41.2249243,36.9208539,32.6840346,41.0904221,38.9383869,33.2892945,36.988105,40.9559199,27.5056998999999,30.262995,37.660616,27.572951,34_1
-3,NASS USDA,Alexander,,22,34,2,-1,,,,,1993.76,1554.00505,1088.62,1279.1285,,,1769.0075,1387.9905,,1420.6491,1034.189,,,1673.75325,598.741,,,,,570.60585,392.54542,303.5145,372.31112,,,538.23238,343.9831,,384.4517,246.85846,,,445.1546,283.2802,,,,,34.970000000000006,39.61025,35.8448363,34.3653121,,,32.8857879,40.35066,,36.9208539,41.8974353,,,37.660616,20.847841,34_2
-3,NASS USDA,Alleghany,,22,34,3,-1,,,,,,,,,,,,,,,,,,,,,,,,,,,,,,,,,,,,,,,,,,,,,,,,,,,,,,,,,,34_3
-3,NASS USDA,Anson,,22,34,4,-1,,,12131.2,17190.399999999998,10064.0,16220.438,,,,,12383.0525,13771.043,14859.663,11811.527,,5443.1,5606.393,9634.287,2857.6275,,,2650.6867500000003,4168.2555,2594.03085,3783.8141,,,,,3601.7054,3480.2996,3804.0484,3399.3624,,1659.2126,1719.9155,2225.773,1214.058,,,45.79725,41.2915,38.803250000000006,42.83825,,,,,34.3653121,39.5436468,39.0728891,34.7688187,,32.8185368,32.6167835,43.3769595,23.537885,34_4
-3,NASS USDA,Ashe,,22,34,5,-1,,,,,,,,,,,,,,,,,,,,,,,,,,,,,,,,,,,,,,,,,,,,,,,,,,,,,,,,,,34_5
-3,NASS USDA,Avery,,22,34,6,-1,,,,,,,,,,,,,,,,,,,,,,,,,,,,,,,,,,,,,,,,,,,,,,,,,,,,,,,,,,34_6
-3,NASS USDA,Beaufort,,22,34,7,-1,12158.4,,18958.4,18876.8,13246.4,8436.805,7620.34,13634.9655,17336.2735,3919.032,,48688.5295,56771.533,52906.932,57424.705,12138.113,41095.405,73481.85,32658.6,2330.9856,,4370.598,3674.5398,2925.87255,2290.52276,2213.63242,3346.75322,4168.2658,1821.087,,12949.952,14366.353,13314.1693999999,12140.58,4411.0774,10966.9906,17684.7782,10521.836,52.18600000000001,,43.37625,51.37900000000001,45.3265,36.853,34.4325632,40.7541666,41.5611798,21.520352,,37.5933649,39.5436468,39.7454001,47.2775233,27.5056998999999,37.3243605,41.695682,30.935506,34_7
-3,NASS USDA,Bertie,,22,34,8,-1,1422.56,,12892.8,9030.4,6419.2,6150.703,3265.86,8219.081,12791.285,11185.5705,18642.6175,23051.5285,23840.778,12627.992,7729.202,1706.41185,,,4408.911,433.0129500000001,,2594.03085,2189.34585,1788.7077000000002,1598.5097,849.8406,2500.95948,3277.9566,3884.9856,5139.5122,5665.604,6232.1644,3075.6136,1902.0242,655.59132,,,1497.3382,32.88525,,49.69775,41.2915,35.911500000000004,38.467,38.4003781,32.8857879,39.005638,28.7834707999999,36.2483429,40.6869155,38.2658759,41.0904221,40.6196644,26.0261757,,,29.590484,34_8
-3,NASS USDA,Bladen,,22,34,9,-1,,,5222.4,2592.16,3508.8,,,,,2585.4725,4762.7125,8572.8825,,14369.784,,1798.94455,3973.463,7146.7903,2531.0415,,,1246.4298,683.91765,930.7755,,,,,1222.15172,1861.5556,3035.145,,4451.546,,987.43384,1699.6812,2509.0532,1618.744,,,41.89675,37.929,37.727250000000005,,,,,21.1840965,25.555418,28.245462,,32.280528,,18.2250481,23.537885,28.5817175,15.467753,34_9
-3,NASS USDA,Brunswick,,22,34,10,-1,,,,,2040.0,1456.02925,,,,,,,,,,,,1741.792,898.1115,,,,,566.559,465.3889,,,,,,,,,,,,526.0918,526.0918,,,,,36.04600000000001,31.27125,,,,,,,,,,,,32.953039,16.812775,34_10
-3,NASS USDA,Buncombe,,22,34,11,-1,,,,,,,,,,,,,,,,,,,,,,,,,157.82754,,,,,,,,,,,,,,,,,,,,,,,,,,,,,,,,,34_11
-3,NASS USDA,Burke,,22,34,12,-1,,,473.28,,,596.01945,,,,,,,,,,,,,146.9637,,,97.1244,,,,,,,,,,,,,,,,80.9372,,,48.75625,,,37.7945,,,,,,,,,,,,,18.157797,34_12
-3,NASS USDA,Cabarrus,,22,34,13,-1,,,5331.2,4488.0,4651.2,4354.48,2531.0415,,4490.5575,3728.5235,6640.582,5252.5915,6613.3665,4898.79,4898.79,1485.9663,3510.7995,5034.8675,1905.085,,,1100.7432,1027.8999,1023.85305,1052.1836,607.029,,1254.5266,1315.2295,1618.744,1375.9324,1699.6812,1497.3382,1064.32418,615.12272,991.4807,1254.5266,1011.715,,,48.48725,43.7125,45.461,41.35875,41.695682,,35.7775852,28.3799642,41.023171,38.1986248,38.9383869,32.6840346,45.9997524,24.1431449,35.3068275,40.0144045,18.830308,34_13
-3,NASS USDA,Caldwell,,22,34,14,-1,,,,,1300.16,1006.9735,,,,,,,1415.206,,,,,476.27125,381.017,,,,,303.51375,246.85846,,,,,,,364.2174,,,,,161.8744,161.8744,,,,,42.83825,40.82075,,,,,,,38.8711358,,,,,29.590484,23.537885,34_14
-3,NASS USDA,Camden,,22,34,15,-1,3808.0,,10091.2,7915.2,5793.599999999999,6014.6255,7320.9695,8790.6065,,9470.994,13335.595,24194.5795,29528.8175,25147.122,19704.022,10777.338,18261.6005,23541.4075,14424.215,833.6511,,1833.22305,1808.94195,1327.3668,1748.24352,1618.744,1946.53966,,2954.2078,2994.6764,5139.5122,6110.7586,5625.1354,3925.4542,3128.22278,4370.6088,4977.63779999999,3965.9228,45.73,,55.07775000000001,43.77975,43.64525,34.432,45.2599903,45.1927392,,32.0787747,44.5202282,47.07577,48.3535409,44.7219815,50.1693205999999,34.4325632,41.695682,47.4120255,36.315594,34_15
-3,NASS USDA,Carteret,,22,34,16,-1,,,,,,,,,,,,,,,,933.49165,,14288.1375,7293.754,,,,,,,,,,,,,,,,323.7488,,3237.488,2347.1788,,,,,,,,,,,,,,,,28.8507218999999,,44.0494705,30.935506,34_16
-3,NASS USDA,Caswell,,22,34,17,-1,962.88,,4080.0,1974.72,704.4799999999999,884.50375,,1287.29315,1058.68295,1703.6903,2966.4895,4490.5575,2340.533,2073.8211,2884.843,538.8669,1850.654,2857.6275,1496.8525,323.748,,874.1196,489.66885,190.20195,242.8116,,343.9831,275.18648,465.3889,849.8406,1254.5266,687.9662,647.4976,704.15364,206.38986,728.4348,849.8406,526.0918,29.79175,,46.6715,40.35,37.054750000000006,36.4495,,37.3916116,38.4676292,36.5845984,34.9033209,35.7775852,34.0290566,32.0115236,40.9559199,26.0934267999999,25.555418,33.62555,28.245462,34_17
-3,NASS USDA,Catawba,,22,34,18,-1,,,6147.2,4052.8,4569.599999999999,5252.5915,5116.514,5198.1605,6422.858,6014.6255,9852.011,8572.8825,8572.8825,6504.5045,7457.047,3919.032,4000.6785,7416.22375,3102.567,,,1007.66565,955.0566,1076.4621,1189.77684,1226.19858,1319.27636,1489.24448,1853.46188,2266.2416,1902.0242,1902.0242,1821.087,1598.5097,1149.30824,1254.5266,1699.6812,1214.058,,,61.063,42.43475,42.502,44.11599999999999,41.695682,39.4091446,43.1079550999999,32.4822813,43.4442105999999,45.058237,45.058237,35.7103341,46.6722634,34.0963077,31.9442725,43.713215,25.555418,34_18
-3,NASS USDA,Chatham,,22,34,19,-1,1183.2,,1082.56,1844.16,,1423.37065,,,1347.16725,713.0461,925.327,1006.9735,,1627.4869,1224.6975,,,2912.0585,1769.0075,303.51375,,242.811,400.63815,,368.26426,,,384.4517,214.48358,242.8116,303.5145,,465.3889,327.79566,,,708.2005,566.5604,39.005,,44.58675,46.06625,,38.66875,,,35.0378231,33.2220434,38.1313737,33.1547923,,34.970572,37.3916116,,,41.023171,30.935506,34_19
-3,NASS USDA,Cherokee,,22,34,20,-1,,,,,,,,,,,,,,,,,,,,,,,,,,,,,,,,,,,,,,,,,,,,,,,,,,,,,,,,,,34_20
-3,NASS USDA,Chowan,,22,34,21,-1,1906.72,,6745.599999999999,5902.4,3889.6,6286.7805,5361.4535,,5824.117,4463.342,7402.616,11457.7255,17771.7215,10722.907,11893.1735,3293.0755,9743.149,14424.215,4898.79,404.685,,1286.8983,1274.75775,841.7448,1367.83868,1230.24544,,1379.97926,1254.5266,1537.8068,2428.116,3884.9856,2306.7102,2347.1788,1072.4179,2266.2416,3035.145,1254.5266,47.14225,,52.455000000000005,46.33525,46.268,45.93175,43.5787128,,42.2336908,35.5758319,48.1517875999999,47.2102722,45.730748,46.4705100999999,50.6400783,30.7337527,43.040704,47.4120255,39.005638,34_21
-3,NASS USDA,Clay,,22,34,22,-1,,,,,,,,,,,,,,,,,,,,,,,,,,,,,,,,,,,,,,,,,,,,,,,,,,,,,,,,,,34_22
-3,NASS USDA,Cleveland,,22,34,23,-1,6174.4,,12430.4,10526.4,7561.599999999999,10532.3985,6776.6595,,13417.2415,9362.132,13063.44,12546.3455,14832.4475,9852.011,11865.958,5851.3325,8817.822,11185.5705,2122.809,1562.0841,,2464.53165,2262.18915,1768.4734500000002,2322.89764,1740.1498,,3553.14308,2751.8648,3561.2368,3116.0822,3804.0484,2751.8648,2468.5846,2043.6643,2367.41309999999,2509.0532,1173.5894,39.543,,50.4375,46.537000000000006,42.77100000000001,45.3265,38.9383869,,37.7951182,34.0290566,36.6518495,40.2834089,39.005638,35.7775852,48.0845365,28.6489686,37.3243605,44.7219815,18.157797,34_23
-3,NASS USDA,Columbus,,22,34,24,-1,,,9248.0,7126.4,11859.2,7674.771,,,,,14152.06,25827.5095,29828.188,28276.9045,26235.742,,,19867.315,7756.4175,,,2561.65605,2080.0809,2776.1391000000003,3152.50394,,,,,5301.3866,8984.02919999999,9712.464,8093.72,6151.2272,,,6029.8214,4653.889,,,36.11325,34.2975,42.77100000000001,24.3445,,,,,26.6986867,28.7162197,30.7337527,34.970572,42.6371974,,,32.953039,16.812775,34_24
-3,NASS USDA,Craven,,22,34,25,-1,,,6038.4,3400.0,3046.4,4844.359,,1075.01225,,952.5425,,,14015.9825,,,840.95895,,15648.9125,6041.841,,,1432.5849,829.60425,987.4314,1181.68312,,356.12368,,384.4517,,,3601.7054,,,550.37296,,3723.1112,1942.4928,,,42.16575,41.02250000000001,30.86775,41.0225,,30.1957438999999,,24.7484047999999,,,38.9383869,,,15.2659996999999,,42.0319375,30.935506,34_25
-3,NASS USDA,Cumberland,,22,34,26,-1,4732.8,,8350.4,5875.2,4868.8,4681.066,3864.601,7239.323,,,9253.27,13689.3965,,11430.51,11566.5875,3020.9205,5443.1,8273.512,3674.0925,1141.2117,,1473.0534,1351.6479000000002,1262.6172,1424.49472,971.2464,1659.2126,,,2549.5218,3723.1112,,3399.3624,2711.3962,1307.13578,2003.1957,2104.3672,1942.4928,41.49325,,56.69175,43.51075000000001,38.6015,32.88525,39.8126512,43.6459639,,,36.315594,36.7863517,,33.62555,42.6371974,23.1343784,27.2366955,39.3418935,18.830308,34_26
-3,NASS USDA,Currituck,,22,34,27,-1,,,7806.4,8350.4,8432.0,3755.739,5062.083,6477.289,5987.41,4599.4195,12056.4665,18642.6175,20819.8575,23133.175,20629.349,7919.7105,11430.51,16057.145,9226.0545,,,1578.2715,1602.5526,1752.2860500000002,1052.1836,1193.8237,1618.744,1772.52468,1910.11792,2954.2078,4046.86,4856.232,4815.7634,3884.9856,2351.22566,2772.0991,3439.831,2104.3672,,,49.496,52.11875,48.151,35.70975,42.4354441,40.0144045,33.7600522,24.0758937999999,40.8214177,46.0670035,42.9062018,48.0172854,53.128369,33.6928011,41.3594265,46.7395145,43.713215,34_27
-3,NASS USDA,Dare,,22,34,28,-1,,,,,,,,,,,,,,,,,,,,,,,,,,,,,,,,,,,,,,,,,,,,,,,,,,,,,,,,,,34_28
-3,NASS USDA,Davidson,,22,34,29,-1,3454.4,,4923.2,4569.599999999999,3100.8,3674.0925,2433.0657,3129.7825,2011.22545,2084.7073,3456.3685,5824.117,3837.3855,4300.049,2095.5935,827.3512,1877.8695,5062.083,2857.6275,809.37,,1023.85305,1076.4621,776.9952000000001,886.26234,643.45074,809.372,538.23238,566.5604,890.3092,1254.5266,1133.1208,1214.058,445.1546,267.09276,647.4976,1173.5894,971.2464,42.70375000000001,,48.08375000000001,42.502,39.9465,41.426,37.7951182,38.6693825,37.3916116,36.7863517,38.8038847,46.403259,33.8945544,35.4413297,47.07577,31.0027571,28.917973,43.040704,29.590484,34_29
-3,NASS USDA,Davie,,22,34,30,-1,,,4188.8,3508.8,3128.0,4300.049,2286.102,4544.9885,4027.894,3265.86,5089.2985,6695.013,7729.202,6341.2115,6177.9185,1679.19635,3905.42425,6504.5045,3156.998,,,833.6511,748.6672500000001,886.2601500000001,991.4807,687.9662,1092.6522,1052.1836,1133.1208,1375.9324,1537.8068,2306.7102,1962.7271,1424.49472,538.23238,1335.4638,1456.8696,1294.9952,,,50.303,46.873250000000006,35.30625,43.37625,33.2220434,41.6284309,38.2658759,28.8507218999999,36.988105,43.5114617,33.4910478,32.280528,43.3769595,31.2045103999999,29.2542285,44.7219815,24.210396,34_30
-3,NASS USDA,Duplin,,22,34,31,-1,13028.8,,23256.0,24099.2,16184.0,25936.3715,,20928.7195,13988.767,5116.514,26943.345,43653.662,52661.9925,45966.9795,36495.9855,8055.788,27487.655,32277.583,10124.166,3925.4445,,6717.771000000001,6151.212,4977.6255,6839.1934,,5746.5412,4694.3576,3035.145,9307.778,12747.609,15742.2853999999,13516.5124,8255.5944,4411.0774,9348.2466,9145.9036,6272.633,33.2215,,34.63375,39.20675,32.549,37.929,,36.4500962,29.7922372999999,16.8800261,28.917973,34.2308099,33.4237967,34.0290566,44.1839727,18.2922992,29.2542285,35.3068275,16.140264,34_31
-3,NASS USDA,Durham,,22,34,32,-1,,,,,,,,,,,808.30035,,,,1197.482,,,,1306.344,,,,,,,,,,,283.2802,,,,250.90532,,,,323.7488,,,,,,,,,,,28.5144663999999,,,,47.748281,,,,40.35066,34_32
-3,NASS USDA,Edgecombe,,22,34,33,-1,6038.4,,,9547.2,11777.6,9171.6235,11621.0185,10804.5535,12900.147,4191.187,16601.455,25038.26,27923.103,15540.0505,15050.1715,5606.393,,25174.3375,9879.2265,1630.88055,,,2233.8612000000003,3197.0115,,3116.0822,3383.17496,3739.29864,2933.9735,4370.6088,6272.633,7365.2852,4026.6257,3439.831,2189.35126,,7082.005,4006.3914,37.054750000000006,,,42.77100000000001,36.853,36.65125,37.3243605,31.9442725,34.4998143,14.2572331999999,37.9968715,39.9471534,37.9296204,38.6021314,43.7804660999999,25.6226691,,35.643083,24.882907,34_33
-3,NASS USDA,Forsyth,,22,34,34,-1,,,1360.0,1338.24,1534.08,1042.35365,,,,922.60545,1360.775,1769.0075,1986.7315,,,,,1524.068,734.8185,,,311.60745000000003,376.35705,356.12280000000004,254.95218,,,,254.95218,445.1546,526.0918,566.5604,,,,,445.1546,364.2174,,,43.64525,35.57525,43.10724999999999,40.888,,,,36.1810918,30.5992505,33.62555,35.0378231,,,,,34.298061,20.17533,34_34
-3,NASS USDA,Franklin,,22,34,35,-1,5358.4,,11179.2,10254.4,8459.199999999999,8491.236,8001.357,7021.599,6313.996,4735.497,9089.977,12519.13,14179.2755,12491.9145,12491.9145,5878.548,8028.5725,11969.3769,5688.0395,1558.03725,,2662.8273,2715.43635,2606.1714,2391.69426,2254.10102,2124.60149999999,1922.2585,2428.116,2589.9904,3237.488,3844.517,3439.831,2857.08316,2258.14788,2610.22469999999,2832.802,1982.9614,34.432,,42.03125,37.794500000000006,32.48175,35.508,35.5085808,33.0202901,32.8185368,19.502819,35.1050742,38.6693825,36.8536028,36.315594,43.713215,26.0261757,30.5992505,42.368193,28.917973,34_35
-3,NASS USDA,Gaston,,22,34,36,-1,,,1789.76,1700.0,1604.8,2226.2279,,1554.00505,2188.1262,,2558.257,2449.395,1905.085,2041.1625,2081.98575,840.95895,,1224.6975,,,,433.0129500000001,376.35705,388.4976,509.90436,,404.686,598.93528,,728.4348,607.029,526.0918,607.029,465.3889,287.32706,,323.7488,,,,41.35875,45.19200000000001,41.35875,43.64525,,38.4003781,36.5173473,,35.1050742,40.35066,36.1810918,33.62555,44.7219815,29.2542285,,37.9968715,,34_36
-3,NASS USDA,Gates,,22,34,37,-1,5412.799999999999,,13600.0,6555.2,4324.8,7076.03,8191.8655,9144.408,,6313.996,,17962.23,22997.0975,18125.523,19023.6345,6722.2285,10586.8295,19731.2375,6586.151,1218.10185,,2407.87575,1432.5849,942.91605,1634.93144,1537.8068,2233.86672,,1760.3841,,4249.20299999999,5058.575,3925.4542,4006.3914,2088.17976,2468.5846,3965.9228,1740.1498,44.45225,,56.49,45.79725,45.8645,43.309000000000005,53.2628712,40.9559199,,35.8448363,,42.3009419,45.4617435999999,46.2015057,47.4792765999999,32.2132769,43.040704,49.765814,37.660616,34_37
-3,NASS USDA,Graham,,22,34,38,-1,,,,,,,,,,,,,,,,,,,,,,,,,,,,,,,,,,,,,,,,,,,,,,,,,,,,,,,,,,34_38
-3,NASS USDA,Granville,,22,34,39,-1,3019.2,,3889.6,2363.68,3073.6,1208.3682,1951.35135,3347.5065,4572.204,3510.7995,4817.1435,6667.7975,5388.669,3048.136,4653.8505,922.60545,2531.0415,3701.308,2340.533,938.8692,,1060.2747,692.01135,1027.8999,384.4517,655.59132,1031.9493,1339.51066,1315.2295,1416.401,1902.0242,1861.5556,1133.1208,983.38698,473.48262,1011.715,1011.715,1052.1836,32.1455,,36.718500000000006,34.163000000000004,29.926250000000003,31.40575,29.7922372999999,32.4150302,34.1635588,26.6986867,34.0290566,35.0378231,28.917973,26.90044,47.3447744,19.502819,24.882907,36.6518495,22.192863,34_39
-3,NASS USDA,Greene,,22,34,40,-1,8214.4,,15368.0,12947.2,11723.2,9906.442,5116.514,8300.7275,6722.2285,2912.0585,12519.13,22153.417,28440.1975,18288.816,12872.9315,3211.429,10260.2435,14723.5855,7239.323,2047.7061,,3249.62055,3314.37015,3342.6981,2589.9904,1618.744,2270.28845999999,1821.087,1375.9324,3682.6426,5463.26099999999,7162.94219999999,4370.6088,3014.9107,1505.43192,2853.03629999999,3682.6426,2306.7102,40.14825,,47.34400000000001,39.07225,35.1045,38.26525,31.608017,36.5845984,36.9208539,21.1840965,33.9618055,40.5524133,39.678149,41.8301842,42.7044485,21.3185987,35.9793385,40.0144045,31.608017,34_40
-3,NASS USDA,Guilford,,22,34,41,-1,4678.4,,5848.0,6446.4,4651.2,5225.376,3728.5235,4517.773,3810.17,4817.1435,6041.841,11539.372,5633.6085,6722.2285,8953.8995,1241.0268,4490.5575,8817.822,5688.0395,1250.47665,,1278.8046000000002,1570.1778000000002,1367.8353,1274.7609,910.5435,1315.2295,1052.1836,1396.1667,1659.2126,2549.5218,1821.087,1861.5556,2007.24256,574.65412,1659.2126,2509.0532,1821.087,37.45825000000001,,45.73,41.08975,34.0285,41.0225,40.9559199,34.3653121,36.1810918,34.4998143,36.3828451,45.2599903,30.935506,36.1138407,44.5874793,21.5876031,26.90044,35.3068275,30.935506,34_41
-3,NASS USDA,Halifax,,22,34,42,-1,2665.6,,9683.2,,,1371.6612,1524.068,,4245.618,6096.272,6313.996,11974.82,17853.368,4653.8505,6667.7975,1616.6007,8355.1585,13009.009,3129.7825,708.19875,,1926.3006,,,364.2174,465.3889,,1214.058,2104.3672,1740.1498,3237.488,4613.4204,1214.058,1578.2754,522.04494,2347.1788,3723.1112,1416.401,37.66,,50.303,,,37.66,32.7512857,,34.970572,28.9852241,36.315594,36.988105,38.6693825,38.333127,42.2336908,30.935506,35.643083,34.970572,22.192863,34_42
-3,NASS USDA,Harnett,,22,34,43,-1,,,10553.6,8948.8,8051.2,7103.2455,2422.1795,8600.098,9035.546,,8817.822,14669.1545,19078.0655,13879.905,8736.1755,3538.015,5960.1945,8518.4515,4300.049,,,2727.5769,2140.7836500000003,2148.87735,1922.2585,728.4348,2306.7102,2306.7102,,2428.116,4127.7972,5018.1064,3804.0484,1982.9614,1598.5097,1962.7271,2225.773,1942.4928,,,38.736,41.82950000000001,37.45825000000001,36.92025,33.2220434,37.2571094,39.1401402,,36.315594,35.5085808,37.9968715,36.5173473,44.0494705,22.1256119,30.262995,38.333127,22.192863,34_43
-3,NASS USDA,Haywood,,22,34,44,-1,,,,,,,,,,,,,,,,,,,,,,,,,,,,,,,,,,,,,,,,,,,,,,,,,,,,,,,,,0.0,34_44
-3,NASS USDA,Henderson,,22,34,45,-1,,,,,,,,,,,,,,,,,,,,,,,,,,,,,,,,,,,,,,,,,,,,,,,,,,,,,,,,,,34_45
-3,NASS USDA,Hertford,,22,34,46,-1,,,,,,3129.7825,2748.7655,3401.9375,,,,,,,,2294.26665,6450.0735,8926.684,,,,,,,748.6691,615.12272,760.80968,,,,,,,,857.93432,1638.9783,2104.3672,,,,,,,41.8295,44.6547304,44.7219815,,,,,,,,26.7659377999999,39.3418935,42.368193,,34_46
-3,NASS USDA,Hoke,,22,34,47,-1,,,3753.6,,3155.2,,,,,1850.654,4708.2815,6776.6595,12519.13,,7511.478,3347.5065,5715.255,9362.132,4109.5405,,,942.91605,,801.2763,,,,,813.41886,1780.6184,2347.1788,3197.0194,,1821.087,1517.5725,1841.3213,2509.0532,1699.6812,,,39.812000000000005,,39.4085,,,,,22.7308717999999,26.4296822999999,28.8507218999999,39.1401402,,41.2249243,22.0583607999999,30.935506,37.3243605,24.210396,34_47
-3,NASS USDA,Hyde,,22,34,48,-1,,,11995.2,,5548.799999999999,4354.48,,,8953.8995,3293.0755,18043.8765,31433.9025,,28712.3525,27215.5,3211.429,24004.071,27895.8875,14043.198,,,1962.72225,,1375.929,1100.74592,,,2015.33628,1719.9155,4492.01459999999,6313.1016,,6353.5702,5382.3238,1262.62032,5341.8552,6434.50739999999,3804.0484,,,61.13025,,40.35,39.543,,,44.4529770999999,19.1665635,40.1489067,49.765814,,45.1927392,50.5728272,25.4209157999999,45.058237,43.3769595,36.988105,34_48
-3,NASS USDA,Iredell,,22,34,49,-1,10689.6,,14280.0,12321.6,9846.4,11457.7255,8817.822,,9933.6575,,10777.338,9198.839,10995.062,9933.6575,9117.1925,7429.8315,7293.754,15322.3265,7429.8315,2448.34425,,2869.2166500000003,3237.48,2468.5785,2529.2875,1703.72806,,2589.9904,,2711.3962,2063.8986,3318.4252,2711.3962,1877.74304,1861.5556,2428.116,3480.2996,2630.459,43.7125,,49.76500000000001,38.063500000000005,39.87925,45.3265,51.783347,,38.333127,,39.7454001,44.5874793,33.1547923,36.6518495,48.5552942,39.8799023,29.9267395,44.0494705,28.245462,34_49
-3,NASS USDA,Jackson,,22,34,50,-1,,,,,,,,,,,,,,,,,,,,,,,,,,,,,,,,,,,,,,,,,,,,,,,,,,,,,,,,,,34_50
-3,NASS USDA,Johnston,,22,34,51,-1,7670.4,,15721.6,10608.0,9792.0,10178.597,10287.459,8572.8825,6831.0905,5851.3325,14424.215,29229.447,35053.564,26290.173,22343.9255,3810.17,15213.4645,23759.1315,10559.614,1885.8321,,3265.8079500000003,2424.06315,3018.9501,2618.31842,2792.3334,2347.1788,2104.3672,2266.2416,4208.7344,7365.2852,9348.2466,5625.1354,4815.7634,2088.17976,4653.889,5746.5412,3561.2368,40.68625,,48.151,43.77975,32.48175,38.8705,36.8536028,36.5173473,32.4822813,25.8244224,34.298061,39.678149,37.5261138,46.7395145,46.403259,18.2250481,32.6167835,41.3594265,29.590484,34_51
-3,NASS USDA,Jones,,22,34,52,-1,,,,3481.6,3944.0,4136.756,,5796.9015,5470.3155,,,14396.9995,20765.4265,9988.0885,10668.476,2117.3659,14315.353,13852.6895,3265.86,,,,934.82235,1315.2262500000002,1286.90148,,1396.1667,1416.401,,,3763.5798,5422.7924,2549.5218,2468.5846,1214.058,5220.44939999999,4572.9518,1375.9324,,,,37.2565,29.9935,32.1455,,41.4939287,38.6021314,,,38.2658759,38.2658759,39.2073913,43.2424573,17.4180349,27.572951,30.262995,23.537885,34_52
-3,NASS USDA,Lee,,22,34,53,-1,,,4270.4,,1670.08,1439.69995,,,,658.6151,653.172,1741.792,2041.1625,1360.775,2204.4555,,2081.98575,3619.6615,1496.8525,,,841.7448,,505.8562500000001,392.54542,,,,194.24928,190.20242,526.0918,526.0918,505.8575,598.93528,,627.2633,829.6063,526.0918,,,50.77375,,33.01975,36.65125,,,,33.8945544,34.3653121,33.0875412,38.8038847,26.90044,36.7863517,,33.2892945,43.713215,28.245462,34_53
-3,NASS USDA,Lenoir,,22,34,54,-1,8840.0,,15476.8,7670.4,5059.2,11240.0015,5878.548,8872.253,7348.185,3864.601,16329.3,31869.3505,31406.687,25528.139,22888.2355,4490.5575,18370.4625,20357.194,6803.875,2246.00175,,3654.30555,2262.18915,1906.06635,2869.22374,1780.6184,2347.1788,2011.28942,2387.6474,4734.82619999999,7972.3142,9064.9664,6636.8504,5260.918,2359.31938,5989.3528,6232.1644,3723.1112,39.4085,,42.36750000000001,33.894000000000005,26.56375,39.20675,33.0202901,37.7951182,36.5173473,16.2075151,34.4998143,39.9471534,34.6343165,38.4676292,43.5114617,19.0320613,30.5992505,32.6167835,18.157797,34_54
-3,NASS USDA,Lincoln,,22,34,55,-1,5684.799999999999,,7017.599999999999,5929.599999999999,7044.799999999999,7729.202,5143.7295,3674.0925,3401.9375,,4844.359,6531.72,6150.703,6422.858,7076.03,2966.4895,3429.153,5987.41,2286.102,1355.69475,,1574.22465,1307.13255,1541.84985,1768.47782,1242.38602,934.82466,906.49664,,1416.401,1902.0242,1578.2754,1861.5556,1598.5097,1149.30824,1112.8865,1416.401,1092.6522,41.964000000000006,,44.58675,45.39375,45.73,43.7125,41.4266776,39.2746424,37.5261138,,34.2308099,34.3653121,38.9383869,34.4998143,44.2512238,25.8244224,30.935506,42.368193,20.847841,34_55
-3,NASS USDA,Macon,,22,34,56,-1,,,,,,,,,,,,,,,,,,,,,,,,,,,,,,,,,,,,,,,,,,,,,,,,,,,,,,,,,,34_56
-3,NASS USDA,Madison,,22,34,57,-1,,,,,,,,,,,,,,,,,,,,,,,,,,,,,,,,,,,,,,,,,,,,,,,,,,,,,,,,,,34_57
-3,NASS USDA,Martin,,22,34,58,-1,,,12566.4,7915.2,3073.6,4789.928,4599.4195,3156.998,3864.601,3347.5065,8164.65,14152.06,16710.317,6041.841,4327.2645,1213.8113,7076.03,14696.37,6994.3835,,,2549.5155,1978.90965,1015.75935,1274.7609,1141.21452,1019.80872,1173.5894,1436.6353,2225.773,3682.6426,4289.6716,1578.2754,971.2464,473.48262,2165.0701,3965.9228,2266.2416,,,49.294250000000005,40.01375,30.262500000000003,37.59275,40.2834089,30.935506,32.953039,23.2688806,36.6518495,38.4003781,38.9383869,38.2658759,44.5874793,25.6226691,32.6167835,36.988105,30.935506,34_58
-3,NASS USDA,McDowell,,22,34,59,-1,,,,,,,,,,,,,,,,,,,,,,,,,,,,,,,,,,,,,,,,,,,,,,,,,,,,,,,,,,34_59
-3,NASS USDA,Mecklenburg,,22,34,60,-1,,,,,1020.0,830.07275,500.7652,,680.3875,,,,,,,,,1551.2835,1115.8355,,,,,283.2795,198.29614,125.45266,,174.01498,,,,,,,,,384.4517,404.686,,,,,36.04600000000001,41.8295,39.9471534,,39.0728891,,,,,,,,,40.35066,27.572951,34_60
-3,NASS USDA,Mitchell,,22,34,61,-1,,,,,,,,,,,,,,,,,,,,,,,,,,,,,,,,,,,,,,,,,,,,,,,,,,,,,,,,,,34_61
-3,NASS USDA,Montgomery,,22,34,62,-1,,,296.48,,206.72,231.33175,,,,,375.5739,,,,462.6635,,,,,,,56.6559,,52.60905,56.65604,,,,,121.4058,,,,121.4058,,,,,,,52.38775,,39.34125,40.82075,,,,,30.935506,,,,38.1313737,,,,,34_62
-3,NASS USDA,Moore,,22,34,63,-1,2641.12,,3454.4,2037.28,1444.32,1401.59825,857.28825,2345.9761,2038.44095,1932.3005,,3129.7825,4354.48,3891.8165,2748.7655,990.6442,1545.8404,1741.792,326.586,651.54285,,789.13575,485.622,513.9499500000001,339.93624,283.2802,635.35702,602.98214,607.029,,971.2464,1294.9952,1173.5894,716.29422,420.87344,615.12272,465.3889,323.7488,40.55175,,43.77975,41.964000000000006,28.1105,41.22425,30.262995,36.9208539,33.8273033,31.8097702999999,,32.2132769,33.62555,33.1547923,38.4003781,23.537885,25.2191625,37.3243605,10.087665,34_63
-3,NASS USDA,Nash,,22,34,64,-1,,,,2624.8,4732.8,,3075.3515,2041.1625,3891.8165,4000.6785,5034.8675,13716.612,15784.99,7402.616,8981.115,3701.308,6368.427,14424.215,7348.185,,,,716.29245,1323.31995,,963.15268,732.48166,1056.23046,1578.2754,1456.8696,3277.9566,4249.20299999999,1962.7271,2104.3672,1428.54158,1970.82082,3763.5798,2266.2416,,,,36.651250000000005,35.77700000000001,,31.9442725,27.8419553999999,36.8536028,25.3536647,34.5670654,41.8301842,37.1226072,37.7278671,42.7044485,25.8916735,32.280528,38.333127,32.280528,34_64
-3,NASS USDA,New Hanover,,22,34,65,-1,,,,,,,,,,,,,,,,,,,,,,,,,,,,,,,,,,,,,,,,,,,,,,,,,,,,,,,,,,34_65
-3,NASS USDA,Northampton,,22,34,66,-1,1950.24,,10907.2,7344.0,9710.4,8191.8655,4817.1435,7538.6935,12655.2075,,13199.5175,19105.281,30726.2995,17907.799,11784.3115,4653.8505,15784.99,22643.296,8926.684,473.48145,,2181.2521500000003,1780.614,2476.6722,1926.30536,1230.24544,2205.5387,2933.9735,,3197.0194,4451.546,7122.4736,4572.9518,2347.1788,1946.53966,4127.7972,5179.9808,2630.459,41.22425,,50.034000000000006,41.2915,39.20675,42.502,39.1401402,34.1635588,43.1079550999999,,41.2921754,42.9062018,43.1079550999999,39.1401402,50.2365717,23.9413916,38.333127,43.713215,33.62555,34_66
-3,NASS USDA,Onslow,,22,34,67,-1,2050.88,,2937.6,4270.4,2567.68,3510.7995,1183.87425,2193.5693,,585.13325,3156.998,7729.202,10913.4155,9089.977,10233.028,2580.0294,5633.6085,7086.9162,4245.618,809.37,,967.19715,1246.4298,760.8078,1011.715,335.88938,546.3261,,388.49856,1011.715,2549.5218,3237.488,2589.9904,2367.41309999999,1205.96428,2124.60149999999,2509.0532,1537.8068,25.353250000000003,,30.397,34.2975,33.7595,34.701,35.2395764,40.1489067,,15.0642463999999,31.2045103999999,30.3302461,33.6928011,35.1050742,43.2424573,21.3858498,26.5641845,28.245462,27.572951,34_67
-3,NASS USDA,Orange,,22,34,68,-1,,,1757.12,1460.64,2287.52,1537.67575,729.3754,1695.52565,1221.97595,1480.5232,2748.7655,4517.773,3483.584,2686.16985,4272.8335,1720.0196,2531.0415,4490.5575,2857.6275,,,335.88855,364.2165,526.0905,339.93624,169.96812,404.686,307.56136,420.87344,687.9662,1052.1836,1052.1836,849.8406,910.5435,534.18552,768.9034,1133.1208,768.9034,,,52.3205,40.14825,43.51075000000001,45.25925,42.9062018,41.8974353,39.7454001,35.1723253,39.9471534,42.9062018,33.0875412,31.608017,46.9412678,32.2132769,32.953039,39.678149,36.988105,34_68
-3,NASS USDA,Pamlico,,22,34,69,-1,,,4569.599999999999,,,,,,,,5170.945,14288.1375,15975.4985,17036.903,16574.2395,5660.824,9334.9165,14832.4475,9389.3475,,,,,,,,,,,1416.401,3601.7054,3925.4542,4330.1402,3439.831,2282.42904,3014.9107,3965.9228,2913.7392,,,46.469750000000005,,,,,,,,36.5173473,39.678149,40.6869155,39.3418935,48.1517875999999,24.8156559,30.935506,37.3243605,32.280528,34_69
-3,NASS USDA,Pasquotank,,22,34,70,-1,6092.799999999999,,14987.2,13300.8,14715.2,7184.892,7184.892,10314.6745,12083.682,10505.183,25310.415,31025.67,36632.063,32386.445,33202.91,10069.735,28331.3355,55655.6975,26290.173,1456.866,,983.38455,2638.5462,2719.4832,1525.66622,1570.18168,2456.44402,2784.23968,3561.2368,5341.8552,6313.1016,7608.0968,7324.8166,6798.7248,3180.83196,8741.2176,12059.6428,8498.40599999999,41.82950000000001,,52.455000000000005,50.4375,54.13625,47.075,45.730748,41.9646864,43.3769595,29.5232328999999,47.4120255,49.1605540999999,48.1517875999999,44.1839727,48.8242985999999,31.6752681,32.280528,46.0670035,30.935506,34_70
-3,NASS USDA,Pender,,22,34,71,-1,6745.599999999999,,,,6065.599999999999,5170.945,,,,,,,,,10477.9675,1687.361,,,2721.55,1553.9904,,2857.0761,,1448.7723,1234.2923,,,,,,,,,2428.116,942.91838,,,1416.401,43.44349999999999,,,,41.89675,41.89675,,,,,,,,,43.1752062,17.8887926,,,19.502819,34_71
-3,NASS USDA,Perquimans,,22,34,72,-1,12784.0,,32667.2,27064.0,22684.8,15403.973,18397.678,22588.865,27596.517,18316.0315,35652.305,40551.095,58268.3855,40197.2935,34890.271,11784.3115,22398.3565,44170.7565,22969.882,2594.03085,,5746.527,5341.842000000001,4330.1295,3496.48704,3735.25178,5139.5122,5867.947,4856.232,8093.72,9307.778,12261.9858,8619.8118,7365.2852,3893.07932,5422.7924,9186.3722,5341.8552,49.294250000000005,,56.8935,50.706500000000005,52.38775,44.04875,49.2278052,43.9822194,47.0085189,37.7278671,44.0494705,43.5787128,47.5465277,46.6050123,47.3447744,30.262995,41.3594265,48.0845365,43.040704,34_72
-3,NASS USDA,Person,,22,34,73,-1,8758.4,,11777.6,11478.4,7996.799999999999,9416.563,3946.2475,5551.962,8627.3135,,8327.943,12981.7935,11784.3115,12165.3285,15948.283,5905.7635,6232.3495,13787.3723,6150.703,2565.7029,,2513.09385,3225.33945,2573.7966,2436.20972,1375.9324,1902.0242,2848.98944,,2448.3503,3682.6426,3480.2996,3965.9228,3152.50394,2063.8986,2630.459,3763.5798,2549.5218,34.163000000000004,,46.873250000000006,35.57525,31.069500000000005,38.66875,28.6489686,29.1869773999999,30.262995,,34.0290566,35.2395764,33.8273033,30.6665016,50.5728272,28.5817175,23.537885,36.6518495,24.210396,34_73
-3,NASS USDA,Pitt,,22,34,74,-1,3590.4,,13464.0,9384.0,10635.2,12981.7935,6177.9185,6395.6425,5443.1,2482.0536,17907.799,31651.6265,47409.401,27814.241,23895.209,5932.979,23459.761,42864.4125,19731.2375,1035.9936,,3492.43155,2731.62375,3957.8193,3326.51892,1942.4928,1699.6812,1513.52564,1537.8068,5220.44939999999,8984.02919999999,13314.1693999999,6960.5992,5584.6668,3083.70732,7365.2852,11209.8022,7203.4108,34.70100000000001,,38.6015,34.36475,26.90000000000001,39.005,31.8097702999999,37.660616,35.9793385,16.140264,34.298061,35.2395764,35.5758319,39.9471534,42.7716996,19.2338146,31.9442725,38.333127,27.572951,34_74
-3,NASS USDA,Polk,,22,34,75,-1,,,,,,,,,,,,,,,,,,,,,,,,,,,,,,,,,,,,,,,,,,,,,,,,,,,,,,,,,,34_75
-3,NASS USDA,Randolph,,22,34,76,-1,5113.599999999999,,8676.8,10825.6,4923.2,5715.255,3020.9205,3646.877,5062.083,3456.3685,4463.342,5851.3325,8953.8995,6232.3495,3782.9545,1714.5765,4272.8335,7076.03,3755.739,1343.5542,,1817.03565,2351.21985,1278.8046000000002,1371.88554,894.35606,1011.715,1404.26042,979.34012,1173.5894,1335.4638,2185.3044,1780.6184,845.79374,647.4976,1396.1667,1821.087,1214.058,38.063500000000005,,47.7475,46.06625,38.53425,41.62775,33.7600522,36.0465896,36.0465896,35.3068275,38.0641226,43.8477172,40.9559199,34.970572,44.7219815,26.4969333999999,30.5992505,39.005638,30.935506,34_76
-3,NASS USDA,Richmond,,22,34,77,-1,,,,,,,,,,,,2721.55,4300.049,2531.0415,3265.86,,,,,,,,,,,,,,,,1011.715,1214.058,768.9034,849.8406,,,,,,,,,,,,,,,,26.90044,35.4413297,32.8857879,38.4003781,,,,,34_77
-3,NASS USDA,Robeson,,22,34,78,-1,34761.6,,43220.8,34598.4,32884.8,36359.908,10804.5535,31787.704,25609.7855,22861.02,58649.4025,84068.6795,84313.619,82653.4735,86545.29,32522.5225,47899.28,76938.2185,25854.725,9105.4125,,10845.558,8984.007,10036.188,9995.7442,3383.17496,9510.121,8741.2176,10724.179,19020.242,23269.445,25171.4692,22945.6962,20638.986,14042.6042,14771.0389999999,20800.8603999999,15378.068,38.198,,39.87925,38.53425,32.818,36.38225,31.9442725,33.4237967,29.3214796,21.3185987,30.8682548999999,36.1138407,33.4910478,36.0465896,41.9646864,23.1343784,32.280528,36.988105,16.812775,34_78
-3,NASS USDA,Rockingham,,22,34,79,-1,4188.8,,5440.0,5440.0,3454.4,3919.032,1575.77745,5633.6085,4027.894,3810.17,5497.531,6912.737,4109.5405,6014.6255,6014.6255,1883.3126,3238.6445,8493.95755,5170.945,1133.118,,1335.4605,1440.6786,1040.04045,934.82466,465.3889,1416.401,1278.80776,1072.4179,1618.744,1699.6812,1052.1836,1659.2126,1533.75994,793.18456,1416.401,2306.7102,1821.087,36.9875,,40.7535,37.794500000000006,33.2215,41.89675,33.8273033,39.7454001,31.4735147999999,35.5085808,33.9618055,40.6869155,39.0728891,36.2483429,39.2073913,23.7396382999999,22.865374,36.988105,28.245462,34_79
-3,NASS USDA,Rowan,,22,34,80,-1,8758.4,,15531.2,15966.4,9057.6,13879.905,6259.565,8300.7275,12165.3285,15431.1885,13444.457,11920.389,12573.561,13090.6555,12301.406,5034.8675,8327.943,18452.109,7946.926,1796.8014,,2666.87415,3225.33945,1982.9565,2974.4421,1266.66718,1902.0242,2832.802,4046.86,2954.2078,2670.9276,2832.802,3601.7054,2529.2875,1578.2754,2399.78798,3844.517,2630.459,48.75625,,58.2385,49.56325,45.73,46.6715,49.4295585,43.6459639,42.9734529,38.1313737,45.5289947,44.6547304,44.385726,36.315594,48.6225453,31.8770213999999,34.6343165,48.0845365,30.262995,34_80
-3,NASS USDA,Rutherford,,22,34,81,-1,,,,,,,,,,819.18655,,,762.034,865.4529,1197.482,438.16955,,,,,,,,,,,,,271.13962,,,283.2802,242.8116,275.18648,202.343,,,,,,,,,,,,,30.1957438999999,,,26.90044,35.643083,43.5114617,21.6548542,,,,34_81
-3,NASS USDA,Sampson,,22,34,82,-1,,,24724.8,16918.399999999998,14171.2,18316.0315,12682.423,21636.3225,17363.489,5089.2985,33012.4015,53396.811,68011.5345,56880.395,45395.454,9906.442,28358.551,35652.305,14614.7235,,,5746.527,4613.409000000001,4370.598,5018.1064,3723.1112,5544.1982,4532.4832,2250.05416,10724.179,14568.696,18048.9956,14690.1018,9874.3384,5018.1064,9429.18379999999,9145.9036,8498.40599999999,,,43.040000000000006,36.718500000000006,32.414500000000004,36.51675,34.0963077,39.005638,38.333127,22.5963696,30.8010037999999,36.6518495,37.660616,38.7366336,45.9997524,19.7718234,29.9267395,39.005638,17.485286,34_82
-3,NASS USDA,Scotland,,22,34,83,-1,4460.8,,,5385.599999999999,3753.6,6939.9525,,4762.7125,4327.2645,,,8790.6065,14587.508,9988.0885,9498.2095,,,6858.306,3810.17,1210.00815,,,1533.7561500000002,1497.3345000000002,1804.89956,,1659.2126,1817.04014,,,2589.9904,3480.2996,2751.8648,2104.3672,,,1699.6812,1456.8696,36.853,,,35.1045,25.08425,38.467,,28.7162197,23.8068894,,,33.9618055,41.8974353,36.315594,45.1254880999999,,,40.35066,26.227929,34_83
-3,NASS USDA,Stanly,,22,34,84,-1,,,14796.8,14960.0,12947.2,16029.9295,7021.599,17635.644,14451.4305,,18479.3245,23133.175,22697.727,17363.489,19867.315,7620.34,9525.425,14968.525,7892.495,,,3391.2603,3435.77565,3083.6997,3682.6426,1764.43096,4330.1402,3536.95564,,4694.3576,5382.3238,5787.0098,4330.1402,4168.2658,2254.10102,2913.7392,3520.7682,2751.8648,,,43.64525,43.578,42.03125,43.51075,39.8126512,40.7541666,40.8886688,,39.3418935,42.9734529,39.2073913,40.0816556,47.6810299,33.8273033,32.6167835,42.368193,28.917973,34_84
-3,NASS USDA,Stokes,,22,34,85,-1,,,388.96,225.76,236.64,,,538.8669,707.603,,742.98315,,,1132.1648,,394.62475,555.1962,,816.465,,,89.03070000000001,60.70275,64.7496,,,182.1087,254.95218,,222.5773,,,364.2174,,121.4058,263.0459,,283.2802,,,43.7125,37.18925,36.584,,,29.590484,27.7747042999999,,33.3565456,,,31.0700082,,32.4822813,21.1840965,,28.917973,34_85
-3,NASS USDA,Surry,,22,34,86,-1,,,4624.0,3753.6,4352.0,4191.187,,,,4626.635,,,,3429.153,,2003.0608,,4501.4437,2993.705,,,861.97905,841.7448,906.4944,825.55944,,,,1133.1208,,,,930.7778,,607.029,,1092.6522,809.372,,,53.6655,44.58675,48.01650000000001,50.77375,,,,40.8214177,,,,36.8536028,,33.0202901,,41.3594265,36.988105,34_86
-3,NASS USDA,Swain,,22,34,87,-1,,,,,,,,,,,,,,,,,,,,,,,,,,,,,,,,,,,,,,,,,,,,,,,,,,,,,,,,,,34_87
-3,NASS USDA,Transylvania,,22,34,88,-1,,,,,,,,,,,,,,,,,,,,,,,,,,,,,,,,,,,,,,,,,,,,,,,,,,,,,,,,,,34_88
-3,NASS USDA,Tyrrell,,22,34,89,-1,,,,,13654.4,5225.376,,12165.3285,16274.869,6967.168,21500.245,20983.1505,,32277.583,35652.305,6041.841,20602.1335,35924.46,29528.8175,,,,,3075.606,1489.24448,,3310.33148,3925.4542,3763.5798,6029.8214,6191.69579999999,,7041.5364,6555.9132,2857.08316,6474.976,8538.8746,7082.005,,,,,44.45225,35.1045,,36.7191006,41.4266776,18.4940525,35.643083,33.8945544,,45.8652502,54.4061399,21.1168454,31.9442725,42.0319375,41.695682,34_89
-3,NASS USDA,Union,,22,34,90,-1,73875.2,,78662.4,93812.8,,82326.8875,34291.53,89402.9175,72393.23,49396.1325,64527.9505,87225.6775,72121.075,67766.595,86545.29,41122.6205,45558.747,81619.2845,33094.048,15378.03,,15458.967,18534.573,,16146.9714,7284.348,20031.957,19708.2082,14568.696,18089.4642,20517.5802,20962.7348,20031.957,18089.4642,14002.1356,14042.6042,17482.4352,12949.952,48.08375000000001,,50.90825000000001,50.63925,,50.9755,47.07577,44.6547304,36.7191006,33.8945544,35.643083,42.5026952,34.4325632,33.8273033,47.8155320999999,29.3887307,32.280528,46.7395145,25.555418,34_90
-3,NASS USDA,Vance,,22,34,91,-1,,,2559.52,2883.2,1781.6,2966.4895,1085.89845,1681.9179,2544.64925,2631.73885,3565.2305,5361.4535,6014.6255,4517.773,3919.032,704.88145,2550.09235,4544.9885,2231.671,,,582.7464,704.1519000000001,611.07435,720.34108,307.56136,441.10774,687.9662,768.9034,849.8406,1214.058,1537.8068,1214.058,768.9034,267.09276,829.6063,1133.1208,728.4348,,,43.91425,40.95525000000001,29.1865,41.157,35.3068275,38.1313737,36.988105,34.2308099,41.9646864,44.1839727,39.1401402,37.1898583,50.9763338,26.3624312,30.5992505,40.0144045,30.935506,34_91
-3,NASS USDA,Wake,,22,34,92,-1,1520.48,,2301.12,2597.6,2434.4,3565.2305,2035.7194,2585.4725,3320.291,1782.61525,4327.2645,8028.5725,8327.943,6313.996,4572.204,1556.7266,2816.80425,5660.824,2449.395,457.29405,,667.7302500000001,764.85465,748.6672500000001,1003.62128,720.34108,744.62224,1100.74592,902.44978,1254.5266,2387.6474,2670.9276,2347.1788,1274.7609,667.7319,1080.51162,1578.2754,1214.058,33.28875,,34.49925,33.96125,32.549,35.508,28.245462,34.7015676,30.1957438999999,19.7718234,34.4998143,33.62555,31.2045103999999,26.90044,35.8448363,23.3361317,26.227929,35.9793385,20.17533,34_92
-3,NASS USDA,Warren,,22,34,93,-1,3128.0,,4977.599999999999,,3998.4,4109.5405,2830.412,3674.0925,3429.153,2367.7485,3674.0925,7484.2625,6232.3495,6041.841,3782.9545,185.0654,1605.7145,4313.65675,1877.8695,942.91605,,1120.97745,,1210.00815,1056.23046,712.24736,930.7778,809.372,700.10678,971.2464,1618.744,1618.744,1578.2754,736.52852,89.03092,768.9034,1011.715,607.029,33.2215,,44.45225,,33.087,38.93775,39.7454001,39.4763957,42.368193,33.8273033,37.8623693,46.2687568,38.5348803,38.2658759,51.3798404,20.7805899,20.847841,42.7044485,30.935506,34_93
-3,NASS USDA,Washington,,22,34,94,-1,,,,,,5796.9015,4191.187,9688.718,10287.459,3401.9375,19323.005,26480.6815,40551.095,32495.307,36114.9685,5334.238,30753.515,38237.7775,22126.2015,,,,,,1719.9155,906.49664,2391.69425999999,2387.6474,2509.0532,4977.63779999999,7082.005,9510.121,7405.75379999999,7162.94219999999,2250.05416,7729.5026,9995.7442,7001.0678,,,,,,33.69225,46.2687568,40.4851622,43.1079550999999,13.5847221999999,38.8038847,37.3916116,42.6371974,43.8477172,50.438325,23.7396382999999,39.678149,38.333127,31.608017,34_94
-3,NASS USDA,Watauga,,22,34,95,-1,,,,,,,,,,,,,,,,,,,,,,,,,,,,,,,,,,,,,,,,,,,,,,,,,,,,,,,,,,34_95
-3,NASS USDA,Wayne,,22,34,96,-1,12566.4,,23065.6,17897.6,18876.8,24085.7175,14424.215,23405.33,21636.3225,,35652.305,55410.758,66677.975,57043.688,54839.2325,16655.886,38373.855,50838.554,19595.16,3326.5107000000003,,5422.779,5018.094,5625.1215,6717.7876,4977.63779999999,6596.3818,6515.4446,,11331.208,14406.8216,18129.9328,15256.6621999999,12059.6428,7972.3142,10926.5219999999,12504.7974,9671.9954,37.794500000000006,,42.56925,35.70975,33.55775,35.844249999999995,28.9852241,35.5085808,33.2220434,,31.4735147999999,38.4676292,36.7863517,37.3916116,45.4617435999999,20.9150921,34.970572,40.6869155,20.17533,34_96
-3,NASS USDA,Wilkes,,22,34,97,-1,,,,,,,,,,,,,,,,,,,2204.4555,,,,,,,,,,,,,,,,,,,1092.6522,,,,,,,,,,,,,,,,,,,20.17533,34_97
-3,NASS USDA,Wilson,,22,34,98,-1,,,16129.6,,9193.6,9933.6575,6803.875,6041.841,3755.739,,10750.1225,16547.024,23976.8555,15512.835,10858.9845,6177.9185,14206.491,16547.024,5443.1,,,3164.6367,,2731.62375,2407.8817,1728.00922,1679.4469,930.7778,,2731.63049999999,4006.3914,5746.5412,3601.7054,2509.0532,2407.8817,3702.87689999999,4168.2658,2023.43,,,50.9755,,33.69225,41.22425,39.3418935,35.9793385,40.35066,,39.3418935,41.2921754,41.695682,43.040704,43.3097084,25.6899202,38.333127,39.678149,26.90044,34_98
-3,NASS USDA,Yadkin,,22,34,99,-1,7072.0,,8568.0,5902.4,,,3538.015,5524.7465,,5878.548,,,8382.374,7157.6765,6150.703,3401.9375,7470.65475,11446.8393,4708.2815,1351.6479000000002,,1448.7723,1303.0857,,,849.8406,1375.9324,,1489.24448,,,2670.9276,1780.6184,2104.3672,1072.4179,2415.97541999999,2549.5218,1578.2754,52.3205,,59.18,45.3265,,,41.6284309,40.1489067,,39.4763957,,,31.4062637,40.2161578,29.2542285,31.7425192,30.935506,45.058237,29.590484,34_99
-3,NASS USDA,Yancey,,22,34,100,-1,,,,,,,,,,,,,,,,,,,,,,,,,,,,,,,,,,,,,,,,,,,,,,,,,,,,,,,,,,34_100
-2,NASS USDA,North Dakota,,22,35,-1,-1,7638168.0,8617504.0,7463272.0,7308640.0,4801208.0,7551947.4485,8035648.53,8736719.81,5670213.3475,7480452.33,8914709.18,8677526.0975,6637588.295,8093345.39,4943015.1875,7888412.675,8599009.38,7256060.5325,6961860.9775,2069963.775,2177205.3000000003,2280399.975,2167088.1750000003,2132689.95,2291736.818,2436209.71999999,2654740.16,2057828.31,2415975.42,2768052.23999999,2709372.77,2128648.36,2602130.98,2377530.25,2634505.86,2770075.67,2788286.54,2810544.27,36.900008068981776,39.58057607153537,32.727907743465046,33.74430438842203,22.52492172675522,32.95249999999999,32.9843185813953,32.9099818932926,27.5544354562438,30.9625416180904,32.2058045555555,32.0278969073935,31.182263838403,31.1028493281493,20.7906060212765,29.9427516666666,31.0425968677867,26.0234427089985,24.7705797487401,35_-1
-3,NASS USDA,Adams,,22,35,1,-1,,,180608.0,146961.59999999998,,107718.949,,,,,182126.126,15648.9125,,146773.1915,64772.89,143044.668,112127.86,51981.605,116509.5555,,,54458.46045,48104.90595000001,,47955.291,,,,,63131.0159999999,5422.7924,,63495.2334,57870.098,63252.4218,50181.064,45729.518,57748.6922,,,33.16436023119343,30.56772459409439,,22.4615,,,,,28.8507218999999,28.8507218999999,,23.1074608150414,11.1636826,22.6433550134357,22.192863,11.432687,20.1918717912403,35_1
-3,NASS USDA,Barnes,,22,35,2,-1,95988.8,,105916.8,102924.8,110486.4,60744.996,108862.0,143616.1935,99826.454,164000.603,178860.266,127069.1695,103582.193,104915.7525,92252.38035,166586.0755,165606.3175,204007.388,159074.5975,23147.982,,26425.9305,25191.641250000004,29703.879,16389.783,30756.136,37919.0781999999,26425.9958,38040.484,42451.5614,32536.7543999999,28449.4258,31565.5079999999,40387.6628,47348.262,46134.204,51354.6533999999,57101.1945999999,41.49325,,40.081,40.88438092369478,37.21380449591281,37.05475,35.3740786,37.8623693,37.7951182,43.1079550999999,42.1664397,39.0728891,36.3828451,33.2220434,22.8276379118236,35.1826716230769,35.9793385,39.6574808132387,27.8323276734231,35_2
-3,NASS USDA,Benson,,22,35,3,-1,,,169211.19999999998,221870.4,,210539.108,,221370.877,158394.21,172682.3475,177744.4305,162449.3195,,156679.6335,136349.655,171838.667,175158.958,187514.795,163973.3875,,,53135.1405,57505.7385,,55603.8564,,61107.5859999999,46255.6098,48562.32,52771.0544,46012.7982,,47388.7305999999,59084.1559999999,56008.5424,56251.354,65640.0692,62969.1415999999,,,31.8765,38.6015,,37.86175,,36.2483429,34.2308099,35.5758319,33.6928011,35.3068275,,33.0488330519214,23.0671272999999,30.6785523751445,31.1290343453237,28.4859406559802,26.0154570156812,35_3
-3,NASS USDA,Billings,,22,35,4,-1,,,,30733.28,,34209.8835,38156.131,33638.358,15648.9125,16166.007,39544.1215,,,,19785.6685,24493.95,4136.756,1360.775,15403.973,,,,11634.693750000002,,14285.4158,13637.9182,12990.4206,11007.4592,9348.2466,12949.952,,,,10562.3046,10926.5219999999,1375.9324,2023.43,8984.02919999999,,,,26.436267391304348,,23.941,27.9764576,25.8916735,14.1899821,17.2835327,30.5319993999999,,,,18.7161614969348,22.3946162999999,29.9267395,6.72511,17.1444865067567,35_4
-3,NASS USDA,Bottineau,,22,35,5,-1,335675.19999999995,,359828.8,352539.19999999995,,348766.6325,416288.288,367001.0175,276836.066,288647.593,317006.144,264806.815,207926.42,357475.5925,134172.415,276836.066,303262.3165,223439.255,304160.428,97731.4275,,100968.9075,92672.865,,90042.635,117156.597,110276.935,84781.717,85591.0889999999,96339.54916,82960.63,57789.1608,107444.133,59084.1559999999,92511.2196,101778.529,91823.2534,110641.152399999,34.36475,,35.642500000000005,38.063500000000005,,38.736,35.5085808,33.2892945,32.6840346,33.6928011,32.9362700119465,31.9442725,35.9793385,33.2974000939736,22.7308717999999,29.9013217614173,29.700118,24.3144292133098,27.4817413881492,35_5
-3,NASS USDA,Bowman,,22,35,6,-1,,,125685.76,84456.0,,81510.4225,89756.719,96533.3785,247.66105,1551.2835,,96342.87,,100833.4275,46810.66,77155.9425,95390.3275,46892.3065,78952.1655,,,36223.35435,31970.115,,33953.1554,32779.566,33265.1892,194.24928,728.4348,,36017.054,,43961.0401799999,37433.455,37028.769,41277.972,40023.4454,40751.8802,,,34.69743822882598,26.42925,,24.00825,27.3711977,29.0524752,12.777709,21.3185987,,26.7659377999999,,22.9247132058823,12.5188831448648,20.847841,23.2016295,11.8825009802831,19.4009739875868,35_6
-3,NASS USDA,Burke,,22,35,7,-1,,,108936.0,83640.0,,182479.9275,,,,,,175431.113,,146201.666,32522.5225,91416.8645,134172.415,103908.779,94846.0175,,,46336.4325,29420.5995,,54349.3298,,,,,,60500.557,,58598.5328,15378.068,39052.199,48359.977,46579.3586,46700.7644,,,23.5375,28.44675,,33.55775,,,,,,28.9852241,,24.9580071579419,21.1168454,23.4033827999999,27.9092065,22.2290886142484,20.3304620868284,35_7
-3,NASS USDA,Burleigh,,22,35,8,-1,,,78553.59999999999,65443.2,,65888.7255,,,,,,,,17417.92,80040.7855,13226.733,26535.1125,98111.8775,100125.8245,,,21326.8995,25025.7204,,23836.0054,,,,,,,,4532.4832,49452.6291999999,3358.8938,7891.37699999999,43706.0879999999,46538.89,,,36.853,26.16468693402329,,27.63975,,,,,,,,38.4003781,16.2024520057283,39.4091446,33.62555,22.5291185,21.5314630513043,35_8
-3,NASS USDA,Cass,,22,35,9,-1,136924.8,,153408.0,141328.47999999998,140977.6,105133.4765,118877.304,187923.0275,158040.4085,173226.6575,209096.6865,129845.1505,114277.8845,131995.175,66950.13,175621.6215,146419.39,264126.4275,163728.448,28489.824,,34264.67895,34268.7258,35053.8147,27720.991,36178.9284,47874.3538,33062.8462,38404.7014,48076.6968,32415.3485999999,29744.421,34641.1216,38445.17,47064.9818,40063.914,63940.388,68553.8084,48.08375000000001,,44.77146866715352,41.26338651393481,40.23629144539368,37.929,32.8857879,39.2746424,47.8155320999999,45.1254880999999,43.5114617,40.0816556,38.4003781,38.1313737,17.4180349,37.293828616251,36.6518495,41.3594265,23.8902188326446,35_9
-3,NASS USDA,Cavalier,,22,35,10,-1,,,364860.8,,,473250.3295,446334.2,498587.96,425459.9115,398652.644,458309.02,493063.2135,363109.201,441299.3325,345636.85,439394.2475,364959.855,532471.2575,395658.939,,,122214.87,,,115740.196,113514.423,128285.462,108455.848,114930.824,125857.345999999,129701.863,93482.466,125331.2542,123024.544,132413.2592,116549.568,157301.448199999,136824.3366,,,29.859,,,40.888,39.3418935,38.8711358,39.2073913,34.7015676,36.3828451,37.9968715,38.8711358,35.1961682795931,28.1109597999999,33.2024970075489,31.2717615,33.7166426270903,28.9083656999999,35_10
-3,NASS USDA,Dickey,,22,35,11,-1,13763.2,,12811.2,11016.0,,,17472.351,29637.6795,18207.1695,30154.774,34318.7455,24738.8895,,12219.7595,5089.2985,46347.9965,42837.197,57157.9931,47926.4955,3358.8855000000003,,3354.83865,3051.3249,,,4977.63779999999,9510.121,5948.88419999999,8012.7828,9995.7442,7324.8166,,4046.86,2448.3503,12990.4206,11776.3626,16025.5656,17806.184,41.02250000000001,,38.198,36.11325,,,35.1050742,31.1372592999999,30.5992505,37.660616,34.3653121,33.7600522,,30.1957438999999,20.7805899,35.6629859735202,36.2901726219931,35.5819456363636,26.9080821704545,35_11
-3,NASS USDA,Divide,,22,35,12,-1,,,62560.0,89950.4,,125436.2395,,,41476.422,3919.032,13335.595,103935.9945,,,,12791.285,15512.835,18316.0315,22017.3395,,,28813.572,32172.4575,,42006.4068,,,24928.6576,1452.82274,5179.9808,43463.2764,,,,5665.604,7082.005,9105.435,9348.2466,,,21.72175,27.976,,29.859,,,16.6110217,26.9676911,25.7571712999999,23.9413916,,,,22.5963696,21.8566075,20.1319904022222,23.5623399454545,35_12
-3,NASS USDA,Dunn,,22,35,13,-1,154985.6,,162329.59999999998,145384.0,,166967.0925,,,84966.791,175730.4835,189964.19,196468.6945,151454.2575,156734.0645,78108.485,168055.7125,174451.355,24439.519,116863.357,50787.9675,,58760.262,52467.41025,,63333.359,,,54915.8902,63952.52858,70617.707,68351.4654,54187.4554,60743.3686,44110.774,69363.1804,62726.33,43948.8996,65963.818,30.5315,,27.625744759272845,27.724454396451986,,26.362,,,15.4563049498157,27.4995846161488,26.8973568550143,28.7529708931912,27.9764576,25.8244224,17.6870393,24.258970598483,27.9092065,5.46987998434622,17.694878385276,35_13
-3,NASS USDA,Eddy,,22,35,14,-1,27798.4,,24262.4,33428.8,,35080.7795,,,51437.295,63657.0545,,,28412.982,41394.7755,,57206.981,50348.675,76448.3395,54403.7845,7243.8615,,7729.4835,11897.739,,11695.4254,,,15904.1598,18939.3047999999,,,9591.0582,13395.1066,,17603.841,17199.155,22500.5416,21205.5464,38.39975,,31.405750000000005,28.1105,,29.9935,,,32.3477791,33.62555,,,29.6577351,30.935506,,32.4822813,29.2542285,33.8771368489208,25.6529577633587,35_14
-3,NASS USDA,Emmons,,22,35,15,-1,62451.2,,65252.8,62424.0,20440.8,68338.1205,8273.512,113733.5745,47491.0475,2150.0245,157142.297,137057.258,,132811.64,127776.7725,165824.0415,152542.8775,147072.562,170341.8145,18655.9785,,21569.7105,24604.848,16130.7441,23471.788,2177.21068,35936.1167999999,25697.5609999999,1044.08988,46538.89,42330.1556,,45891.3924,62523.987,64102.2624,57465.412,67420.6876,63940.388,33.4905,,30.262500000000003,25.384662828947373,12.677822880080283,29.11925,37.9968715,31.6752681,18.4940525,20.5788366,33.7600522,32.3477791,,28.9515985499999,20.4547811728155,25.8819934174242,26.5641845,21.7633601764705,26.6199433234177,35_15
-3,NASS USDA,Foster,,22,35,16,-1,33156.8,,35931.2,44934.4,,32468.0915,76176.1845,70243.2055,42646.6885,67004.561,,47953.711,,,54784.8015,95335.8965,94165.63,102602.435,92587.131,9631.503,,10521.81,12545.235,,10036.2128,21569.7638,23067.102,12949.952,19060.7106,,15499.4738,,,26911.619,26547.4016,27316.305,29744.421,30513.3243999999,34.432,,34.163000000000004,35.84425,,32.34725,35.3068275,30.4647482999999,32.953039,35.1723253,,30.935506,,,20.3573630526315,35.9120874,34.6343165,34.6343165,30.3719881620689,35_16
-3,NASS USDA,Golden Valley,,22,35,17,-1,,,,,,32032.6435,38047.269,33883.2975,,26262.9575,52934.1475,48171.435,,55002.5255,12519.13,38101.7,,31474.72575,46783.4445,,,,,,12909.4834,13111.8264,12990.4206,,10481.3674,17077.7492,17199.155,,21772.1067999999,6879.662,15256.6621999999,,20315.2372,21529.2952,,,,,,24.81525,28.9852241,26.0934267999999,,25.0846602999999,31.0027571,27.9764576,,25.2849135754646,18.2250481,24.9663911241379,,15.6110969780876,21.716163943421,35_17
-3,NASS USDA,Grand Forks,,22,35,18,-1,219449.6,,190019.2,194724.8,,212498.624,235060.2735,269134.0795,218213.879,231576.6895,270440.4235,212389.762,175948.2075,249457.273,201394.7,295533.1145,278414.565,300268.6115,265650.4955,48157.515,,54794.349,50383.2825,,55239.639,63131.0159999999,68351.4654,49938.2524,59893.528,73329.1032,58355.7212,51880.7452,65101.83682,75676.2819999999,78023.4608,74866.91,79480.3303999999,80694.3884,45.5955,,34.70100000000001,38.66875,,38.467,37.2571094,39.3418935,43.713215,38.6693825,36.8536028,36.3828451,33.8945544,38.3140682715298,26.6314356,37.8964134253112,37.3243605,37.6722582474541,32.9296326492477,35_18
-3,NASS USDA,Grant,,22,35,19,-1,129281.6,,109588.8,89787.2,,100642.919,,,,6014.6255,,133981.9065,,130335.0295,70760.3,116781.7105,139887.67,104915.7525,109161.3705,38242.7325,,39618.6615,37797.579000000005,,43503.745,,,,2290.52276,,52690.1172,,57234.7409799999,58072.441,55846.668,58719.9386,65275.8518,61107.5859999999,33.82675,,27.707,23.73925,,23.134,,,,26.227929,,25.4209157999999,,22.7571436183907,12.2146274902439,20.9150921,23.9091333190902,16.1052417284562,17.8861203708609,35_19
-3,NASS USDA,Griggs,,22,35,20,-1,78336.0,,88451.68,85108.79999999999,,62786.1585,84422.481,104208.1495,85293.377,91226.356,107038.5615,82245.241,78190.1315,82952.844,66819.4956,106058.8035,96070.715,106140.45,86273.135,18858.321,,22318.377750000003,22217.2065,,17158.6864,27478.1794,28651.7687999999,21407.8894,25009.5948,28489.8944,23350.3822,21529.2952,22500.5416,32415.3485999999,29218.3292,30351.45,28489.8944,28368.4886,41.560500000000005,,39.631769383417655,38.3325,,36.584,30.7337527,36.3828451,39.8126512,36.4500962,37.5933649,35.2395764,36.315594,36.8536028,20.5917662746566,36.3237908099722,31.608017,37.297612903409,30.417739685164,35_20
-3,NASS USDA,Hettinger,,22,35,21,-1,289870.4,,363936.0,288075.2,,216417.656,,295124.882,,7320.9695,,295886.916,,40551.095,191107.241,267909.382,341418.4475,141569.5879,272345.5085,86602.59,,101616.4035,88423.6725,,94089.495,,106634.761,,2513.10005999999,,92470.751,,12100.1114,102223.6836,99148.0699999999,100766.814,107079.9156,117601.7516,33.4905,,35.814690095777685,32.61625,,22.9995,,27.7074532,,29.1197262999999,,32.0115236,,33.4910478,18.6961252826603,27.0349422,33.9618055,13.2214747619047,23.1865408154852,35_21
-3,NASS USDA,Kidder,,22,35,22,-1,51788.8,,56935.03999999999,50042.56,,46892.3065,55002.5255,65915.941,43925.817,,68283.6895,62568.4345,49668.2875,63248.822,46538.505,67821.026,74842.625,72338.799,55002.5255,15701.778,,19137.55365,20873.6523,,17563.3724,22176.7928,23228.9764,18089.4642,,26345.0586,23188.5078,19870.0825999999,22573.38508,22662.416,25980.8412,28732.706,26871.1504,23674.131,33.01975,,29.75042737502658,23.98772818922063,,26.69825,24.8156559,28.3799642,24.2776471,,25.8916735,26.9676911,25.0174092,27.9936983803872,20.5115855,26.1175198732087,26.0053373309859,27.0179268614457,23.2326684692307,35_22
-3,NASS USDA,Lamoure,,22,35,23,-1,33782.4,,33456.0,37862.4,,24493.95,,,,,,,,,,,,,,7769.952,,8174.637000000001,9793.377,,6191.6958,,,,,,,,,,,,,,43.51075000000001,,40.95525000000001,38.66875,,39.543,,,,,,,,,,,,,,35_23
-3,NASS USDA,Logan,,22,35,24,-1,,,38025.6,43465.6,,36223.8305,50974.6315,63684.27,47599.9095,77128.727,,,,,46021.4105,69481.1715,82027.517,71114.1015,65807.079,,,12585.7035,12707.109,,13597.4496,17482.4352,21569.7638,19141.6478,25899.904,,,,,26567.6359,26952.0876,32698.6288,31889.2568,27801.9282,,,30.262500000000003,34.23025,,26.631,29.1869773999999,29.5232328999999,24.882907,29.7922372999999,,,,,17.3112424068545,25.7711062126126,24.981120240099,22.192863,23.6449777269286,35_24
-3,NASS USDA,McHenry,,22,35,25,-1,,,,169646.4,,,,,114522.824,167402.5405,170015.2285,205368.163,,197094.651,75659.09,201585.2085,201830.148,163728.448,143507.3315,,,,50383.2825,,,,,49695.4408,56656.04,60824.3058,68108.6538,,67461.1562,44110.774,72762.5428,70213.021,70617.707,65437.7262,,,,33.69225,,,,,23.0671272999999,29.5232328999999,27.9764576,30.1825574098039,,29.237647694901,17.1490305,27.6953345368186,28.6563332737752,23.203556465616,21.9021901874458,35_25
-3,NASS USDA,McIntosh,,22,35,26,-1,68897.59999999999,,79750.4,73276.79999999999,30716.96,58921.5575,72774.247,92532.7,,84231.9725,,,,56771.533,78026.8385,101867.6165,102874.59,91171.925,83034.4905,17401.455,,24523.911,23058.9513,16713.4905,20517.5802,25292.875,28125.677,,29825.3582,,,,22500.5416,36705.0202,34924.4018,34802.996,36017.054,33467.5322,39.61025,,32.549,31.805237188487197,18.389374092009685,28.71575,28.7834707999999,32.8857879,,28.245462,,,,25.2191625,21.2587622747519,29.1711581957126,29.5279248372093,25.3740667191011,24.8151679839177,35_26
-3,NASS USDA,McKenzie,,22,35,27,-1,92969.6,,99043.36,104121.6,,115366.5045,,92478.269,55955.068,,98710.6185,140949.0745,,17172.9805,60309.548,104970.1835,106521.467,22017.3395,71277.3945,35409.9375,,45284.2515,41196.933000000005,,47388.7306,,39780.6337999999,29542.0779999999,,46741.233,54268.3926,,5665.604,32496.2857999999,42937.1846,45608.1121999999,32820.0346,41520.7836,26.29475,,21.87147997797865,25.286000000000005,,24.3445,,23.2688806,18.9648102,,21.1168454,25.9589246,,30.3302461,18.5281386739726,24.4411160791705,23.4591170745341,6.79310741307028,17.1975351920077,35_27
-3,NASS USDA,McLean,,22,35,28,-1,349248.0,,,349384.0,,392447.51,387276.565,355951.5245,190677.2361,333036.0735,359843.341,388963.926,326341.0605,381425.2325,241129.33,331185.4195,394298.164,190454.069,261187.1535,97124.4,,,105015.7575,,113312.08,112502.708,111288.65,90649.664,97124.64,115942.539,113312.08,107039.447,118775.341,113028.7998,109184.2828,125978.7518,114526.137999999,109912.7176,35.978750000000005,,,33.28875,,34.63375,34.4325632,32.0115236,21.03338198125,34.298061,31.0700082,34.298061,30.4647482999999,32.1241434148211,21.3318900022556,30.3318912343958,31.4482605321233,16.6476177049469,23.7916365731958,35_28
-3,NASS USDA,Mercer,,22,35,29,-1,69931.2,,,,,73345.7725,,72692.6005,,,,77999.623,5688.0395,,,75631.8745,85592.7475,32332.014,66623.544,22419.549000000003,,,,,22743.3532,,28692.2373999999,,,,30889.68238,1497.3382,,,27640.0537999999,28125.677,22419.6044,31484.5707999999,31.204,,,,,32.28,,25.3536647,,,,25.2258232928206,37.9968715,,,27.3830134130307,30.5992505,14.4589865,21.1585964042416,35_29
-3,NASS USDA,Morton,,22,35,30,-1,,,207916.8,143371.19999999998,,174396.924,,171648.1585,57941.7995,157387.2365,239959.0635,208253.006,187596.4415,199734.5545,88423.1595,175621.6215,250110.445,95137.22335,149875.7585,,,59343.008400000006,51030.7785,,58274.784,,60662.4314,53216.2089999999,64952.1029999999,74664.567,71669.8906,64749.76,67016.0016,73855.1949999999,73248.166,82151.258,83567.659,81018.1372,,,35.036444158432644,28.1105,,29.92625,,28.3127131,10.8946782,24.210396,32.1460258,29.0524752,28.9852241,29.7922372999999,11.9458221054794,24.0086427,30.5992505,11.2674088728813,18.5100422720279,35_30
-3,NASS USDA,Mountrail,,22,35,31,-1,222387.2,,,210310.4,,239632.4775,,213369.52,121898.2245,191896.4905,206674.507,246817.3695,,,73100.833,112672.17,132974.933,65317.2,82408.534,73855.0125,,,67582.395,,70698.6442,,70617.707,61633.6778,65559.132,71103.3302,89030.92,,,42087.344,43179.9962,48279.0398,39659.2279999999,40711.4116,30.128,,,31.136750000000003,,33.894,,30.1957438999999,19.7718234,29.2542285,29.0524752,27.7181522386363,,,17.3611301230769,26.1152345606372,27.5233441533948,16.4765195,20.2646415999999,35_31
-3,NASS USDA,Nelson,,22,35,32,-1,149328.0,,,129444.8,,148868.785,,176029.854,140214.256,149930.1895,,,,,108317.69,130906.555,151481.473,163619.586,140731.3505,40468.5,,,37392.894,,39740.1652,,54025.581,37554.8608,47348.262,,,,,46053.2668,42087.344,48562.32,52487.7742,49654.9722,36.92025,,,34.63375,,37.45825,,32.5495324,37.3243605,31.6752681,,,,,23.529966153427,31.1372592999999,31.0868209749999,31.1418740632228,28.3388571706601,35_32
-3,NASS USDA,Oliver,,22,35,33,-1,,,,70148.8,,75386.935,58105.0925,,,74379.9615,,65671.0015,63847.563,86109.842,,71005.2395,96070.715,29692.1105,59656.376,,,,21124.557,,23512.2566,22702.8846,,,24443.0344,,25657.0923999999,22824.2903999999,28570.8315999999,,26345.0586,28125.677,26506.933,27113.962,,,,33.2215,,32.078250000000004,25.6226691,,,30.3974972,,25.6226691,27.9764576,30.1284927999999,,26.9417617204301,34.298061,11.0450947824427,22.0081734119402,35_33
-3,NASS USDA,Pembina,,22,35,34,-1,,,333064.0,338204.8,,384555.015,349800.8215,352195.7855,322122.658,245121.84385,361258.547,,,356659.1275,229970.975,308025.029,273515.775,363871.235,287558.973,,,85752.75150000001,82353.3975,,93280.123,87007.4899999999,93077.78,69403.649,77157.43276,91459.036,,,84279.90636,80937.2,89030.92,79318.4559999999,94291.838,86845.6156,,,38.84003652057741,41.08975,,41.22425,40.2161578,37.8623693,46.403259,31.7706033948075,39.4763957,,,42.3198391168059,28.4472152999999,34.5899919113636,34.6343165,38.6693825,33.109101664492,35_34
-3,NASS USDA,Pierce,,22,35,35,-1,180390.4,,148539.19999999998,162329.59999999998,,179758.3775,,197421.237,,146963.7,168055.7125,160816.3895,,126579.2905,125898.903,167892.4195,168627.238,135995.8535,123150.1375,47752.83,,49331.1015,47267.208,,50626.2186,,53418.5519999999,,45931.861,51556.9963999999,46498.4214,,43503.7449999999,49695.4408,52528.2428,52083.0882,54794.4844,52244.9626,37.794500000000006,,30.128,34.36475,,35.508,,36.988105,,32.0115236,32.6167835,34.5670654,,29.1197262999999,25.3450118711726,31.9541166517719,32.485625566045,24.7095640612998,23.5506476022463,35_35
-3,NASS USDA,Ramsey,,22,35,36,-1,222740.8,,166518.4,174651.19999999998,,216553.7335,,243687.587,198809.2275,176302.009,,213641.675,,13743.8275,174941.234,171648.1585,149739.681,171185.495,128919.8235,53620.7625,,53944.5105,51354.5265,,62402.5812,,66004.2865999999,52164.0254,52002.151,,57829.6294,,3512.67448,64709.2914,53823.238,46296.0784,54875.4216,47672.0108,41.560500000000005,,30.86775,34.0285,,34.701,,36.9208539,38.1313737,33.8945544,,36.9208539,,39.1401402,27.0526066540337,31.89143235,32.3810519344405,31.10363375,27.0320877390492,35_36
-3,NASS USDA,Ransom,,22,35,37,-1,28940.8,,27444.8,33964.64,,34536.4695,34999.133,59357.0055,42728.335,62650.081,59874.1,50267.0285,,42537.8265,33611.1425,62813.374,63548.1925,99744.8075,63983.6405,6474.96,,6636.834,8745.242849999999,,8619.8118,9388.7152,14609.1646,10440.8987999999,14528.2274,14771.0389999999,12504.7974,,12456.23508,14912.6791,16794.469,15782.7539999999,22460.073,22905.2276,44.72125,,41.35875,38.86486730680241,,40.081,37.2571094,40.6196644,40.9559199,43.1079550999999,40.5524133,40.2161578,,34.1571789035737,22.5102297921302,37.4313140566265,40.35066,44.385726,27.9472283233215,35_37
-3,NASS USDA,Renville,,22,35,38,-1,160969.59999999998,,188006.4,156345.59999999998,,211491.6505,152134.645,222840.514,133274.3035,183350.8235,,193910.4375,,253185.7965,14424.215,147508.01,215546.76,198400.995,194672.4715,47145.802500000005,,58181.562450000005,45259.9704,,55077.7646,46984.0446,64587.8856,47429.1991999999,55644.325,,61997.8952,,73329.1032,5058.575,47429.1991999999,64345.074,69808.3349999999,71791.2963999999,34.163000000000004,,32.31374203151878,34.56053505007153,,38.39975,32.3477791,34.4998143,28.1109597999999,32.953039,,31.2717615,,34.5429411091611,28.5144663999999,31.0894605232935,33.62555,28.5817175,27.1423771590755,35_38
-3,NASS USDA,Richland,,22,35,39,-1,72678.4,,65144.0,61988.8,,78081.2695,60581.703,83061.706,,,102085.3405,69780.542,60636.134,87252.893,56063.93,86055.411,95118.1725,144242.15,83959.8175,16187.4,,18129.888,17603.7975,,20477.1116,17846.6526,21610.2324,,,24443.0344,18939.3047999999,17644.3096,21691.1696,26506.933,25697.5609999999,31160.822,36826.426,36583.6144,44.923,,35.978750000000005,35.239000000000004,,38.13075,33.9618055,38.4676292,,,41.7629331,36.8536028,34.3653121,40.2161578,21.1840965,33.4910478,30.5992505,39.005638,22.9799389269911,35_39
-3,NASS USDA,Rolette,,22,35,40,-1,172584.0,,136054.4,131593.6,,112018.998,156897.3575,,,127504.6175,137764.861,128892.608,,117870.3305,80285.725,112345.584,140949.0745,112944.325,104534.7355,41682.555,,42653.799,36462.1185,,33184.252,38607.0444,,,38849.856,39618.7594,37231.112,,34236.4356,32172.537,35410.025,43018.1218,39578.2908,39335.4792,41.42600000000001,,31.943750000000005,36.11325,,33.7595,40.6196644,,,32.8185368,34.7688187,34.6343165,,34.4325632,24.9501581,31.7386762799999,32.7528040691439,28.5645265235173,26.5522840995884,35_40
-3,NASS USDA,Sargent,,22,35,41,-1,8840.0,,,11832.0,,18071.092,18697.0485,31923.7815,29773.757,,56444.947,29392.74,24466.7345,38754.872,,57751.291,59193.7125,88907.5954,49123.9775,2144.8305,,,3221.2926,,4492.0146,5260.918,8781.6862,7324.8166,,13678.3868,8215.1258,7082.005,11169.3336,,14892.4448,14771.0389999999,19991.4884,19101.1792,41.22425,,,36.718500000000006,,40.2155,35.5085808,36.3828451,40.6196644,,41.2921754,35.7775852,34.5670654,34.7015676,,38.7477812008152,40.0144045,44.425886069838,25.711007409322,35_41
-3,NASS USDA,Sheridan,,22,35,42,-1,108664.0,,120441.6,110268.8,,112835.463,,,75441.366,,,,,4953.221,,126007.765,120156.4325,90083.305,84966.791,29339.6625,,34074.477,35126.658,,35855.1796,,,36097.9912,,,,,1250.47974,,43463.2764,42087.344,39254.542,39497.3536,37.054750000000006,,35.37350000000001,31.405750000000005,,31.473,,,20.9150921,,,,,39.6108979,,28.9851614825884,28.5817175,22.865374,21.5374403942622,35_42
-3,NASS USDA,Sioux,,22,35,43,-1,,,,,,,,,,,,,,,23378.1145,,,22588.865,24602.812,,,,,,,,,,,,,,,16834.9376,,,12949.952,15499.4738,,,,,,,,,,,,,,,13.8985067795673,,,17.485286,15.9004075963446,35_43
-3,NASS USDA,Slope,,22,35,44,-1,,,157569.59999999998,111574.4,,95989.0685,104044.8565,145004.184,44089.11,76094.538,,116291.8315,159809.416,101541.0305,43000.49,108453.7675,121653.285,22806.589,73890.0825,,,44515.35,41601.618,,44879.6774,38283.2956,47469.6677999999,35693.3052,42694.373,,39375.9478,54066.0496,47226.8562,39254.542,45931.861,38647.513,31241.7592,39699.6965999999,,,35.44075,26.83275,,21.3855,27.1694443999999,30.5319993999999,12.3742023999999,17.8215415,,29.5232328999999,29.590484,21.520352,10.9619293,23.6051361,31.608017,7.29657012435233,18.599008090316,35_44
-3,NASS USDA,Stark,,22,35,45,-1,250729.6,,269688.0,,,225453.202,,,96016.284,226024.7275,,206701.7225,328055.637,257513.061,138363.602,236829.281,323129.6315,41272.30575,187269.8555,76283.1225,,83769.795,,,89637.949,,,77214.0888,88484.5938999999,,83567.659,98136.355,94413.2438,77659.2433999999,88828.577,99067.1327999999,65437.7262,91863.722,32.88525,,32.21275,,,25.1515,,,12.4414535,25.5766406201692,,24.7484047999999,33.4237967,27.2829612588941,17.8339473829598,26.6314356,32.6167835,6.27448188095238,20.3859711105726,35_45
-3,NASS USDA,Steele,,22,35,46,-1,64817.6,,76812.8,72488.0,56244.16,53995.552,72801.4625,88749.7455,61234.875,82544.6115,93648.5355,69372.3095,,58567.756,59601.945,121027.3285,108317.69,116264.616,100942.2895,14973.345,,18279.62145,18655.9785,17049.37905,14811.5076,21165.0778,23876.474,14366.353,19789.1454,25697.5609999999,18777.4304,,16268.3771999999,27518.648,31403.6336,29946.764,32051.1312,32941.4404,43.309000000000005,,42.02100147976532,38.8705,33.00614995252789,36.4495,34.3653121,37.1898583,42.6371974,41.695682,36.4500962,36.9208539,,35.9793385,21.6548542,38.5451066270618,36.315594,36.1512873352272,30.6291582373464,35_46
-3,NASS USDA,Stutsman,,22,35,47,-1,,,78635.2,112417.6,,58105.0925,103609.4085,126579.2905,93621.32,150991.594,147799.21585,111637.981,72828.678,90001.6585,94982.095,174750.7255,177526.7065,176356.44,144568.736,,,25737.966,35288.532,,21933.9812,35410.025,45446.2377999999,30594.2615999999,39011.7304,41237.5034,34195.967,26223.6528,28935.049,52204.494,55482.4506,57344.0061999999,55441.9819999999,57586.8178,,,30.598750000000003,31.8765,,26.4965,29.2542285,27.8419553999999,30.5992505,38.7366336,35.8546698759568,32.6167835,27.7747042999999,31.1372592999999,18.2250481,31.5207524435448,30.9689654393084,31.9442725,25.0835260579761,35_47
-3,NASS USDA,Towner,,22,35,48,-1,294276.8,,246323.2,224427.2,,251716.1595,280047.495,316570.696,233372.9125,200888.4917,273243.62,270304.346,,247824.343,155128.35,240394.5115,254737.08,258275.095,224310.151,70617.5325,,74947.662,61835.868,,69444.1176,76809.4028,79318.4559999999,61390.8662,64604.0730399999,78347.2096,78549.5526,,72843.48,62321.644,75838.1563999999,77699.712,83365.3159999999,83850.9392,41.695,,32.88525,36.315000000000005,,36.24775,36.4500962,39.8799023,37.9968715,31.0686264434978,34.9033209,34.4196742720247,,33.9951321562222,24.882907,31.7153173143009,32.953039,30.935506,26.7704817932432,35_48
-3,NASS USDA,Traill,,22,35,49,-1,141385.6,,129064.0,118428.8,,88069.35800000001,102929.021,154066.9455,136240.793,128511.591,161605.639,120074.786,,135968.638,82462.965,162721.4745,135397.1125,144514.305,111991.7825,28934.9775,,30594.186,29663.4105,,23552.7252,28894.5804,39740.1651999999,28570.8315999999,31322.6964,36785.9574,29299.2664,,31784.03844,33993.6239999999,37069.2376,33588.938,35814.7109999999,35207.682,48.89075,,42.233,39.9465,,37.391,35.643083,38.7366336,47.6810299,41.023171,43.9149683,40.9559199,,42.7971306882353,24.2776471,43.9204012491266,40.35066,40.35066,31.7846477626436,35_49
-3,NASS USDA,Walsh,,22,35,50,-1,336844.8,,271972.8,306625.6,,309113.649,325061.932,337200.045,279367.1075,249348.411,291369.143,287640.6195,213315.089,267718.8735,246243.12245,296757.812,289164.6875,345473.557,272563.2325,75473.7525,,78508.89,76161.717,,83567.659,81746.572,89637.949,67865.8422,78509.084,91661.379,83567.659,60702.9,80046.8908,82798.7556,85995.775,83770.002,95344.0216,87493.1131999999,44.65400000000001,,34.63375,40.28275,,36.9875,39.7454001,37.5933649,41.1576732,31.7425192,31.8097702999999,34.4227604972881,35.1723253,33.4237967,29.7358331516128,34.4998143,34.6343165,36.2433761379456,31.1317846498612,35_50
-3,NASS USDA,Ward,,22,35,51,-1,355857.6,,341360.0,406640.0,,471372.46,368252.9305,417510.26395,272073.3535,390079.7615,410055.9385,458118.5115,225480.4175,460023.5965,130824.9085,342697.576,392474.7255,363218.063,311209.2425,108050.895,,115132.8825,118168.02,,122822.201,122619.858,130106.549,109467.563,107164.89966,123631.573,138604.955,72803.0114,141842.443,66489.9098,114080.9834,127840.307399999,131037.3268,125331.2542,32.9525,,29.657250000000005,34.432,,38.39975,30.0612417,32.0591118589424,24.882907,36.3997740616177,33.1547923,33.0649605386861,31.0027571,32.432298670756,19.659956536762,30.0680169083717,30.772327879867,27.7785673959234,24.844710459832,35_51
-3,NASS USDA,Wells,,22,35,52,-1,131158.4,,,176473.59999999998,,176601.3795,,238679.935,174669.079,,229072.8635,211899.883,,188249.6135,157305.59,254029.477,260316.2575,262493.4975,230896.302,35936.028,,,50787.9675,,49452.6292,,67582.562,52892.4602,,68837.0886,60864.7744,,58436.6584,76890.34,74421.7554,74057.538,83082.0358,81665.6348,36.51675,,,34.76825,,35.70975,,35.3068275,33.0202901,,33.2892945,34.8360698,,32.2132769,20.4443344,34.1417268768352,35.3068275,31.6632133485143,28.2879188391476,35_52
-3,NASS USDA,Williams,,22,35,53,-1,66966.4,,58126.4,75942.4,,112672.17,,83088.9215,,5198.1605,95145.388,134117.984,,54403.7845,26643.9745,46320.781,54703.155,34019.375,48715.745,24240.6315,,29622.942000000003,30958.4025,,38161.8898,,34924.4018,,2513.10005999999,40670.943,52164.0254,,26385.5272,15256.6621999999,21326.9522,24281.16,25980.8412,32293.9428,27.639750000000003,,19.637,24.54625,,29.52275,,23.8068894,,20.7133388,23.4251975846766,25.7258152789759,,20.6460877,17.465128508488,21.7264440806451,22.5291185,12.9599783364485,15.1161595298245,35_53
-2,NASS USDA,Ohio,,22,36,-1,-1,1239776.0,1098200.0,1444320.0,999192.0,1190680.0,946827.245,586766.18,918523.125,926415.62,1219254.4,875250.48,1097601.115,1219254.4,832794.3,1318590.975,1162101.85,1835685.475,1987547.965,1211906.215,214483.05,192225.375,238764.15,188178.525,208412.775,198296.14,155804.11,182108.699999999,186155.56,226624.16,194249.28,220553.87,258999.04,182108.699999999,343983.1,283280.2,384451.7,441107.74,295420.779999999,57.835,57.16250000000001,60.525000000000006,53.127500000000005,57.16250000000001,47.7475,37.660616,50.438325,49.765814,53.80088,45.058237,49.765814,47.07577,45.730748,38.333127,41.023171,47.748281,45.058237,41.023171,36_-1
-3,NASS USDA,Adams,,22,36,1,-1,881.28,,,1136.96,799.68,2405.8502,1202.9251,1741.792,1671.0317,2775.981,2775.981,,4000.6785,1066.8476,2283.38045,2253.4434,,,1913.24965,254.95155,,,275.18580000000003,218.5299,647.4976,283.2802,445.1546,396.59228,768.9034,647.4976,,918.63722,437.06088,930.7778,655.59132,,,647.4976,34.566500000000005,,,41.35875,36.584,37.18925,42.4354441,39.1401402,42.1664397,36.1138407,42.9062018,,43.5787128,24.4121492999999,24.5466515,34.3653121,,,29.5232328999999,36_1
-3,NASS USDA,Allen,,22,36,2,-1,23364.8,,30980.8,24452.8,23936.0,15730.559,12709.6385,19050.85,16873.61,21364.1675,15485.6195,20438.8405,17036.903,19622.3755,28086.396,27324.362,42371.81195,42537.8265,24785.15585,3921.39765,,4168.2555,4289.661,3799.99215,3318.4252,2954.2078,3439.831,3116.0822,3601.7054,3439.831,3549.09622,3561.2368,3852.61072,7284.348,6717.7876,8377.0002,9510.121,6717.7876,59.5835,,74.3785,57.028,63.01325,47.41125,43.040704,55.4149064,54.1371355,59.3154702,44.9909859,57.5669415999999,47.8155320999999,50.9090827,38.5348803,40.6869155,50.438325,44.7219815,36.9208539,36_2
-3,NASS USDA,Ashland,,22,36,3,-1,10716.8,,,11804.8,9411.2,10015.304,4218.4025,5443.1,8491.236,,9089.977,9852.011,13253.9485,,12246.975,,16106.1329,,13036.2245,2144.8305,,,2460.4848,1897.97265,2387.6474,1173.5894,1375.9324,1966.77396,,2063.8986,2448.3503,3035.145,,3682.6426,,3795.95468,,3237.488,49.96675,,,48.01650000000001,49.6305,41.964,35.9120874,39.5436468,43.1752062,,44.0494705,40.2161578,43.6459639,,33.2892945,,42.368193,,40.2834089,36_3
-3,NASS USDA,Ashtabula,,22,36,4,-1,4950.4,,,,,6096.272,2465.7243,,2705.2207,4681.066,2503.826,2397.68555,5851.3325,,5089.2985,3538.015,7002.54815,,1447.8646,1096.69635,,,,,1254.5266,890.3092,,708.2005,971.2464,607.029,728.4348,1173.5894,,1728.00922,797.23142,1885.83676,,404.686,45.19200000000001,,,,,48.62175,27.7074532,,38.1986248,48.2190387,41.2249243,32.8857879,49.8330650999999,,29.4559817999999,44.385726,36.988105,,35.7775852,36_4
-3,NASS USDA,Athens,,22,36,5,-1,,,,,,,,625.9565,,1085.89845,1099.5062,,944.37785,,585.13325,1034.189,,,,,,,,,,,161.8744,,242.8116,263.0459,,242.8116,,368.26426,234.71788,,,,,,,,,,,38.6693825,,44.7219815,41.8301842,,38.8711358,,15.8712596,44.0494705,,,,36_5
-3,NASS USDA,Auglaize,,22,36,6,-1,29185.6,,33782.4,,27526.4,18887.557,10641.2605,21473.0295,22289.4945,31978.2125,20438.8405,27977.534,24711.674,32168.721,35162.426,32849.1085,48242.1953,52150.3411,34901.1572,4411.0665,,5099.031,,4653.8775000000005,4046.86,3237.488,3804.0484,4492.01459999999,5463.26099999999,4451.546,4856.232,5422.7924,6151.2272,8417.4688,8093.72,10036.2128,11574.0196,8377.0002,66.174,,66.3085,,59.18,46.6715,32.8857879,56.4236729,49.6313118,58.508457,45.9325013,57.6341927,45.5962458,52.3213558,41.7629331,40.6196644,48.0845365,45.058237,41.695682,36_6
-3,NASS USDA,Belmont,,22,36,7,-1,,,,,,,,,,,,,,,,,,,,,,,,,,,,,,,,,,,,,,,,,,,,,,,,,,,,,,,,,,36_7
-3,NASS USDA,Brown,,22,36,8,-1,,,,,2575.84,4354.48,764.75555,2150.0245,3020.9205,2721.55,2939.274,1801.6661,,1883.3126,,,,,1812.5523,,,,,631.3086000000001,1133.1208,161.8744,526.0918,833.65316,687.9662,607.029,485.6232,,538.23238,,,,,607.029,,,,,40.82075,38.39975,47.2775233,40.8886688,36.2483429,39.5436468,48.420792,37.1226072,,34.970572,,,,,29.8594883999999,36_8
-3,NASS USDA,Butler,,22,36,9,-1,,,7126.4,5331.2,4188.8,4953.2210000000005,2884.843,1905.085,3265.86,5524.7465,4599.4195,5361.4535,,3592.446,5170.945,,9754.0352,,5867.6618,,,1335.4605,1068.3684,857.9322000000001,1052.1836,728.4348,526.0918,918.63722,1133.1208,1072.4179,1214.058,,926.73094,1618.744,,2071.99232,,1537.8068,,,53.3965,49.8995,48.8235,47.075,39.6108979,36.1810918,35.5758319,48.7570475,42.9062018,44.1839727,,38.7366336,31.9442725,,47.07577,,38.1313737,36_9
-3,NASS USDA,Carroll,,22,36,10,-1,,,1991.04,,,1205.64665,604.1841,,604.1841,,,625.9565,1232.86215,1262.7992,1499.57405,1039.6321,,,1611.1576,,,441.10665,,,364.2174,242.8116,,202.343,,,234.71788,420.87344,339.93624,513.95122,404.686,,,485.6232,,,45.19200000000001,,,33.087,24.882907,,29.8594883999999,,,26.6986867,29.3214796,37.1226072,29.1869773999999,25.6899202,,,33.1547923,36_10
-3,NASS USDA,Champaign,,22,36,11,-1,6908.799999999999,,11913.6,7534.4,7996.799999999999,5742.4705,6041.841,5987.41,6912.737,8219.081,8355.1585,10341.89,12872.9315,7729.202,11103.924,8382.374,,,10170.43235,1210.00815,,1833.22305,1485.19395,1428.53805,1214.058,1294.9952,1214.058,1489.24448,1578.2754,1679.4469,2063.8986,2221.72613999999,1477.1039,2670.9276,2144.8358,,,2468.5846,57.09525000000001,,65.03075000000001,50.77375,56.01925000000001,47.27675,46.6722634,49.2950563,46.403259,52.0523514,49.765814,50.1020695,57.9704482,52.3213558,41.5611798,39.0728891,,,41.2249243,36_11
-3,NASS USDA,Clark,,22,36,12,-1,10988.8,,13600.0,11750.4,10281.6,7076.03,,4871.5745,5307.0225,5878.548,4871.5745,5116.514,5769.686,3483.584,4871.5745,4762.7125,12056.4665,,6202.41245,1817.03565,,2019.37815,1906.06635,1768.4734500000002,1294.9952,,890.3092,898.40292,1011.715,951.0121,983.38698,1072.4179,789.1377,1133.1208,1125.02708,2217.67928,,1416.401,60.525000000000006,,67.3845,61.66825,58.17125000000001,54.67425,,54.7423954,59.0464657999999,58.1049504,51.2453382,52.0523514,53.80088,44.1167215999999,42.9734529,42.3009419,54.473391,,43.7804660999999,36_12
-3,NASS USDA,Clermont,,22,36,13,-1,,,,,1784.32,1605.7145,,,,,3973.463,,2150.0245,,,,3742.13125,5848.61095,,,,,,315.65430000000003,364.2174,,,,,789.1377,,485.6232,,,,789.1377,1214.058,,,,,,56.55725,44.11599999999999,,,,,50.3710739,,44.2512238,,,,47.4120255,48.0845365,,36_13
-3,NASS USDA,Clinton,,22,36,14,-1,11260.8,,16510.399999999998,11233.6,11641.6,8600.098,5796.9015,8028.5725,8164.65,,7647.5555,6069.0565,12491.9145,5851.3325,8572.8825,7048.8145,,,6196.96935,2120.5494,,2573.7966,2250.0486,2067.9403500000003,1699.6812,1375.9324,1902.0242,1780.6184,,1578.2754,1294.9952,2140.78894,1436.6353,2367.41309999999,1732.05608,,,1699.6812,53.127500000000005,,64.15650000000001,49.96675,56.355500000000006,50.572,42.0991886,42.2336908,45.8652502,,48.4880430999999,46.8740167,58.3739547999999,40.7541666,36.1810918,40.6869155,,,36.4500962,36_14
-3,NASS USDA,Columbiana,,22,36,15,-1,9737.6,,12348.8,10771.2,9465.6,9552.6405,4980.4365,6722.2285,8627.3135,11158.355,7484.2625,8355.1585,8464.0205,8191.8655,9062.7615,7402.616,,10393.59945,8104.7759,2080.0809,,2233.8612000000003,2246.00175,1902.0195,2144.8358,1375.9324,1618.744,2055.80488,2185.3044,1942.4928,2193.39812,2561.66237999999,1849.41502,2622.36528,2124.60149999999,,2792.3334,2104.3672,46.806,,55.279500000000006,48.01650000000001,49.76500000000001,44.5195,36.1810918,41.5611798,41.9646864,51.0435849,38.5348803,38.0641226,33.0202901,44.3184749,34.5670654,34.8360698,,37.3243605,38.5348803,36_15
-3,NASS USDA,Coshocton,,22,36,16,-1,,,2747.2,1893.12,2774.4,2122.809,1300.9009,1850.654,2122.809,2473.88895,2199.0124,2571.86475,4082.325,2079.2642,2571.86475,2367.7485,3140.6687,3597.8891,2944.7171,,,623.2149000000001,457.29405,570.60585,566.5604,323.7488,526.0918,497.76378,485.6232,627.2633,586.7947,878.16862,477.52948,671.77876,801.27828,845.79374,890.3092,728.4348,,,44.116,41.42600000000001,48.62175,37.45825,40.2161578,35.1723253,42.6371974,50.9763338,35.0378231,43.8477172,46.4705100999999,43.5114617,38.2658759,29.5232328999999,36.988105,40.35066,40.4179111,36_16
-3,NASS USDA,Crawford,,22,36,17,-1,27553.6,,34244.8,26030.4,24996.8,21364.1675,13580.5345,21500.245,22724.9425,25119.9065,23078.744,26099.6645,28331.3355,26317.3885,37176.373,29392.74,50827.6678,53309.7214,45376.40315,4613.409000000001,,5139.4995,4815.7515,4208.724,4127.7972,3237.488,4006.3914,4451.546,4856.232,4775.2948,5301.3866,6029.8214,5382.3238,8215.1258,6920.13059999999,10359.9616,11493.0824,9874.3384,59.78525000000001,,66.64475,54.06900000000001,59.449000000000005,51.7825,41.9646864,53.6663777999999,51.0435849,51.7160959,48.3535409,49.2278052,47.0085189,48.8915497,45.2599903,42.5026952,49.093303,46.403259,45.9325013,36_17
-3,NASS USDA,Cuyahoga,,22,36,18,-1,,,,,,,,,,,,,,,,,,,,,,,,,,,,,,,,,,,,,,,,,,,,,,,,,,,,,,,,,,36_18
-3,NASS USDA,Darke,,22,36,19,-1,29729.6,,37372.8,25078.4,,23813.5625,12818.5005,25310.415,24466.7345,35053.564,30753.515,37094.7265,36196.615,28304.12,28766.7835,28793.999,47480.1613,50876.6557,33817.9803,4896.6885,,5422.779,4694.3460000000005,,4532.4832,5058.575,4532.4832,4937.1692,6070.29,5827.4784,6434.50739999999,6596.3818,5665.604,7446.2224,6960.5992,9064.9664,10562.3046,8134.18859999999,60.72675,,68.93125,53.463750000000005,,52.52224999999999,25.3536647,55.818413,49.5640607,57.7686949,52.7921135,57.6341927,54.8768975999999,49.9675673,38.6021314,41.3594265,52.455858,48.0845365,41.5611798,36_19
-3,NASS USDA,Defiance,,22,36,20,-1,29892.8,,31198.4,11723.2,41534.4,20629.349,17853.368,25854.725,22180.6325,38918.165,13117.871,42456.18,47137.246,17581.213,36849.787,21282.521,45547.8608,58837.18945,18854.8984,5665.59,,6677.302500000001,2322.8919,6879.645,5058.575,4815.7634,5463.26099999999,4734.82619999999,7931.8456,3844.517,8377.0002,9105.435,4249.20299999999,10886.0533999999,5018.1064,10319.493,12869.0147999999,5301.3866,52.791250000000005,,46.73875000000001,50.50475,60.3905,40.7535,37.0553561,47.3447744,46.8740167,49.093303,34.0963077,50.7073294,51.783347,41.3594265,33.8273033,42.4354441,44.0494705,45.730748,35.5758319,36_20
-3,NASS USDA,Delaware,,22,36,21,-1,10580.8,,15884.8,12566.4,10091.2,10369.1055,4681.066,6069.0565,6939.9525,6613.3665,7157.6765,6341.2115,9035.546,7538.6935,11348.8635,10559.614,25971.75165,,14345.29005,1869.6447,,2351.21985,2177.2053,1703.72385,2063.8986,1214.058,1173.5894,1282.85462,1294.9952,1598.5097,1590.41598,1995.10198,1578.2754,3156.5508,2646.64644,4896.7006,,3480.2996,56.624500000000005,,67.58625,57.76775000000001,59.24725,50.23575,38.5348803,51.7160959,54.0698844,51.0435849,44.7892325999999,39.8799023,45.2599903,47.748281,35.9793385,39.8799023,53.128369,,41.2249243,36_21
-3,NASS USDA,Erie,,22,36,22,-1,15150.4,,18795.2,18251.2,16156.8,13417.2415,10695.6915,13145.0865,,13961.5515,11103.924,13879.905,13498.888,10151.3815,15349.542,,16530.6947,,13730.21975,2573.7966,,3067.5123000000003,3184.87095,2666.87415,2589.9904,2347.1788,2306.7102,,2266.2416,2144.8358,2630.459,2954.2078,2391.69425999999,3480.2996,,3346.75322,,2954.2078,58.911,,61.33200000000001,57.364250000000006,60.59224999999999,51.7825,45.5962458,56.9616817,,61.6020075999999,51.783347,52.7921135,45.6634969,42.4354441,44.1167215999999,,49.4295585,,46.4705100999999,36_22
-3,NASS USDA,Fairfield,,22,36,23,-1,14361.6,,15340.8,12811.2,12403.2,9607.0715,7946.926,8981.115,11566.5875,12900.147,14560.2925,13335.595,17036.903,10614.045,15376.7575,15812.2055,21130.1142,26072.449,13833.63865,2500.9533,,2719.4832,2432.1568500000003,2213.6269500000003,2144.8358,1699.6812,2104.3672,2355.27252,2630.459,2832.802,2832.802,3362.94065999999,2505.00634,4249.20299999999,3694.78318,5058.575,5787.0098,3642.174,57.43150000000001,,56.42275000000001,52.72400000000001,56.08650000000001,44.78849999999999,46.7395145,42.7044485,49.093303,49.0260519,51.3798404,47.07577,50.6400783,42.368193,36.1810918,42.7716996,41.695682,45.058237,37.9968715,36_23
-3,NASS USDA,Fayette,,22,36,24,-1,28968.0,,29049.6,20726.4,17761.6,10695.6915,7838.064,9389.3475,12083.682,18288.816,11838.7425,11512.1565,18152.7385,9362.132,10178.597,,22493.61075,26145.93085,8774.2772,4977.6255,,4451.535,3549.08745,3063.46545,2023.43,2144.8358,1821.087,2225.773,2913.7392,2225.773,2043.6643,3087.75418,1865.60246,2751.8648,,4087.3286,5260.918,2347.1788,58.2385,,65.29975,58.44025000000001,58.03675,52.85849999999999,36.5173473,51.5815937,54.2716377,62.7452762999999,53.1956200999999,56.3564217999999,58.7774614,50.1693205999999,36.988105,,55.145902,49.765814,37.3916116,36_24
-3,NASS USDA,Franklin,,22,36,25,-1,,,5113.599999999999,,2992.0,3401.9375,,3156.998,3946.2475,4272.8335,3048.136,,5688.0395,,5443.1,5742.4705,10600.43725,,2139.1383,,,805.32315,,607.0275,768.9034,,647.4976,793.18456,809.372,809.372,,1116.93336,,1456.8696,1339.51066,1926.30536,,607.029,,,63.55125,,49.294250000000005,44.2505,,48.7570475,49.765814,52.7921135,37.660616,,50.9090827,,37.3916116,42.8389507,55.145902,,35.2395764,36_25
-3,NASS USDA,Fulton,,22,36,26,-1,,,36176.0,19964.8,33809.6,26018.018,26752.8365,26317.3885,27732.5945,38373.855,24085.7175,34454.823,45286.592,23350.899,38700.441,33502.2805,,49608.4134,33578.4839,,,5867.9325,3468.15045,5625.1215,4815.7634,5665.604,4977.63779999999,4896.7006,6313.1016,4856.232,6353.5702,7810.4398,4734.82619999999,8134.18859999999,6960.5992,,10117.15,7122.4736,,,61.66825,57.566,60.12150000000001,54.00175,47.2102722,52.8593645999999,56.6254262,60.7949944,49.6313118,54.2043865999999,57.9704482,49.2950563,47.5465277,48.1517875999999,,49.093303,47.1430210999999,36_26
-3,NASS USDA,Gallia,,22,36,27,-1,,,,,,,,,,,,,,,,,,,,,,,,,,,,,,,,,,,,,,,,,,,,,,,,,,,,,,,,,,36_27
-3,NASS USDA,Geauga,,22,36,28,-1,,,1052.64,709.92,908.48,1124.00015,,,,,979.758,721.21075,,,1417.92755,598.741,,,,,,198.29565,222.57675,263.04525,283.2802,,,,,343.9831,206.38986,,,453.24832,165.92126,,,,,,53.127500000000005,31.943750000000005,34.566500000000005,39.6775,,,,,28.5144663999999,34.970572,,,31.2717615,36.1138407,,,,36_28
-3,NASS USDA,Greene,,22,36,29,-1,11451.2,,14606.4,8105.599999999999,7425.599999999999,6313.996,5851.3325,5905.7635,6939.9525,9416.563,5470.3155,7239.323,,4898.79,8300.7275,5307.0225,,,6455.5166,2043.65925,,2205.53325,1412.35065,1493.28765,1294.9952,1092.6522,1214.058,1456.8696,1618.744,1133.1208,1460.91646,,1129.07394,2039.61744,1355.6981,,,2023.43,56.08650000000001,,66.24125000000001,57.43150000000001,49.76500000000001,48.75625,53.5318755999999,48.6225453,47.6137788,58.1722015,48.2862898,49.5640607,,43.3769595,40.6869155,39.1401402,,,31.8770213999999,36_29
-3,NASS USDA,Guernsey,,22,36,30,-1,,,,,,,,,,,,,,,,,,,,,,,,,,,,,,,,,,,,,,,,,,,,,,,,,,,,,,,,,,36_30
-3,NASS USDA,Hamilton,,22,36,31,-1,,,,,,,,,,,,,,,,,,,,,,,,,,,,,,,,,,,,,,,,,,,,,,,,,,,,,,,,,,36_31
-3,NASS USDA,Hancock,,22,36,32,-1,,,62233.6,52006.4,56657.6,42891.628,30726.2995,42047.9475,42510.611,49559.4255,43272.645,43844.1705,48008.142,35625.0895,59112.066,64800.1055,82718.7907,84136.71825,57506.3515,,,9429.1605,8943.5385,8903.07,8134.188599999999,8053.2514,7527.1596,8012.7828,8700.749,8984.02919999999,8822.1548,10845.5848,7324.8166,15701.8168,15297.1307999999,17320.5608,18858.3675999999,13273.7008,,,66.0395,58.17125000000001,63.685750000000006,52.724,38.1313737,55.8856640999999,53.0611179,56.9616817,48.1517875999999,49.6985629,44.2512238,48.6225453,37.660616,42.368193,47.748281,44.7219815,43.3097084,36_32
-3,NASS USDA,Hardin,,22,36,33,-1,22984.0,,33728.0,,22657.6,15022.956,11457.7255,18370.4625,14505.8615,16873.61,14070.4135,16601.455,,9960.873,24575.5965,20983.1505,35864.5859,39443.42415,24610.97665,3884.976,,5139.4995,,4046.85,3480.2996,3237.488,3844.517,2933.9735,3277.9566,3520.7682,3593.61168,,2310.75706,7001.0678,5746.5412,8134.18859999999,9510.121,6677.31899999999,59.18,,65.636,,56.01925000000001,43.1745,35.3740786,47.8155320999999,49.4295585,51.4470915,39.9471534,46.2015057,,43.1079550999999,35.1050742,36.5173473,44.0494705,41.3594265,36.8536028,36_33
-3,NASS USDA,Harrison,,22,36,34,-1,,,,,,,,,,,,,,,,,,,,,,,,,,,,,,,,,,,,,,,,,,,,,,,,,,,,,,,,,,36_34
-3,NASS USDA,Henry,,22,36,35,-1,59704.0,,58616.0,38352.0,69387.2,41177.0515,31651.6265,49668.2875,46865.091,61534.2455,41503.6375,55791.775,69617.249,42020.732,66868.4835,53179.087,79684.26245,84710.9653,62252.7347,9591.0345,,10319.4675,7001.0505,10845.558,7769.9712,8093.72,9145.9036,8619.8118,11088.3964,9064.9664,10359.9616,13354.6379999999,8660.2804,15863.6912,12261.9858,15013.8506,17603.841,12828.5461999999,62.273500000000006,,56.82625000000001,54.80875,64.022,52.993,39.1401402,54.3388887999999,54.3388887999999,55.4821575,45.7979990999999,53.8681310999999,52.1196025,48.4880430999999,42.1664397,43.3769595,53.128369,48.0845365,48.5552942,36_35
-3,NASS USDA,Highland,,22,36,36,-1,,,12756.8,10118.4,8948.8,8055.788,6776.6595,7157.6765,9933.6575,13199.5175,10178.597,8110.219,16193.2225,8273.512,13907.1205,,19535.2859,21151.8866,8534.7808,,,2549.5155,2124.59625,1926.3006,2144.8358,1578.2754,1578.2754,2152.92952,2792.3334,2023.43,1671.35318,3225.34742,2019.38314,4046.86,,4006.3914,4694.3576,2630.459,,,50.034000000000006,47.68025000000001,46.469750000000005,37.5255,42.9062018,45.3272414,46.1342545999999,47.2775233,50.3038228,48.5552942,50.2365717,40.9559199,34.3653121,,48.7570475,45.058237,32.4150302,36_36
-3,NASS USDA,Hocking,,22,36,37,-1,549.4399999999999,,,,,323.86445,,,,,,,718.4892,,615.0703,,,,,113.3118,,,,,80.9372,,,,,,,190.20242,,198.29614,,,,,48.48725,,,,,40.01375,,,,,,,37.7951182,,31.0027571,,,,,36_37
-3,NASS USDA,Holmes,,22,36,38,-1,2488.8,,3019.2,2230.4,2660.16,2095.5935,628.67805,2667.119,1741.792,3048.136,1766.28595,,2830.412,2294.26665,3048.136,2316.03905,,4090.48965,4008.84315,526.0905,,550.3716000000001,485.622,530.13735,526.0918,161.8744,566.5604,388.49856,687.9662,485.6232,,736.52852,538.23238,878.16862,615.12272,,1011.715,1011.715,47.34400000000001,,54.876,45.93175000000001,50.23575,39.812,38.8711358,47.07577,44.8564837,44.3184749,36.3828451,,38.4003781,42.6371974,34.7015676,37.660616,,40.35066,39.6108979,36_38
-3,NASS USDA,Huron,,22,36,39,-1,42459.2,,37780.8,34190.4,27716.8,31134.532,5905.7635,23813.5625,25909.156,24330.657,22017.3395,22180.6325,26371.8195,11430.51,31433.9025,36659.2785,43144.73215,56956.5984,42105.10005,7405.735500000001,,7405.735500000001,6920.1135,5544.1845,6798.7248,1982.9614,5099.0436,5382.3238,4815.7634,4451.546,5220.44939999999,6191.69579999999,2707.34933999999,9226.8408,7689.034,9712.464,11938.237,9469.65239999999,57.364250000000006,,51.042750000000005,49.42875,50.034000000000006,45.79725,29.7922372999999,46.6722634,48.1517875999999,50.5055760999999,49.4295585,42.5026952,42.5699463,42.2336908,34.0963077,47.6810299,44.385726,47.748281,44.4529770999999,36_39
-3,NASS USDA,Jackson,,22,36,40,-1,,,448.8,,,,,435.448,1232.86215,683.10905,,1009.69505,1551.2835,,321.1429,,,,,,,117.35865,,,,,121.4058,307.56136,198.29614,,218.53044,348.02996,,202.343,,,,,,,38.26525,,,,,35.8448363,40.0816556,34.4325632,,46.2015057,44.5874793,,15.8712596,,,,,36_40
-3,NASS USDA,Jefferson,,22,36,41,-1,,,,,712.64,,,,,,,,,,,,,,,,,,,141.63975,,,,,,,,,,,,,,,,,,,50.370250000000006,,,,,,,,,,,,,,,36_41
-3,NASS USDA,Knox,,22,36,42,-1,9384.0,,11396.8,7724.799999999999,,7565.909,4272.8335,3674.0925,5116.514,6939.9525,5851.3325,5878.548,6531.72,5443.1,6586.151,5089.2985,,12023.8079,8994.72275,1732.0518000000002,,1772.5203,1529.7093,,1578.2754,1092.6522,849.8406,1145.26138,1497.3382,1375.9324,1497.3382,1626.83772,1335.4638,1922.2585,1558.0411,,3075.6136,2225.773,54.2035,,64.35825,50.50475,,47.94925,39.0728891,43.2424573,44.6547304,46.3360079,42.5026952,39.2746424,40.1489067,40.7541666,34.2308099,32.6840346,,39.005638,40.4179111,36_42
-3,NASS USDA,Lake,,22,36,43,-1,,,,,,,,,,,,,,,,,,,,,,,,,,,,,,,,,,,,,,,,,,,,,,,,,,,,,,,,,,36_43
-3,NASS USDA,Lake Erie,,22,36,44,-1,,,,,,,,,,,,,,,,,,,,,,,,,,,,,,,,,,,,,,,,,,,,,,,,,,,,,,,,,,36_44
-3,NASS USDA,Lawrence,,22,36,45,-1,,,,,,,,,,,,,,,,,,,,,,,,,,,,,,,,,,,,,,,,,,,,,,,,,,,,,,,,,,36_45
-3,NASS USDA,Licking,,22,36,46,-1,,,8731.199999999999,,,9062.7615,,,9416.563,12383.0525,11022.2775,8790.6065,10750.1225,8137.4345,9362.132,10450.752,,18985.5328,8091.16815,,,1614.69315,,,2023.43,,1497.3382,1760.3841,2347.1788,2326.9445,2088.17976,2735.67736,1869.64932,2893.5049,2630.459,,4370.6088,2266.2416,,,54.13625,,,44.78849999999999,,47.6137788,53.4646245,52.7248624,47.3447744,42.0991886,39.2746424,43.5114617,32.3477791,39.7454001,,43.3769595,35.7103341,36_46
-3,NASS USDA,Logan,,22,36,47,-1,12947.2,,18849.6,12593.6,11832.0,12056.4665,7266.5385,8164.65,8137.4345,10995.062,10641.2605,10287.459,,9307.701,11185.5705,10205.8125,19921.746,19821.04865,17300.89335,2420.0163,,3043.2312,2375.50095,2201.4864,2387.6474,1780.6184,1618.744,1659.2126,1982.9614,2266.2416,1958.68024,,1849.41502,3156.5508,2683.06817999999,4006.3914,4532.4832,4330.1402,53.53099999999999,,62.00450000000001,53.06025000000001,53.80000000000001,50.50475,40.8214177,50.438325,49.0260519,55.4149064,46.9412678,52.5231090999999,,50.3038228,35.4413297,38.0641226,49.765814,43.713215,39.9471534,36_47
-3,NASS USDA,Lorain,,22,36,48,-1,11342.4,,12947.2,8976.0,6854.4,8355.1585,1823.4385,,,,,,,,14070.4135,6313.996,14905.92935,22153.417,11016.8344,2310.75135,,2246.00175,1950.5817,1428.53805,2144.8358,607.029,,,,,,,,4127.7972,1618.744,4087.3286,5058.575,2751.8648,49.0925,,57.700500000000005,46.06625,48.01650000000001,38.93775,30.0612417,,,,,,,,34.0963077,39.005638,36.315594,43.713215,40.0144045,36_48
-3,NASS USDA,Lucas,,22,36,49,-1,13028.8,,14280.0,6310.4,10880.0,8763.391,7184.892,8600.098,8790.6065,11838.7425,7892.495,10586.8295,13145.0865,8518.4515,,11566.5875,,17447.85705,9552.6405,1995.09705,,2193.3927,1137.16485,1756.3329,1578.2754,1618.744,1659.2126,1537.8068,1982.9614,1902.0242,2076.03917999999,2347.1788,1651.11888,,2266.2416,,3642.174,1982.9614,65.367,,65.16525,55.5485,62.00450000000001,55.5485,44.385726,51.8505980999999,57.163435,59.7189767999999,41.4939287,50.9763338,56.0201662999999,51.5815937,,51.0435849,,47.748281,48.1517875999999,36_49
-3,NASS USDA,Madison,,22,36,50,-1,18822.4,,21052.8,16673.6,16238.4,12655.2075,9035.546,9362.132,14669.1545,13607.75,13607.75,14614.7235,19921.746,12355.837,18914.7725,13417.2415,24708.95245,29673.05965,16108.85445,3132.2619,,3609.7902,3201.05835,2808.5139,2549.5218,2023.43,2063.8986,2513.10005999999,2589.9904,2731.63049999999,2832.802,3581.47109999999,2448.3503,4694.3576,3027.05128,4572.9518,5787.0098,3844.517,60.12150000000001,,58.373,52.11875,57.835,49.6305,44.6547304,45.3944925,58.3739547999999,52.5231090999999,49.8330650999999,51.5815937,55.6166597,50.438325,40.2834089,44.3184749,54.1371355,51.110836,41.8974353,36_50
-3,NASS USDA,Mahoning,,22,36,51,-1,5548.799999999999,,5249.599999999999,,,5143.7295,,4027.894,4681.066,6069.0565,4000.6785,3810.17,4109.5405,3810.17,4762.7125,4381.6955,,7957.8122,3518.96415,1250.47665,,1120.97745,,,1214.058,,1011.715,1116.93336,1173.5894,1031.9493,1044.08988,1161.44882,752.71596,1517.5725,1153.3551,,2144.8358,1133.1208,44.385000000000005,,46.873250000000006,,,42.3675,,39.8126512,41.8974353,51.7160959,38.7366336,36.5173473,35.3740786,50.6400783,31.4062637,37.9968715,,36.988105,31.0700082,36_51
-3,NASS USDA,Marion,,22,36,52,-1,15504.0,,17462.399999999998,12784.0,,,5742.4705,9688.718,11784.3115,14886.8785,12219.7595,13444.457,,9470.994,19785.6685,12246.975,28584.43965,28758.61885,17496.84495,2573.7966,,2933.96625,2258.1423,,,1659.2126,1821.087,2339.08508,2589.9904,2589.9904,2703.30248,,2120.55464,4734.82619999999,3188.92568,6029.8214,6677.31899999999,4411.0774,60.256,,59.5835,56.624500000000005,,,34.6343165,53.1956200999999,50.3710739,57.4996905,47.2102722,49.765814,,44.6547304,41.7629331,38.4003781,47.4120255,43.040704,39.678149,36_52
-3,NASS USDA,Medina,,22,36,53,-1,4732.8,,6636.799999999999,6120.0,5140.799999999999,7130.461,1442.4215,5279.807,4027.894,5742.4705,4082.325,3919.032,4517.773,2463.00275,6450.0735,4708.2815,,,7500.5918,975.29085,,1246.4298,1404.25695,1027.8999,1618.744,404.686,1214.058,1040.04302,1133.1208,1072.4179,1015.76186,1299.04206,667.7319,2509.0532,1274.7609,,,1942.4928,48.5545,,53.26200000000001,43.578,50.034000000000006,44.04875,35.643083,43.5114617,38.7366336,50.7073294,38.0641226,38.6021314,34.7688187,36.8536028,25.6899202,36.9208539,,,38.6021314,36_53
-3,NASS USDA,Meigs,,22,36,54,-1,,,,,,,,,,,,,,,,,593.2979,,,,,,,,,,,,,,,,,,,186.15556,,,,,,,,,,,,,,,,,,,31.9442725,,,36_54
-3,NASS USDA,Mercer,,22,36,55,-1,33292.8,,40881.6,,31225.6,25147.122,,23514.192,22098.986,42646.6885,28140.827,35815.598,27868.672,,29855.4035,29746.5415,54694.99035,55212.08485,37682.5813,4937.157,,5625.1215,,5382.3105000000005,4856.232,,3925.4542,4532.4832,6879.662,6070.29,6313.1016,5908.4156,,8215.1258,8053.2514,10926.5219999999,11735.894,9267.3094,67.45175,,72.69725,,58.03675,51.7825,,59.9207300999999,48.7570475,62.0055142,46.3360079,56.7599284,47.1430210999999,,36.315594,36.9208539,50.1020695,47.07577,40.6869155,36_55
-3,NASS USDA,Miami,,22,36,56,-1,6337.599999999999,,9574.4,8894.4,6500.799999999999,6885.5215,5824.117,7457.047,8083.0035,11947.6045,10477.9675,12627.992,13444.457,,13362.8105,13580.5345,,18599.0727,13724.77665,1096.69635,,1541.84985,1558.03725,1201.91445,1456.8696,1537.8068,1537.8068,1841.3213,2428.116,2266.2416,2610.22469999999,2994.6764,,3116.0822,3395.31554,,4127.7972,3804.0484,57.835,,62.13900000000001,57.09525000000001,54.13625,47.27675,37.8623693,48.4880430999999,43.9149683,49.2278052,46.2687568,48.3535409,44.9237348,,42.9062018,40.0144045,,45.058237,36.0465896,36_56
-3,NASS USDA,Monroe,,22,36,57,-1,,,,,,,,,,,,,,,,,,,,,,,,,,,,,,,,,,,,,,,,,,,,,,,,,,,,,,,,,,36_57
-3,NASS USDA,Montgomery,,22,36,58,-1,5086.4,,6446.4,5059.2,3889.6,,1279.1285,2775.981,2830.412,4327.2645,,,5089.2985,3755.739,4762.7125,,6896.4077,7495.1487,3554.3443,902.44755,,955.0566,837.69795,679.8708,,242.8116,566.5604,647.4976,809.372,,,1007.66814,793.18456,1274.7609,,1359.74496,1740.1498,809.372,56.42275000000001,,67.519,60.45775,57.22975,,52.6576113,49.0260519,43.713215,53.4646245,,,50.5055760999999,47.3447744,37.3916116,,50.7745805,43.040704,43.9149683,36_58
-3,NASS USDA,Morgan,,22,36,59,-1,,,,,,,,,391.9032,,,,,,400.06785,,,,,,,,,,,,,76.89034,,,,,,121.4058,,,,,,,,,,,,,50.9763338,,,,,,32.953039,,,,,36_59
-3,NASS USDA,Morrow,,22,36,60,-1,,,20236.8,16782.399999999998,16347.2,14451.4305,7402.616,11022.2775,10967.8465,16547.024,13526.1035,,,14015.9825,,16302.0845,28785.83435,30595.6651,21922.08525,,,3557.1811500000003,3334.6044,3027.0438,2994.6764,2387.6474,2225.773,2687.11504,3237.488,2994.6764,,,3164.64452,,3856.65758,6029.8214,6596.3818,5503.7296,,,56.8935,50.370250000000006,54.00175,48.2855,31.0027571,49.4968095999999,40.8214177,51.110836,45.1927392,,,44.3184749,,42.3009419,47.748281,46.403259,39.8126512,36_60
-3,NASS USDA,Muskingum,,22,36,61,-1,1006.4,,720.8,1267.52,1659.1999999999998,914.4408,416.39715,1034.189,1290.0147,1423.37065,1398.8767,2095.5935,2133.6952,756.5909,1164.8234,1442.4215,2405.8502,,2558.257,242.811,,254.95155,343.98225,416.82555,242.8116,121.4058,283.2802,283.2802,384.4517,364.2174,485.6232,586.7947,242.8116,404.686,485.6232,615.12272,,687.9662,41.49325,,28.31225,36.853,39.812000000000005,37.66,34.298061,36.5173473,45.5289947,37.0553561,38.4003781,43.1752062,36.3828451,31.1372592999999,28.7834707999999,29.7249862,39.005638,,37.1898583,36_61
-3,NASS USDA,Noble,,22,36,62,-1,,,,,,,,,,,,,,,,,,,,,,,,,,,,,,,,,,,,,,,,,,,,,,,,,,,,,,,,,,36_62
-3,NASS USDA,Ottawa,,22,36,63,-1,21460.8,,21433.6,5684.799999999999,15884.8,16955.2565,6695.013,12546.3455,12736.854,18098.3075,,11022.2775,20765.4265,3619.6615,24276.226,22126.2015,25348.5167,24913.0687,11800.6408,3775.71105,,3880.92915,1161.44595,2986.5753,3318.4252,2751.8648,2670.9276,2869.22374,3723.1112,,2266.2416,4330.1402,829.6063,6070.29,4572.9518,5706.07259999999,6110.7586,2711.3962,56.8935,,55.279500000000006,48.958000000000006,53.19475,51.11,24.3448982,46.9412678,44.385726,48.6225453,,48.6225453,47.9500343,43.6459639,40.0144045,48.3535409,44.385726,40.6869155,43.5114617,36_63
-3,NASS USDA,Paulding,,22,36,64,-1,63920.0,,77112.0,27308.8,71699.2,47790.418,26916.1295,51437.295,46211.919,59057.635,20357.194,56444.947,55165.8185,36822.5715,61343.737,44388.4805,74687.49665,90728.31235,30794.33825,10238.5305,,12949.92,5463.2475,11533.5225,9631.5268,7284.348,9712.464,9510.121,10724.179,5948.88419999999,11290.7394,11735.894,8660.2804,17846.6526,11533.551,16713.5318,20436.643,8457.93739999999,62.47525,,59.5835,50.034000000000006,62.20625,49.6305,36.9208539,52.9938667999999,48.6225453,55.0786509,34.2308099,49.9675673,47.0085189,42.5026952,34.3653121,38.4676292,44.7219815,44.385726,36.3828451,36_64
-3,NASS USDA,Perry,,22,36,65,-1,2064.48,,3236.8,2154.24,,,881.7822,1551.2835,2226.2279,,,1347.16725,3238.6445,1363.49655,2596.3587,2585.4725,3747.57435,4430.6834,2408.57175,517.9968,,623.2149000000001,493.7157,,,323.7488,323.7488,437.06088,,,437.06088,647.4976,348.02996,809.372,607.029,890.3092,1092.6522,687.9662,39.87925,,51.98425,43.64525,,,27.2366955,47.9500343,50.9090827,,,30.8010037999999,50.0348184,39.2073913,32.0787747,42.5699463,42.0319375,40.6869155,35.0378231,36_65
-3,NASS USDA,Pickaway,,22,36,66,-1,25622.4,,25024.0,23691.2,21841.6,15104.6025,14369.784,20466.056,21690.7535,30127.5585,18914.7725,20901.504,29093.3695,,,,42540.54805,48168.71345,23179.44135,4694.3460000000005,,4775.283,4289.661,3945.67875,3358.8938,2994.6764,4249.20299999999,3763.5798,4937.1692,4006.3914,3884.9856,5584.6668,,,,8498.40599999999,10238.5558,5544.1982,54.607,,52.455000000000005,55.279500000000006,55.414,44.99025,48.0172854,48.1517875999999,57.6341927,60.9967477,47.2102722,53.80088,52.1196025,,,,50.1020695,47.07577,41.8301842,36_66
-3,NASS USDA,Pike,,22,36,67,-1,2856.0,,,,813.28,,,762.034,,,1597.54985,892.6684,2375.91315,,,,2016.66855,,,594.8869500000001,,,,214.48305,,,202.343,,,263.0459,161.8744,485.6232,,,,526.0918,,,48.01650000000001,,,,37.929,,,37.660616,,,60.7277432999999,55.145902,48.9588008,,,,38.333127,,,36_67
-3,NASS USDA,Portage,,22,36,68,-1,3400.0,,3753.6,3345.6,3590.4,3755.739,1211.08975,3347.5065,3048.136,6504.5045,3429.153,3919.032,4245.618,2288.82355,5334.238,3782.9545,7078.75155,8126.5483,4457.8989,768.9015,,700.10505,647.496,728.433,809.372,364.2174,809.372,793.18456,1173.5894,809.372,861.98118,1177.63626,550.37296,1578.2754,942.91838,1764.43096,2104.3672,1254.5266,44.2505,,53.6655,51.71525000000001,49.294250000000005,46.4025,33.2220434,41.3594265,38.4003781,55.4149064,42.368193,45.4617435999999,36.0465896,41.5611798,33.8273033,40.1489067,40.0144045,38.6693825,35.5085808,36_68
-3,NASS USDA,Preble,,22,36,69,-1,15096.0,,20128.0,15585.6,12974.4,8110.219,7048.8145,7946.926,8219.081,13743.8275,8899.4685,10858.9845,12274.1905,8327.943,,,,15572.7091,8586.49025,2687.1084,,3051.3249,2598.0777000000003,2237.90805,1659.2126,1497.3382,1537.8068,1942.4928,2306.7102,1902.0242,1938.44594,2387.6474,1675.40004,,,,3561.2368,2266.2416,56.221,,65.97225,60.05425,58.03675,48.89075,47.07577,51.6488448,42.3009419,59.5844745999999,46.8067655999999,56.0201662999999,51.3798404,49.6985629,,,,43.713215,37.8623693,36_69
-3,NASS USDA,Putnam,,22,36,70,-1,71971.2,,72596.8,45369.6,72134.4,,30699.084,62269.064,54757.586,65807.079,45585.9625,75441.366,62377.926,49205.624,65534.924,74216.6685,96862.68605,105283.16175,52172.1135,11857.2705,,12828.5145,8579.322,12059.613,,9429.18379999999,12100.1114,10926.5219999999,13314.1693999999,11452.6138,14851.9762,13840.2611999999,11290.7394,18939.3047999999,19222.585,20719.9232,23714.5995999999,12869.0147999999,60.72675,,56.624500000000005,52.92575,59.852500000000006,,32.5495324,51.4470915,50.1020695,49.4295585,39.8126512,50.7745805,45.058237,43.5787128,34.6343165,38.6021314,46.7395145,44.385726,40.5524133,36_70
-3,NASS USDA,Richland,,22,36,71,-1,12811.2,,16809.6,12675.2,13246.4,10505.183,5007.652,,6395.6425,10369.1055,9661.5025,,,,11212.786,9525.425,15847.58565,19709.4651,13977.8808,2306.7045000000003,,2719.4832,2375.50095,2424.06315,2266.2416,1214.058,,1456.8696,2023.43,2023.43,,,,2832.802,2630.459,3541.0025,4249.20299999999,3399.3624,55.5485,,61.870000000000005,53.3965,54.67425,46.33525,41.2249243,,43.9149683,51.2453382,47.748281,,,,39.6108979,36.1810918,44.7219815,46.403259,41.0904221,36_71
-3,NASS USDA,Ross,,22,36,72,-1,12811.2,,19012.8,12376.0,14905.6,12709.6385,9661.5025,9525.425,12981.7935,17608.4285,12029.251,13172.302,,11648.234,14315.353,15540.0505,24747.05415,32048.9728,15951.00455,2460.4848,,3112.02765,2553.56235,2594.03085,2589.9904,2185.3044,2144.8358,2440.25657999999,3601.7054,2630.459,2772.0991,,2703.30248,4370.6088,4087.3286,5220.44939999999,6717.7876,3763.5798,52.11875,,61.13025,48.48725,57.49875,49.0925,44.1839727,44.385726,53.1956200999999,48.8915497,45.730748,47.5465277,,43.1079550999999,32.7512857,37.9968715,47.4120255,47.748281,42.368193,36_72
-3,NASS USDA,Sandusky,,22,36,73,-1,29512.0,,33836.8,21760.0,24398.4,20656.5645,12818.5005,17962.23,19431.867,26154.0955,17009.6875,19268.574,29283.878,,37720.683,30726.2995,38978.0391,40031.27895,26880.74935,4856.22,,5260.905000000001,3779.7579,4532.472,4289.6716,3439.831,3358.8938,3678.59573999999,4613.4204,3642.174,3905.2199,5989.3528,,8498.40599999999,6515.4446,8053.2514,8498.40599999999,6474.976,60.794,,64.35825,57.63325000000001,53.86725,48.151,37.2571094,53.4646245,52.7921135,56.6926772999999,46.6722634,49.3623074,48.8915497,,44.385726,47.1430210999999,48.420792,47.07577,41.4939287,36_73
-3,NASS USDA,Scioto,,22,36,74,-1,821.4399999999999,,,,,887.2253,,,672.22285,541.58845,737.54005,688.55215,1426.0922,340.19375,642.2858,854.5667,,1913.24965,,279.23265000000004,,,,,242.8116,,,182.1087,121.4058,234.71788,165.92126,424.9203,141.6401,404.686,307.56136,,566.5604,,29.4555,,,,,36.51675,,,36.9208539,44.5874793,31.4062637,41.4939287,33.5582989,24.0086427,15.8712596,27.7747042999999,,33.62555,,36_74
-3,NASS USDA,Seneca,,22,36,75,-1,57636.8,,,,,39707.4145,25909.156,43953.0325,48525.2365,50294.244,48688.5295,51192.3555,46103.057,,61398.168,64691.2435,78239.1194,81047.759,70558.9053,9914.7825,,,,,9712.464,7284.348,9226.8408,9429.18379999999,10157.6186,10319.493,10036.2128,12100.1114,,16025.5656,15459.0052,17482.4352,18251.3386,16025.5656,58.17125000000001,,,,,40.888,35.5758319,47.6137788,51.4470915,49.4968095999999,47.2102722,50.9763338,38.1313737,,38.333127,41.8301842,44.7219815,44.385726,44.0494705,36_75
-3,NASS USDA,Shelby,,22,36,76,-1,20209.6,,29756.8,22086.4,22820.8,19731.2375,13036.2245,19295.7895,19050.85,26426.2505,22316.71,22126.2015,15866.6365,25201.553,26208.5265,22779.3735,34620.83755,38855.56935,27147.46125,3706.9146,,4411.0665,4046.85,3759.52365,3642.174,3399.3624,3723.1112,4046.86,4775.2948,4856.232,4492.01459999999,3872.84501999999,5139.5122,6555.9132,6232.1644,7567.6282,8377.0002,6758.2562,54.53975,,67.519,54.607,60.72675,54.2035,38.333127,51.8505980999999,47.07577,55.3476552999999,45.9325013,49.2278052,40.9559199,49.0260519,39.9471534,36.5845984,45.730748,46.403259,40.1489067,36_76
-3,NASS USDA,Stark,,22,36,77,-1,9846.4,,10417.6,9275.2,11560.0,9906.442,,8028.5725,7865.2795,12328.6215,8953.8995,8981.115,,10722.907,12246.975,,,10812.71815,9506.37415,2007.2376,,2112.4557,2059.84665,2225.7675,2063.8986,,1780.6184,2092.22662,2387.6474,2306.7102,2278.38218,,2302.66334,3310.33148,,,2913.7392,2428.116,49.0925,,49.36150000000001,45.0575,51.98425,48.0165,,45.058237,37.5933649,51.6488448,38.8038847,39.4091446,,46.5377612,36.988105,,,36.988105,39.1401402,36_77
-3,NASS USDA,Summit,,22,36,78,-1,,,299.2,,,,,,704.88145,,,,,,,,,,,,,72.8433,,,,,,202.343,,,,,,,,,,,,,41.08975,,,,,,34.8360698,,,,,,,,,,,36_78
-3,NASS USDA,Trumbull,,22,36,79,-1,5684.799999999999,,4760.0,4678.4,4950.4,7593.1245,2400.4071,3701.308,3483.584,6667.7975,3102.567,,5742.4705,2329.6468,5606.393,5361.4535,,10731.07165,4055.1095,1145.25855,,845.79165,987.4314,890.307,1456.8696,526.0918,728.4348,841.74688,1173.5894,708.2005,,1056.23046,558.46668,1618.744,1185.72998,,2347.1788,971.2464,49.69775,,56.288250000000005,47.41125,55.615750000000006,52.11875,45.5962458,50.8418315999999,41.3594265,56.8271795,43.7804660999999,,54.3388887999999,41.695682,34.6343165,45.1927392,,45.730748,41.7629331,36_79
-3,NASS USDA,Tuscarawas,,22,36,80,-1,,,6120.0,3590.4,4760.0,3320.291,2683.4483,3510.7995,3864.601,4953.221,3293.0755,3129.7825,,2637.18195,3510.7995,3347.5065,,5404.9983,3099.84545,,,1181.6802,764.85465,971.244,728.4348,647.4976,728.4348,849.8406,1052.1836,768.9034,728.4348,,627.2633,760.80968,930.7778,,1294.9952,890.3092,,,51.84975,46.9405,49.02525000000001,45.5955,41.4266776,48.2190387,45.4617435999999,47.07577,42.8389507,42.9734529,,42.0319375,46.1342545999999,35.9793385,,41.695682,34.8360698,36_80
-3,NASS USDA,Union,,22,36,81,-1,16537.6,,26139.2,22195.2,15694.4,17254.627,8899.4685,12165.3285,14342.5685,17499.5665,13199.5175,14914.094,,12464.699,17935.0145,15458.404,33156.64365,34335.0748,20482.3853,3047.2780500000003,,3670.49295,4411.0665,3099.8871,3561.2368,2630.459,2468.5846,2674.97446,3318.4252,3176.7851,3451.97158,,2784.23968,5139.5122,4087.3286,6758.2562,7850.9084,5503.7296,54.27075000000001,,71.28500000000001,50.370250000000006,50.63925,48.42,33.8273033,49.2950563,53.5991267,52.7248624,41.5611798,43.1752062,,44.7892325999999,34.9033209,37.7951182,49.093303,43.713215,37.1898583,36_81
-3,NASS USDA,Van Wert,,22,36,82,-1,,,31062.4,23854.4,26248.0,19704.022,14805.232,23786.347,18506.54,28304.12,11376.079,30508.5755,27079.4225,30290.8515,,27433.224,47384.90705,49031.4448,30780.7305,,,4775.283,3901.1634,4330.1295,3601.7054,3804.0484,4046.86,3399.3624,4856.232,2954.2078,5625.1354,5665.604,5989.3528,,7405.75379999999,9267.3094,10724.179,8134.18859999999,,,65.098,61.197500000000005,60.65950000000001,54.67425,38.9383869,58.7774614,54.473391,58.3067037,38.5348803,54.2043865999999,47.8155320999999,50.5728272,,37.0553561,51.110836,45.730748,37.8623693,36_82
-3,NASS USDA,Vinton,,22,36,83,-1,,,,,,,,,,,,,,,,,,,,,,,,,,,,,,,,,,,,,,,,,,,,,,,,,,,,,,,,,,36_83
-3,NASS USDA,Warren,,22,36,84,-1,4787.2,,5113.599999999999,3835.2,3998.4,3755.739,1929.57895,1932.3005,2966.4895,4082.325,3973.463,4490.5575,6477.289,,4653.8505,3919.032,7914.2674,9732.2628,3845.55015,894.3538500000001,,845.79165,687.9645,748.6672500000001,849.8406,526.0918,485.6232,728.4348,809.372,748.6691,894.35606,1173.5894,,1647.07202,870.0749,1501.38506,1982.9614,1052.1836,53.53099999999999,,60.525000000000006,55.75025000000001,53.463750000000005,44.18325,36.6518495,39.8126512,40.7541666,50.438325,53.0611179,50.2365717,55.2131530999999,,28.245462,45.058237,52.7921135,49.093303,36.5173473,36_84
-3,NASS USDA,Washington,,22,36,85,-1,870.4,,617.4399999999999,386.24,560.3199999999999,394.62475,,,966.15025,824.62965,1085.89845,1257.3561,1341.72415,557.91775,1657.42395,1442.4215,,,,226.6236,,133.54605,113.3118,178.06140000000002,121.4058,,,299.46764,222.5773,343.9831,372.31112,412.77972,226.62416,566.5604,485.6232,,,,38.39975,,46.268,34.09575,31.473,32.48175,,,32.280528,37.0553561,31.5407658999999,33.7600522,32.4822813,24.6139026,29.2542285,29.7249862,,,,36_85
-3,NASS USDA,Wayne,,22,36,86,-1,14851.2,,16564.8,15476.8,,12355.837,,8300.7275,11348.8635,17690.075,11838.7425,12764.0695,15240.68,9933.6575,14505.8615,11430.51,15452.9609,16329.3,16217.71645,3176.77725,,3306.2764500000003,3047.2780500000003,,2873.2706,,2185.3044,2654.74016,3399.3624,2832.802,3156.5508,3435.78413999999,2318.85077999999,4006.3914,3148.45708,3897.12617999999,4249.20299999999,3884.9856,46.806,,50.10125000000001,50.841,,42.97275,,37.9968715,42.7716996,52.0523514,41.7629331,40.4179111,44.385726,42.8389507,36.1810918,36.315594,39.678149,38.333127,41.7629331,36_86
-3,NASS USDA,Williams,,22,36,87,-1,32667.2,,30083.2,14579.2,38488.0,25664.2165,16220.438,23813.5625,27759.81,43082.1365,29120.585,40333.371,52471.484,26018.018,39244.751,25827.5095,47540.0354,50144.55875,27577.46615,5220.4365,,5746.527,2614.2651,6232.149,5827.4784,4046.86,5260.918,5341.8552,7729.5026,6353.5702,7567.6282,8903.092,5908.4156,9914.80699999999,6151.2272,9914.80699999999,11128.865,6636.8504,62.609750000000005,,52.38775,55.8175,61.80275000000001,44.04875,40.0816556,45.2599903,51.9851003,55.7511619,45.8652502,53.3301222999999,58.9119635999999,44.0494705,39.6108979,41.9646864,48.0845365,45.058237,41.5611798,36_87
-3,NASS USDA,Wood,,22,36,88,-1,72406.4,,,,70366.4,52362.622,37040.2955,61779.185,50457.537,61915.2625,43680.8775,54322.138,77237.589,31842.135,84531.343,77101.5115,109776.4408,108053.69965,72646.33415,11614.4595,,,,11938.2075,10521.836,9510.121,11331.208,8903.092,10966.9906,9186.3722,10562.3046,15620.8796,6879.662,18817.899,16632.5946,20719.9232,23269.445,16389.783,62.408,,,,58.97825000000001,49.765,38.9383869,54.5406420999999,56.6926772999999,56.4236729,47.5465277,51.4470915,49.4295585,46.2687568,44.9237348,46.3360079,53.128369,46.403259,44.3184749,36_88
-3,NASS USDA,Wyandot,,22,36,89,-1,23092.8,,33700.8,27308.8,21379.2,16683.1015,12138.113,18098.3075,18533.7555,,19295.7895,21799.6155,19976.177,15104.6025,38482.717,30563.0065,48718.46655,47061.0426,39862.54285,3787.8516,,4896.6885,4694.3460000000005,3824.27325,3884.9856,3480.2996,3520.7682,3678.59573999999,,4046.86,4653.889,4613.4204,3350.80008,8498.40599999999,8255.5944,10966.9906,10926.5219999999,9995.7442,60.99575000000001,,68.864,58.2385,55.952,42.97275,34.9033209,51.3798404,50.3710739,,47.6810299,46.8740167,43.3097084,45.058237,45.2599903,36.988105,44.385726,43.040704,39.8799023,36_89
-2,NASS USDA,Oklahoma,,22,37,-1,-1,2894080.0,2997440.0,1865920.0,1865920.0,3129360.0,2830412.0,2993705.0,1905085.0,2683448.3,3714915.75,2688891.4,1295457.8,2868513.7,4212959.4,2003060.8,3248169.925,2035719.4,4632078.1,2667119.0,1133118.0,1173586.5,991478.25,991478.25,1193820.75,1052183.6,1112886.5,1011715.0,1173589.4,1416401.0,1537806.8,1133120.8,1375932.4,1740149.8,1294995.2,1558041.09999999,1375932.4,1861555.59999999,1416401.0,25.555000000000003,25.555000000000003,18.83,18.83,26.227500000000003,26.9,26.90044,18.830308,22.865374,26.227929,17.485286,11.432687,20.847841,24.210396,15.467753,20.847841,14.795242,24.882907,18.830308,37_-1
-3,NASS USDA,Adair,,22,37,1,-1,,,,,,,,,,,,,,,,,,,,,,,,,,,,,,,,,,,,,,,,,,,,,,,,,,,,,,,,,,37_1
-3,NASS USDA,Alfalfa,,22,37,2,-1,210201.6,,89243.2,125854.4,228072.0,261486.524,259363.715,91171.925,,229970.975,162122.7335,65997.5875,176900.75,258547.25,177581.1375,190780.655,146283.3125,248156.3721,74842.625,64749.600000000006,,59812.443,63049.923,71588.7765,71346.1418,85388.746,65963.818,,75271.596,82151.258,67987.2479999999,72843.48,93077.78,78913.77,80127.828,70698.6442,88994.49826,50585.75,32.48175,,14.9295,19.97325,31.8765,36.65125,30.3974972,13.8537266,,30.5319993999999,19.7045723,9.6841584,24.2776471,27.7747042999999,22.5291185,23.8068894,20.847841,27.9092065,14.795242,37_2
-3,NASS USDA,Atoka,,22,37,3,-1,,,,,,,,,,,,,,,,,,,,,,,,,,,,,,,,,,,,,,,,,,,,,,,,,,,,,,,,,,37_3
-3,NASS USDA,Beaver,,22,37,4,-1,80430.4,,,42323.2,76187.2,66759.6215,120564.665,47627.125,42320.1025,85048.4375,56608.24,25881.9405,12246.975,65317.2,52253.76,80830.035,,76505.49205,120564.665,29987.1585,,,25697.4975,30553.7175,26466.4644,35612.368,25090.532,21448.358,32779.566,33993.6239999999,26304.59,12545.266,34398.31,32374.88,36421.74,,50869.0302,46538.89,26.83275,,,16.47625,24.94975,25.21875,33.8273033,18.9648102,19.7045723,25.9589246,16.6782728,9.8186606,9.7514095,18.9648102,16.140264,22.192863,,15.1314975,25.8916735,37_4
-3,NASS USDA,Beckham,,22,37,5,-1,25704.0,,14715.2,5848.0,19774.4,18479.3245,15784.99,8164.65,19867.315,35380.15,22425.572,6749.444,,40278.94,12655.2075,32658.6,19323.005,47295.0959,29392.74,12261.9555,,8579.322,5625.1215,9226.818,8377.0002,7689.034,4451.546,10521.836,14568.696,14568.696,7082.005,,17401.498,12140.58,16187.44,12545.266,23965.50492,18210.87,20.982000000000003,,17.14875,10.42375,21.45275,22.058,20.5115855,18.3595503,18.8975591,24.2776471,15.4005018999999,9.5496562,,23.1343784,10.4239205,20.17533,15.467753,19.8390745,16.140264,37_5
-3,NASS USDA,Blaine,,22,37,6,-1,134476.8,,68353.59999999999,92126.4,167633.59999999998,145820.649,152678.955,46266.35,92804.855,126143.8425,115094.3495,49123.9775,118387.425,160571.45,70624.2225,116618.4175,61098.7975,168311.5382,97975.8,51435.463500000005,,44596.287,50019.066,59529.1635,52123.5568,53013.866,31160.822,41682.6579999999,48967.006,64345.074,40468.6,56656.04,72843.48,60702.9,60702.9,51395.1219999999,70306.09878,60702.9,26.16025,,15.333000000000002,18.4265,28.177750000000003,27.976,28.7834707999999,14.8624931,22.2601141,25.7571712999999,17.8887926,12.1724491,20.9150921,22.0583607999999,11.6344403,19.2338146,11.7689425,23.8741405,16.140264,37_6
-3,NASS USDA,Bryan,,22,37,7,-1,,,,,,,2599.08025,,4082.325,1306.344,2775.981,8164.65,11811.527,5579.1775,,,,,1143.051,,,,,,,1254.5266,,1173.5894,534.18552,1214.058,2144.8358,3075.6136,1699.6812,,,,,607.029,,,,,,,20.7133388,,34.7688187,24.4794004,22.865374,38.0641226,38.4003781,32.8185368,,,,,18.830308,37_7
-3,NASS USDA,Caddo,,22,37,8,-1,93921.6,,87910.4,66096.0,89216.0,92478.269,77292.02,57152.55,71576.765,107501.225,88858.6075,64636.8125,118387.425,119748.2,54431.0,111311.395,43680.8775,,95254.25,39254.445,,35450.406,36421.65,32698.548000000003,32132.0684,28732.706,25899.904,35612.368,45324.832,47348.262,40468.6,50585.75,46538.89,40468.6,52609.18,40468.6,,56656.04,23.941000000000003,,24.81525,18.1575,27.3035,28.783,26.90044,22.0583607999999,20.1080789,23.7396382999999,18.7630569,16.0057618,23.4033827999999,25.7571712999999,13.45022,21.1840965,10.760176,,16.812775,37_8
-3,NASS USDA,Canadian,,22,37,9,-1,102816.0,,72950.4,115817.6,130315.2,84585.774,,115393.72,96615.025,126552.075,98547.3255,63466.546,104779.675,148324.475,88722.53,126715.368,68446.9825,180819.782,97975.8,41115.996,,38080.8585,47995.641,46498.3065,28328.02,,46943.576,46538.89,47752.948,49776.378,42896.716,45729.518,54632.61,54632.61,56656.04,56656.04,68270.5282,54632.61,25.017000000000003,,19.16625,24.14275,28.043250000000004,29.859,,24.6139026,20.7805899,26.4969333999999,19.7718234,14.795242,22.9326251,27.1694443999999,16.2075151,22.3946162999999,12.105198,26.5641845,17.9560437,37_9
-3,NASS USDA,Carter,,22,37,10,-1,,,873.12,,,,821.9081,1932.3005,,,1224.6975,,,1006.9735,,,,,217.724,,,574.6527,,,,485.6232,687.9662,,,566.5604,,,404.686,,,,,161.8744,,,15.1985,,,,16.9472772,28.1109597999999,,,21.5876031,,,24.882907,,,,,13.45022,37_10
-3,NASS USDA,Cherokee,,22,37,11,-1,,,,,,,,,,,,,,,,,,,,,,,,,,,,,,,,,,,,,,,,,,,,,,,,,,,,,,,,,,37_11
-3,NASS USDA,Choctaw,,22,37,12,-1,,,,,,,,,,,,,,,,,,,408.2325,,,,,,,,,,,,,,,,,,,202.343,,,,,,,,,,,,,,,,,,,20.17533,37_12
-3,NASS USDA,Cimarron,,22,37,13,-1,88998.4,,,,62451.2,38455.5015,127150.816,,94165.63,151318.18,123286.215,34291.53,11158.355,133355.95,27215.5,131995.175,,,155128.35,35976.4965,,,,44029.728,23633.6624,44920.146,,41277.972,52609.18,76485.654,28732.706,10926.5219999999,82960.63,30351.45,64749.76,,,60702.9,24.748,,,,14.18975,16.2745,28.3127131,,22.7981229,28.7834707999999,16.140264,11.9034447,10.2221672,16.0730129,8.9443963,20.3770833,,,25.555418,37_13
-3,NASS USDA,Cleveland,,22,37,14,-1,,,2317.44,2216.8,1259.36,1796.223,258.54725,,1360.775,1197.482,544.31,1687.361,2313.3175,789.2495,898.1115,1170.2665,,4730.0539,653.172,,,748.6672500000001,728.433,469.4346000000001,570.60726,80.9372,,647.4976,526.0918,323.7488,768.9034,1294.9952,445.1546,809.372,890.3092,,1861.5556,404.686,,,31.002250000000004,30.46425,26.83275,31.473,31.9442725,,21.0495943,22.7308717999999,16.812775,21.9238586,17.8887926,17.7542904,11.0964315,13.1139645,,25.555418,16.140264,37_14
-3,NASS USDA,Coal,,22,37,15,-1,,,,,,,,,,,,938.93475,,557.91775,898.1115,,,555.1962,,,,,,,,,,,,,202.343,,283.2802,424.9203,,,206.38986,,,,,,,,,,,,,46.403259,,19.7045723,21.1168454,,,26.90044,,37_15
-3,NASS USDA,Comanche,,22,37,16,-1,26737.6,,28723.2,24153.6,24616.0,14206.491,17826.1525,19459.0825,,,24439.519,18098.3075,26943.345,46266.35,13063.44,26399.035,6395.6425,59536.6278,31025.67,12626.172,,12909.4515,14851.9395,10400.4045,10157.6186,10117.15,8093.72,,,17401.498,17603.841,17401.498,20234.3,16187.44,17806.184,10117.15,24815.34552,17401.498,21.183750000000003,,22.25975,16.2745,23.672000000000004,13.988,17.6197882,24.0758937999999,,,14.0554798999999,10.2894183,15.467753,22.865374,8.070132,14.795242,6.3888545,23.8741405,17.8215415,37_16
-3,NASS USDA,Cotton,,22,37,17,-1,34516.8,,67782.4,47980.8,93187.2,34427.6075,41503.6375,73481.85,39190.32,48987.9,72066.644,30481.36,53070.225,97975.8,11430.51,72665.385,9117.1925,118515.33785,61234.875,24685.785,,31120.2765,33507.918,36583.524000000005,24604.9088,21043.672,27923.334,25899.904,29137.392,40063.914,32374.88,42492.03,42492.03,16187.44,40063.914,20234.3,49614.5036,34398.31,13.988,,21.789,14.32425,25.48775,13.988,19.7045723,26.2951801,15.1314975,16.812775,17.9560437,9.415154,12.5087046,23.0671272999999,7.0613655,18.157797,4.3713215,23.8741405,17.8215415,37_17
-3,NASS USDA,Craig,,22,37,18,-1,3073.6,,9873.6,6120.0,6092.799999999999,704.88145,2073.8211,5851.3325,6259.565,8763.391,3129.7825,10722.907,13199.5175,12655.2075,5524.7465,1088.62,4408.911,9179.78815,2449.395,1011.7125,,1966.7691,1643.0211000000002,1962.72225,343.9831,1214.058,1982.9614,1537.8068,2549.5218,930.7778,3237.488,3601.7054,3439.831,1821.087,526.0918,2569.7561,3921.40733999999,1821.087,30.397,,50.23575,37.2565,31.069500000000005,20.51125,17.0817794,29.5232328999999,40.6869155,34.3653121,33.62555,33.1547923,36.6518495,36.7863517,30.3302461,20.7133388,17.1490305,23.537885,13.45022,37_18
-3,NASS USDA,Creek,,22,37,19,-1,478.72,,576.64,712.64,516.8,,740.2616,1442.4215,898.1115,489.879,,381.017,898.1115,544.31,217.724,,,1940.46515,571.5255,161.874,,206.38935,202.3425,157.82715000000002,,364.2174,404.686,343.9831,202.343,,202.343,283.2802,283.2802,161.8744,,,700.10678,404.686,29.59,,27.976,35.239000000000004,32.750750000000004,,20.3098322,35.643083,26.0934267999999,24.210396,,18.830308,31.6752681,19.2338146,13.45022,,,27.572951,14.122731,37_19
-3,NASS USDA,Custer,,22,37,20,-1,123080.0,,71236.8,48932.8,90684.8,96778.318,105732.2175,55791.775,114849.41,177717.215,147671.303,44633.42,88450.375,133355.95,61234.875,144786.46,75441.366,196689.14005,115665.875,45324.72,,41399.2755,38323.6695,35409.9375,35976.5854,37635.798,33993.6239999999,50585.75,59488.842,72438.794,50181.064,54632.61,58679.47,44515.46,61512.272,53539.9578,74437.94284,68796.62,27.169,,17.216,12.777500000000002,25.62225,26.9,28.1109597999999,16.4092684,22.7308717999999,29.8594883999999,20.3770833,8.8771452,16.2075151,22.7308717999999,13.7864755,23.537885,14.122731,26.5641845,16.812775,37_20
-3,NASS USDA,Delaware,,22,37,21,-1,2676.48,,3563.2,,2491.52,,898.1115,,,2993.705,,3048.136,,,,,1224.6975,,217.724,526.0905,,756.76095,,886.2601500000001,,323.7488,,,849.8406,,1052.1836,,,,,849.8406,,202.343,50.90825000000001,,47.14225,,28.1105,,27.7747042999999,,,35.2395764,,28.9852241,,,,,14.4589865,,10.760176,37_21
-3,NASS USDA,Dewey,,22,37,22,-1,70720.0,,16700.8,24724.8,58643.2,57778.5065,67630.5175,25854.725,57560.7825,86545.29,55873.4215,9988.0885,43000.49,76203.4,44633.42,68038.75,38373.855,103769.97995,56336.085,23957.352000000003,,11452.5855,21893.4585,24645.3165,22783.8218,24281.16,19020.242,25090.532,30351.45,35207.682,13961.667,30351.45,32374.88,30351.45,33588.938,28570.8315999999,43430.90152,36421.74,29.52275,,14.59325,11.298000000000002,23.8065,25.353250000000003,27.8419553999999,13.5847221999999,22.9326251,28.5144663999999,15.8712596,7.12861659999999,14.1899821,23.537885,14.7279908999999,20.2425811,13.45022,23.8741405,15.467753,37_22
-3,NASS USDA,Ellis,,22,37,23,-1,20617.6,,16619.2,8894.4,21542.4,10505.183,,,15240.68,26399.035,21908.4775,5279.807,,29392.74,15784.99,24766.105,17009.6875,,26126.88,10683.684,,6394.023,7608.078,11007.432,5827.4784,,,8093.72,12545.266,14568.696,7689.034,,14164.01,14164.01,14164.01,14164.01,,16187.44,19.30075,,26.02575,11.7015,19.569750000000003,18.023,,,18.830308,21.0495943,15.0642463999999,6.85961219999999,,20.7805899,11.1636826,17.485286,12.105198,,16.140264,37_23
-3,NASS USDA,Garfield,,22,37,24,-1,226276.8,,129988.8,197744.0,264492.8,284401.975,295832.485,180983.075,261268.8,257322.5525,179731.162,83578.8005,304813.6,326586.0,197176.2975,221398.0925,177036.8275,,84368.05,74542.977,,75554.68950000001,84983.85,85793.22,79237.5188,95101.2099999999,91459.036,86198.118,97934.012,97934.012,82555.944,113312.08,115335.51,105218.36,101171.5,101252.4372,,64749.76,30.397,,17.216,23.268500000000003,30.86775,35.9115,31.1372592999999,19.7718234,30.3302461,26.2951801,18.3595503,10.1549161,26.90044,28.3127131,18.7630569,21.8566075,17.485286,,13.0467133999999,37_24
-3,NASS USDA,Garvin,,22,37,25,-1,,,9356.8,7643.2,7044.799999999999,4599.4195,5007.652,5851.3325,12655.2075,9797.58,7511.478,2939.274,5170.945,7974.1415,3810.17,6939.9525,,16968.86425,5715.255,,,2885.40405,2116.50255,3132.2619,1776.57154,1780.6184,1497.3382,3751.43921999999,2954.2078,2832.802,1821.087,2428.116,2711.3962,2832.802,3277.9566,,5564.4325,2832.802,,,32.414500000000004,36.11325,22.52875,25.89125,28.1109597999999,39.0728891,33.7600522,33.1547923,26.4969333999999,16.140264,21.3185987,29.3887307,13.45022,21.1840965,,30.5992505,20.17533,37_25
-3,NASS USDA,Grady,,22,37,26,-1,52795.2,,32313.6,25432.0,27526.4,27923.103,25446.4925,30345.2825,25664.2165,33883.2975,28739.568,23623.054,46266.35,50892.985,23133.175,44225.1875,18370.4625,72333.3559,27215.5,18655.9785,,12019.1445,11128.8375,11533.5225,11857.2998,14568.696,11331.208,12140.58,14164.01,16754.0004,16389.783,17806.184,20638.986,14164.01,22257.73,20234.3,28975.5176,18210.87,28.31225,,26.90000000000001,22.865,23.87375,23.5375,17.485286,26.7659377999999,21.1168454,23.9413916,17.1490305,14.3917353999999,25.9589246,24.6811537,16.3420173,19.8390745,9.0788985,24.882907,14.9297441999999,37_26
-3,NASS USDA,Grant,,22,37,27,-1,165104.0,,119761.6,188441.6,229187.2,280755.098,197584.53,155128.35,226705.115,302772.4375,159020.1665,57234.1965,323864.45,326586.0,192005.3525,225072.185,163619.586,306021.9682,76203.4,65154.285,,72721.89450000001,79196.8545,83162.7675,83162.973,81746.572,85793.432,87007.4899999999,103599.616,100362.128,66773.19,119382.37,117358.94,99148.0699999999,103599.616,96436.6738,117965.969,56656.04,25.353250000000003,,16.47625,23.8065,27.5725,33.7595,24.1431449,18.0905459,26.0261757,29.2542285,15.8712596,8.5408897,27.1021932999999,27.8419553999999,19.3683168,21.7221052999999,16.812775,25.8916735,13.45022,37_27
-3,NASS USDA,Greer,,22,37,28,-1,40854.4,,,6473.599999999999,40174.4,32359.2295,39054.2425,,43544.8,40278.94,35053.564,10341.89,23269.2525,78108.485,19867.315,52253.76,,79286.91615,46266.35,15782.715,,,8012.763,22055.3325,19101.1792,17401.498,,25090.532,20638.986,27113.962,12545.266,22257.73,33184.252,20234.3,26304.59,,35179.35398,28328.02,25.89125,,,8.07,18.224750000000004,16.947,22.4618674,,17.3507838,19.502819,12.9122112,8.2718853,10.4239205,23.537885,9.8186606,19.8390745,,22.5291185,16.3420173,37_28
-3,NASS USDA,Harmon,,22,37,29,-1,,,,,16782.399999999998,19894.5305,11974.82,,16057.145,,20928.7195,7756.4175,,38918.165,8981.115,37829.545,,,40278.94,,,,,10238.5305,12585.7346,7284.348,,8903.092,,18615.556,6879.662,,21448.358,8093.72,19424.928,,,19020.242,,,,,16.409,15.80375,16.4092684,,18.0232948,,11.2309337,11.2981848,,18.157797,11.0964315,19.502819,,,21.1840965,37_29
-3,NASS USDA,Harper,,22,37,30,-1,53529.6,,,19420.8,56331.2,62840.5895,,,33883.2975,36877.0025,54567.0775,6177.9185,28031.965,44089.11,27215.5,42456.18,56063.93,,53342.38,24281.1,,,15620.841,24078.7575,23836.0054,,,19424.928,16592.126,29542.0779999999,8903.092,22662.416,26304.59,24281.16,26304.59,28328.02,,28328.02,22.058,,,12.441250000000002,23.403,26.362,,,17.4180349,22.192863,18.4940525,6.9268633,12.3742023999999,16.7455239,11.2309337,16.140264,19.8390745,,18.830308,37_30
-3,NASS USDA,Haskell,,22,37,31,-1,,,,,,,,,,,,,,,,,,,,,,,,,,,,,,,,,,,,,,,,,,,,,,,,,,,,,,,,,,37_31
-3,NASS USDA,Hughes,,22,37,32,-1,,,,,,,,,,242.21795,,,,,,,,,476.27125,,,,,,,,,,121.4058,,,,,,,,,283.2802,,,,,,,,,,19.9735767,,,,,,,,,16.812775,37_32
-3,NASS USDA,Jackson,,22,37,33,-1,77220.8,,67184.0,12512.0,92480.0,56472.1625,99744.8075,35107.995,101513.815,137166.12,107637.3025,30345.2825,,146963.7,64636.8125,156380.263,33910.513,204755.81425,174179.2,33993.54,,39659.130000000005,15904.1205,37190.5515,31808.3196,36826.426,22662.416,52609.18,60298.214,63535.702,38242.827,,76890.34,54632.61,68391.934,32213.0056,78622.3960799999,72843.48,22.7305,,16.947000000000003,7.86825,24.882500000000004,17.753999999999998,27.1021932999999,15.467753,19.3010657,22.7308717999999,16.9472772,7.9356298,,19.0993124,11.8361936,22.865374,10.4239205,25.8916735,23.9413916,37_33
-3,NASS USDA,Jefferson,,22,37,34,-1,,,,,,,4136.756,4898.79,,5579.1775,4626.635,1741.792,6667.7975,12519.13,,,,24483.0638,5987.41,,,,,,,1618.744,1497.3382,,2185.3044,2347.1788,1254.5266,4249.20299999999,5867.947,,,,7850.9084,3237.488,,,,,,,25.555418,32.6840346,,25.555418,19.7045723,13.8537266,15.6695063,21.3185987,,,,31.2717615,18.4940525,37_34
-3,NASS USDA,Johnston,,22,37,35,-1,,,,,,,,,,,,1006.9735,,,,,,,272.155,,,,,,,,,,,,445.1546,,,,,,,202.343,,,,,,,,,,,,22.5963696,,,,,,,13.45022,37_35
-3,NASS USDA,Kay,,22,37,36,-1,99144.0,,89216.0,92833.6,108392.0,108862.0,106548.6825,109134.155,113488.635,152951.11,76774.9255,59819.669,201394.7,190508.5,99608.73,95254.25,92668.7775,175267.82,61234.875,36421.65,,46417.3695,45284.2515,39335.382000000005,44596.3972,44920.146,50585.75,48562.32,62726.33,61916.958,53823.238,76890.34,72843.48,56656.04,52609.18,61188.5231999999,72414.51284,38445.17,27.23625,,19.2335,20.511250000000004,27.5725,24.41175,23.7396382999999,21.5876031,23.4033827999999,24.4121492999999,12.3742023999999,11.0964315,26.1606779,26.1606779,17.5525371,18.0905459,15.1314975,24.210396,15.9385106999999,37_36
-3,NASS USDA,Kingfisher,,22,37,37,-1,167824.0,,87012.79999999999,117694.4,204516.8,194971.842,177172.905,103418.9,142745.2975,189909.759,122007.0865,77809.1145,186970.485,205477.025,93893.475,138173.0935,83211.39125,212014.1881,99336.575,59164.947,,55320.4395,57303.396,63414.139500000005,60905.243,58679.47,55846.668,62726.33,71224.736,66166.161,64749.76,72034.108,72843.48,64749.76,68391.934,60682.6657,80666.06038,62726.33,28.3795,,15.7365,20.5785,32.28,32.011,30.1957438999999,18.4940525,22.7308717999999,26.6314356,18.4268014,12.0379468999999,25.9589246,28.1782108999999,14.5262376,20.17533,13.7864755,26.227929,15.8040085,37_37
-3,NASS USDA,Kiowa,,22,37,38,-1,109072.0,,50129.6,38732.8,128248.0,92532.7,90627.615,56336.085,105460.0625,164109.465,110331.637,62024.1245,91444.08,254464.925,70896.3775,167375.325,76611.6325,275143.2619,183704.625,49776.255000000005,,34843.3785,34721.973,54672.9435,46174.6726,44515.46,40873.286,57465.412,67987.2479999999,74866.91,61512.272,69605.992,95101.2099999999,76890.34,87412.1759999999,72722.0742,101479.061359999,91054.3499999999,21.923500000000004,,14.3915,11.163500000000004,23.47025,20.0405,20.3770833,13.7864755,18.3595503,24.1431449,14.7279908999999,10.087665,13.1139645,26.7659377999999,9.2134007,19.1665635,10.4239205,27.2366955,20.17533,37_38
-3,NASS USDA,Latimer,,22,37,39,-1,,,,,,,,,,,,,,,,,,,,,,,,,,,,,,,,,,,,,,,,,,,,,,,,,,,,,,,,,,37_39
-3,NASS USDA,Le Flore,,22,37,40,-1,,,,,,,,,,,,,,,,,,,,,,,,,,,,,,,,,,,,,,,,,,,,,,,,,,,,,,,,,,37_40
-3,NASS USDA,Lincoln,,22,37,41,-1,345.44,,,652.8,775.1999999999999,,,816.465,2150.0245,2150.0245,2231.671,,2367.7485,1796.223,2041.1625,1932.3005,,5143.7295,408.2325,202.3425,,,388.4976,449.20035,,,364.2174,809.372,809.372,951.0121,,1092.6522,768.9034,1011.715,1416.401,,2067.94546,404.686,17.081500000000002,,,16.8125,17.283250000000002,,,22.3946162999999,26.5641845,26.5641845,23.4706339,,21.6548542,23.3361317,20.17533,13.6519733,,24.882907,10.087665,37_41
-3,NASS USDA,Logan,,22,37,42,-1,28043.2,,22739.2,40392.0,22222.4,34917.4865,32631.3845,36332.6925,23405.33,40278.94,28358.551,13281.164,44905.575,43000.49,22997.0975,33447.8495,23269.2525,63986.36205,14015.9825,11816.802,,12261.9555,15985.0575,8457.916500000001,11857.2998,13476.0438,15378.068,11735.894,14973.382,13354.6379999999,12140.58,15782.7539999999,18210.87,14164.01,16187.44,14164.01,24807.2518,11533.551,23.73925,,18.561000000000003,25.286000000000005,26.29475,29.4555,24.210396,23.6051361,19.9735767,26.90044,21.2513476,10.9619293,28.4472152999999,23.6051361,16.2075151,20.6460877,16.4765195,25.8916735,12.1724491,37_42
-3,NASS USDA,Love,,22,37,43,-1,,,,,,,,,,353.8015,544.31,,625.9565,1360.775,1088.62,,,4754.54785,816.465,,,,,,,,,,210.43672,404.686,,343.9831,728.4348,971.2464,,,1663.25946,607.029,,,,,,,,,,16.812775,13.45022,,18.2250481,18.6958058,11.2309337,,,28.5817175,13.45022,37_43
-3,NASS USDA,Major,,22,37,44,-1,83449.59999999999,,40936.0,50292.8,100748.8,92614.3465,100697.35,,102602.435,149140.94,71059.6705,34019.375,95254.25,106140.45,65861.51,75795.1675,52743.639,,45722.04,29542.005,,26830.6155,28773.1035,33386.512500000004,31160.822,34398.31,,35612.368,43301.402,38040.484,26709.2759999999,40468.6,40468.6,38445.17,39659.2279999999,35652.8366,,28328.02,28.245,,15.26575,17.485000000000003,30.19525,29.724500000000003,29.2542285,,28.7834707999999,34.4325632,18.6958058,12.7104578999999,23.537885,26.227929,17.1490305,19.0993124,14.795242,,16.140264,37_44
-3,NASS USDA,Marshall,,22,37,45,-1,,,968.32,949.28,220.32,,,,,,,530.70225,,,,544.31,,,326.586,,,651.54285,453.2472,133.54605,,,,,,,222.5773,,,,566.5604,,,121.4058,,,14.86225,20.982000000000003,16.47625,,,,,,,23.8741405,,,,9.6169073,,,26.90044,37_45
-3,NASS USDA,Mayes,,22,37,46,-1,3019.2,,4923.2,1689.12,1808.8,,1850.654,3837.3855,3265.86,3293.0755,2775.981,4653.8505,7212.1075,5579.1775,1714.5765,1387.9905,2231.671,6656.9113,2177.24,1133.118,,1517.56875,517.9968,1011.7125,,728.4348,1294.9952,1335.4638,1214.058,1335.4638,1618.744,2266.2416,1699.6812,687.9662,687.9662,1780.6184,3095.84789999999,1618.744,26.631000000000004,,32.48175,32.61625,17.888500000000004,,25.4209157999999,29.6577351,24.4794004,27.1021932999999,20.7805899,28.7834707999999,31.8097702999999,32.8185368,24.9501581,20.17533,12.4414535,21.520352,13.45022,37_46
-3,NASS USDA,McClain,,22,37,47,-1,7942.4,,8840.0,5168.0,6800.0,,2667.119,3810.17,7348.185,7157.6765,10341.89,8028.5725,8981.115,11430.51,4218.4025,8382.374,5170.945,16838.22985,5307.0225,2832.795,,2994.6690000000003,1384.0227,2193.3927,,1011.715,1092.6522,2670.9276,2549.5218,4451.546,3237.488,3399.3624,4653.889,2832.802,3804.0484,6070.29,6191.69579999999,3035.145,28.043250000000004,,29.52275,37.391000000000005,31.002250000000004,,26.3624312,34.9033209,27.5056998999999,28.0437087,23.2016295,24.8156559,26.4296822999999,24.5466515,14.8624931,22.0583607999999,8.4063875,27.2366955,17.485286,37_47
-3,NASS USDA,McCurtain,,22,37,48,-1,,,,,,,,,,,,,,,,,,,2313.3175,,,,,,,,,,,,,,,,,,,1011.715,,,,,,,,,,,,,,,,,,,22.865374,37_48
-3,NASS USDA,McIntosh,,22,37,49,-1,,,,,,,,,,,,,,,,,,,,,,,,,,,,,,,,,,,,,,,,,,,,,,,,,,,,,,,,,,37_49
-3,NASS USDA,Murray,,22,37,50,-1,,,,408.0,,,,,,,,,,,,,,3339.34185,272.155,,,,226.6236,,,,,,,,,,,,,,1242.38602,202.343,,,,18.023000000000003,,,,,,,,,,,,,,26.90044,13.45022,37_50
-3,NASS USDA,Muskogee,,22,37,51,-1,,,9928.0,7289.599999999999,8160.0,,2190.84775,,11076.7085,6504.5045,4762.7125,,8491.236,,7892.495,,4300.049,,2721.55,,,2893.49775,2322.8919,2703.2958000000003,,566.5604,,2549.5218,1861.5556,2104.3672,,2549.5218,,2509.0532,,2225.773,,2023.43,,,34.2975,31.405750000000005,30.19525,,38.6693825,,43.4442105999999,34.970572,22.6636207,,33.2892945,,31.4735147999999,,19.1665635,,13.45022,37_51
-3,NASS USDA,Noble,,22,37,52,-1,63838.4,,33374.4,62478.4,66150.4,63357.684,72529.3075,39190.32,66677.975,77564.175,66215.3115,34182.668,100697.35,110222.775,61507.03,50348.675,49804.365,104325.17615,20955.935,26304.525,,20598.4665,25818.903,27963.7335,23431.3194,32779.566,21043.672,26709.2759999999,31565.5079999999,36826.426,33993.6239999999,38445.17,42492.03,36421.74,29542.0779999999,38930.7932,45527.1749999999,18210.87,24.27725,,16.207250000000002,24.21,23.672000000000004,27.0345,22.1256119,18.6285547,24.9501581,24.5466515,17.9560437,10.087665,26.1606779,25.9589246,16.8800261,17.0145283,12.777709,22.865374,11.4999381,37_52
-3,NASS USDA,Nowata,,22,37,53,-1,,,1705.4399999999998,3236.8,1912.16,832.7943,299.3705,898.1115,1741.792,2013.947,,,7076.03,4218.4025,2150.0245,1143.051,,3611.49685,653.172,,,619.16805,975.29085,752.7141,477.52948,161.8744,485.6232,930.7778,1173.5894,,,2266.2416,1537.8068,971.2464,728.4348,,1651.11888,607.029,,,27.5725,33.2215,25.4205,17.417749999999998,18.4940525,18.4940525,18.6958058,17.1490305,,,31.2045103999999,27.4384487999999,22.1256119,15.6695063,,21.8566075,10.760176,37_53
-3,NASS USDA,Okfuskee,,22,37,54,-1,,,,622.88,,,,,,,,,,,,,,,272.155,,,,267.0921,,,,,,,,,,,,,,,202.343,,,,23.33575,,,,,,,,,,,,,,,13.45022,37_54
-3,NASS USDA,Oklahoma,,22,37,55,-1,,,,1653.76,3780.8,6885.5215,5089.2985,5987.41,2231.671,4926.0055,4871.5745,4953.221,5715.255,7212.1075,4082.325,3782.9545,,11117.53175,2721.55,,,1594.4589,554.41845,1679.4427500000002,2152.92952,1821.087,2387.6474,1011.715,1699.6812,2428.116,2994.6764,2347.1788,3035.145,2428.116,1699.6812,,3516.72134,2023.43,,,27.169,29.859,22.52875,32.011,27.9764576,25.0846602999999,22.0583607999999,28.9852241,20.0408278,16.5437706,24.3448982,23.7396382999999,16.812775,22.2601141,,31.608017,13.45022,37_55
-3,NASS USDA,Okmulgee,,22,37,56,-1,,,,2486.08,3508.8,,2136.41675,,3293.0755,,2857.6275,,,,,,680.3875,,272.155,,,,554.41845,1157.3991,,768.9034,,890.3092,,768.9034,,,,,,607.029,,161.8744,,,,44.85575000000001,30.329750000000004,,27.7747042999999,,36.988105,,37.1898583,,,,,,11.0964315,,16.812775,37_56
-3,NASS USDA,Osage,,22,37,57,-1,,,,4270.4,6609.599999999999,3728.5235,1828.8816,,11430.51,9797.58,4408.911,6504.5045,15376.7575,11294.4325,3592.446,5034.8675,,16691.26615,2313.3175,,,,1918.2069,2468.5785,1622.79086,890.3092,,3844.517,3844.517,2549.5218,3358.8938,6474.976,4653.889,1902.0242,2670.9276,,7001.0678,2023.43,,,,22.25975,26.7655,22.9995,20.5115855,,29.7249862,25.4881669,17.2835327,19.3683168,23.7396382999999,24.2776471,18.8975591,18.830308,,23.8741405,11.432687,37_57
-3,NASS USDA,Ottawa,,22,37,58,-1,19801.6,,25568.0,13382.4,14824.0,,7402.616,13825.474,14859.663,17553.9975,10178.597,17662.8595,35380.15,25718.6475,9443.7785,6205.134,,16691.26615,4354.48,5260.905000000001,,5989.338000000001,3670.49295,5503.716,,3156.5508,4451.546,5058.575,5099.0436,4451.546,5665.604,8498.40599999999,6879.662,4046.86,3237.488,,7446.2224,4451.546,37.66,,,36.44950000000001,26.967250000000003,,23.4706339,31.0700082,29.3887307,34.4325632,22.865374,31.2045103999999,41.6284309,37.3916116,23.3361317,19.1665635,,22.5291185,9.7514095,37_58
-3,NASS USDA,Pawnee,,22,37,59,-1,,,,4433.599999999999,4460.8,5361.4535,1134.88635,,3510.7995,5878.548,3946.2475,4517.773,9525.425,3320.291,1877.8695,2721.55,,,1905.085,,,,2124.59625,2290.5171,2019.38314,566.5604,,1092.6522,2913.7392,2509.0532,3035.145,3804.0484,1537.8068,1052.1836,2225.773,,,1618.744,,,,20.8475,19.5025,26.56375,20.0408278,,32.1460258,20.17533,15.7367573999999,14.8624931,25.0174092,21.5876031,17.8215415,12.2397002,,,11.7689425,37_59
-3,NASS USDA,Payne,,22,37,60,-1,,,5902.4,3862.4,4433.599999999999,3347.5065,1720.0196,2122.809,2857.6275,2694.3345,4544.9885,2381.35625,6667.7975,6123.4875,4082.325,4898.79,,6956.2818,1632.93,,,3031.09065,1715.8644000000002,2055.7998,1485.19762,1133.1208,809.372,1375.9324,1133.1208,2832.802,2023.43,3075.6136,2913.7392,2832.802,2509.0532,,3314.37833999999,1214.058,,,19.5025,22.52875,21.587250000000004,22.52875,15.1987486,26.227929,20.7805899,23.8068894,16.0730129,11.7689425,21.6548542,21.0495943,14.3917353999999,19.502819,,20.847841,13.45022,37_60
-3,NASS USDA,Pittsburg,,22,37,61,-1,,,,,,,,,,,,,,,,,,,,,,,,,,,,,,,,,,,,,,,,,,,,,,,,,,,,,,,,,,37_61
-3,NASS USDA,Pontotoc,,22,37,62,-1,,,,198.56,,,,,,,,,,,,,,,272.155,,,,105.2181,,,,,,,,,,,,,,,202.343,,,,18.897250000000003,,,,,,,,,,,,,,,13.45022,37_62
-3,NASS USDA,Pottawatomie,,22,37,63,-1,2434.4,,3019.2,2325.6,1787.04,1649.2593,4381.6955,3483.584,,5443.1,4436.1265,3184.2135,6803.875,4000.6785,3538.015,1360.775,2993.705,5981.9669,1415.206,768.9015,,829.60425,619.16805,728.433,424.9203,1214.058,930.7778,,2104.3672,1902.0242,1416.401,2387.6474,1375.9324,1821.087,607.029,2832.802,2076.03917999999,809.372,31.674750000000003,,36.38225,37.59275,24.54625,38.80325,36.1138407,37.4588627,,25.8916735,23.3361317,22.4618674,28.5144663999999,29.0524752,19.4355679,22.3946162999999,10.4239205,28.917973,17.485286,37_63
-3,NASS USDA,Pushmataha,,22,37,64,-1,,,,,,,,,,,,,,,,,,,,,,,,,,,,,,,,,,,,,,,,,,,,,,,,,,,,,,,,,,37_64
-3,NASS USDA,Roger Mills,,22,37,65,-1,19040.0,,12620.8,6908.799999999999,13790.4,15594.4815,9933.6575,11838.7425,19731.2375,22180.6325,17553.9975,5960.1945,,25038.26,16057.145,27759.81,17880.5835,,23133.175,10683.684,,6191.6805,6758.239500000001,6839.1765000000005,7001.0678,4046.86,6879.662,8498.40599999999,8498.40599999999,9712.464,7284.348,,12949.952,12140.58,12140.58,14771.0389999999,,10117.15,17.821250000000003,,20.37675,10.222,20.175,22.25975,24.5466515,17.2162816,23.2016295,26.0934267999999,18.0905459,8.2046342,,19.3683168,13.2484666999999,22.865374,12.105198,,22.865374,37_65
-3,NASS USDA,Rogers,,22,37,66,-1,,,3046.4,913.92,848.64,794.6926,1281.85005,1932.3005,,1279.1285,1292.73625,,2721.55,1578.499,,544.31,680.3875,3344.78495,1632.93,,,963.1503,433.0129500000001,392.54445,356.12368,687.9662,809.372,,849.8406,971.2464,,1133.1208,647.4976,,364.2174,647.4976,1440.68216,1214.058,,,31.674750000000003,21.1165,21.6545,22.327,18.6285547,23.8741405,,15.0642463999999,13.3157178,,24.0086427,24.4121492999999,,14.9297441999999,10.4239205,23.2016295,13.45022,37_66
-3,NASS USDA,Seminole,,22,37,67,-1,,,,,,,,,,,,,,,,,,,217.724,,,,,,,,,,,,,,,,,,,202.343,,,,,,,,,,,,,,,,,,,10.760176,37_67
-3,NASS USDA,Sequoyah,,22,37,68,-1,,,,,,,,,10069.735,6722.2285,2857.6275,,,,,,4082.325,,1360.775,,,,,,,,,2144.8358,1525.66622,1214.058,,,,,,1618.744,,1011.715,,,,,,,,,46.9412678,44.0494705,23.537885,,,,,,25.2191625,,13.45022,37_68
-3,NASS USDA,Stephens,,22,37,69,-1,,,8268.8,8160.0,7371.2,7838.064,1981.2884,7184.892,12002.0355,7348.185,7103.2455,4436.1265,6939.9525,6395.6425,3701.308,6123.4875,,,3674.0925,,,3294.1359,3281.99535,2946.1068,3375.08124,1173.5894,2946.11408,5260.918,3197.0194,4046.86,2873.2706,4249.20299999999,3925.4542,3642.174,3116.0822,,,1821.087,,,25.08425,24.882500000000004,25.017000000000003,23.20125,16.8800261,24.4121492999999,22.7981229,22.9998762,17.5525371,15.467753,16.3420173,16.2747662,10.1549161,19.6373212,,,20.17533,37_69
-3,NASS USDA,Texas,,22,37,70,-1,151096.0,,74201.59999999999,85516.79999999999,142120.0,121925.44,181799.54,111311.395,82462.965,212008.745,149413.095,79387.6135,,163293.0,88450.375,204932.715,186834.4075,129363.43615,281680.425,51799.68,,26668.7415,35248.063500000004,62928.5175,48602.7886,62726.33,50585.75,43301.402,73652.852,65154.4459999999,46943.576,,93077.78,42492.03,76890.34,87007.4899999999,51718.8708,91054.3499999999,29.1865,,27.8415,24.27725,22.596000000000004,25.08425,28.9852241,21.9911097,19.0320613,28.7834707999999,22.9326251,16.8800261,,17.5525371,20.847841,26.6314356,21.520352,24.882907,30.935506,37_70
-3,NASS USDA,Tillman,,22,37,71,-1,78145.59999999999,,,46784.0,112417.6,57696.86,70488.145,,,69943.835,98193.524,26317.3885,55519.62,170096.875,32114.29,81211.052,22561.6495,191959.08615,143697.84,34600.567500000005,,,31646.367,41601.618,31889.2568,29946.764,,,39254.542,57465.412,37635.798,50585.75,72843.48,26304.59,52204.494,28408.9572,74446.03656,64749.76,22.596000000000004,,,14.795,27.034500000000005,18.09025,23.537885,,,17.8215415,17.0817794,6.9941144,10.9619293,23.3361317,12.2397002,15.5350041,8.070132,25.8916735,22.192863,37_71
-3,NASS USDA,Tulsa,,22,37,72,-1,,,,,,,,,,,1115.8355,,,,,,,,762.034,,,,,,,,,,,809.372,,,,,,,,404.686,,,,,,,,,,,13.7864755,,,,,,,,18.830308,37_72
-3,NASS USDA,Wagoner,,22,37,73,-1,10771.2,,18985.6,12457.6,12457.6,6858.306,8845.0375,15104.6025,10995.062,,9770.3645,22289.4945,23133.175,12110.8975,6531.72,3129.7825,5034.8675,14179.2755,4626.635,5948.869500000001,,6272.6175,4492.0035,5382.3105000000005,2946.11408,2832.802,4896.7006,3723.1112,,5260.918,8336.5316,7284.348,4977.63779999999,3035.145,1982.9614,3682.6426,5447.07356,3439.831,18.09025,,30.262500000000003,27.77425,23.134,23.2685,31.2045103999999,30.8682548999999,29.5232328999999,,18.5613036,26.7659377999999,31.7425192,24.3448982,21.520352,15.8040085,13.7864755,25.8916735,13.45022,37_73
-3,NASS USDA,Washington,,22,37,74,-1,3400.0,,3590.4,4569.599999999999,3427.2,,,,2503.826,4844.359,2748.7655,,7892.495,5987.41,3156.998,1496.8525,2721.55,9470.994,952.5425,1436.63175,,1517.56875,1513.5219,1497.3345000000002,,,,1092.6522,1659.2126,1214.058,,2711.3962,1902.0242,1173.5894,1092.6522,2063.8986,3880.93874,809.372,23.672000000000004,,23.672000000000004,30.19525,22.93225,,,,22.9326251,29.1869773999999,22.6636207,,29.1197262999999,31.4735147999999,26.90044,13.7192243999999,13.1139645,24.5466515,11.7689425,37_74
-3,NASS USDA,Washita,,22,37,75,-1,118320.0,,79832.0,49068.8,144132.8,107120.208,108453.7675,57969.015,102058.125,197584.53,115747.5215,56118.361,133083.795,228610.2,49940.4425,184385.0125,62350.7105,,149685.25,55886.9985,,51192.6525,41237.4015,55846.53,49938.2524,46538.89,40468.6,55846.668,78104.398,78913.77,58679.47,82960.63,93077.78,42492.03,82960.63,51233.2475999999,,80937.2,21.183750000000003,,15.602,11.90325,25.824,21.45275,23.3361317,14.3244843,18.2922992,25.2864136,14.6607398,9.5496562,16.0730129,24.5466515,11.7689425,22.192863,12.105198,,18.4940525,37_75
-3,NASS USDA,Woods,,22,37,76,-1,113832.0,,37998.4,42296.0,116606.4,132131.2525,141792.755,48987.9,127640.695,167919.635,110222.775,44061.8945,81646.5,170096.875,109406.31,152134.645,123367.8615,186393.5164,65317.2,39659.130000000005,,23067.045,32779.485,42006.303,40509.0686,47348.262,38445.17,52609.18,59893.528,56251.354,47752.948,38445.17,60702.9,56656.04,64749.76,61148.0545999999,70334.4268,40468.6,28.715750000000003,,16.47625,12.912,27.77425,32.61625,29.9267395,12.7104578999999,24.2776471,28.0437087,19.5700701,9.2134007,21.2513476,28.0437087,19.3010657,23.4706339,20.17533,26.5641845,16.140264,37_76
-3,NASS USDA,Woodward,,22,37,77,-1,34027.2,,,15340.8,50564.8,44960.006,39190.32,,,40959.3275,38128.9155,7130.461,35380.15,32658.6,22180.6325,33475.065,28630.706,,50348.675,17887.077,,,15418.498500000002,20274.7185,20315.2372,15378.068,,,18210.87,23471.788,10117.15,20234.3,16187.44,16187.44,22257.73,21933.9812,,26304.59,19.03175,,,9.953,24.94975,22.12525,25.4881669,,,22.4618674,16.2747662,7.0613655,17.485286,20.17533,13.7192243999999,15.0642463999999,13.1139645,,19.1665635,37_77
-2,NASS USDA,Oregon,,22,38,-1,-1,1429088.0,1389920.0,1096704.0,1331712.0,862920.0,1262799.2,1350977.42,1404047.645,1308221.8695,1086905.4235,1066711.5225,1209565.682,1467024.312,1566959.628,2050824.0025,1669616.494,1390657.619,1388806.965,1188773.04,299466.9,295420.05,291373.2,291373.2,285302.925,293397.35,295420.779999999,311608.22,308775.418,322534.741999999,335080.008,331033.148,351267.448,355314.308,401448.512,369073.632,371097.062,376357.98,337912.81,47.7475,47.075,37.66,45.73,30.262500000000003,43.04,45.730748,45.058237,42.368193,33.6989608619824,31.8346239673913,36.5392162396088,41.7638628387096,44.1007896765375,51.0857524243951,45.2381631885964,37.4743370534351,36.9013293870967,35.1799766227544,38_-1
-3,NASS USDA,Baker,,22,38,1,-1,23174.4,,,,14416.0,25038.26,,,9715.9335,19050.85,25092.691,21500.245,30644.653,34291.53,43490.369,32032.6435,25792.12935,25163.4513,19208.6999,2768.0454,,,,3055.37175,3237.488,,,1578.2754,2630.459,4127.7972,3642.174,4653.889,5260.918,6272.633,4775.2948,3844.517,3974.01652,3358.8938,83.79350000000001,,,,47.209500000000006,77.33749999999999,,,61.5347565,72.4294347,60.7949944,59.0502019722222,65.8534467043478,65.1932163399999,69.3358840999999,67.0732835322033,66.9856351315789,63.35574096945,57.1472299156626,38_1
-3,NASS USDA,Benton,,22,38,2,-1,,,6473.599999999999,3862.4,,,,,,,,,,,25990.8025,,,,,,,793.1826,562.51215,,,,,,,,,,,3642.174,,,,,,,81.64150000000001,68.7295,,,,,,,,,,,71.3534170999999,,,,,38_2
-3,NASS USDA,Clackamas,,22,38,3,-1,1895.84,,1528.64,856.8,718.0799999999999,1611.1576,1415.206,,,2041.1625,2912.0585,8164.65,,,,1524.068,,6153.42455,,335.88855,,214.48305,141.63975,97.1244,283.2802,202.343,,,323.7488,485.6232,1173.5894,,,,283.2802,,1084.55848,,56.49,,71.28500000000001,60.525000000000006,73.97500000000001,56.8935,69.941144,,,63.0815317999999,59.9879812,69.5376374,,,,53.80088,,56.8422357164179,,38_3
-3,NASS USDA,Clatsop,,22,38,4,-1,,,,,,,,,,,,,,,,,,,,,,,,,,,,,,,,,,,,,,,,,,,,,,,,,,,,,,,,,,38_4
-3,NASS USDA,Columbia,,22,38,5,-1,,,,,,,,,,,,,,,,,,,,,,,,,,,,,,,,,,,,,,,,,,,,,,,,,,,,,,,,,,38_5
-3,NASS USDA,Coos,,22,38,6,-1,,,,,,,,,,,,,,,,,,,,,,,,,,,,,,,,,,,,,,,,,,,,,,,,,,,,,,,,,,38_6
-3,NASS USDA,Crook,,22,38,7,-1,,,,,,,,,,,,996.0873,6531.72,7212.1075,,,2639.9035,,3717.6373,,,,,,,,,,,,202.343,930.7778,1011.715,,,404.686,,526.0918,,,,,,,,,,,,49.2278052,70.1721369086956,71.275405824,,,65.233567,,70.6912524230769,38_7
-3,NASS USDA,Curry,,22,38,8,-1,,,,,,,,,,,,,,,,,,,,,,,,,,,,,,,,,,,,,,,,,,,,,,,,,,,,,,,,,,38_8
-3,NASS USDA,Deschutes,,22,38,9,-1,,,,,,,,,,,,,,2177.24,,,,,,,,,,,,,,,,,,,364.2174,,,,,,,,,,,,,,,,,,,59.7862279,,,,,,38_9
-3,NASS USDA,Douglas,,22,38,10,-1,,,,,,,,,,,,,,,,,,,,,,,,,,,,,,,,,,,,,,,,,,,,,,,,,,,,,,,,,,38_10
-3,NASS USDA,Gilliam,,22,38,11,-1,124004.8,,83912.0,117884.8,66776.0,98765.0495,125735.61,113107.618,114359.531,88096.5735,78462.2865,73372.988,90056.0895,110358.8525,164626.5595,110658.223,81374.345,77400.882,103446.1155,38040.39,,36745.398,36462.1185,39456.7875,38647.513,40468.6,42492.03,42208.7498,39780.6337999999,43422.8078,40994.6918,41197.0348,39659.2279999999,45446.2377999999,40266.257,46093.7354,40019.39854,37231.112,32.61625,,22.865,32.34725,16.947000000000003,25.555,31.0700082,26.6090185666666,27.0847196201342,22.1485990511698,18.0504334079217,17.8726603025666,21.8468303263261,27.8378379857142,36.2490016373998,27.4661603085427,17.7191001843722,19.2521150055111,27.8653470869565,38_11
-3,NASS USDA,Grant,,22,38,12,-1,,,,,,,,,,,,,,,,,,,,,,,,,,,,,,,,,,,,,,,,,,,,,,,,,,,,,,,,,,38_12
-3,NASS USDA,Harney,,22,38,13,-1,,,,,,,,,,,,,,,,,,,,,,,,,,,,,,,,,,,,,,,,,,,,,,,,,,,,,,,,,,38_13
-3,NASS USDA,Hood River,,22,38,14,-1,,,,,,,,,,,,,,,,,,,,,,,,,,,,,,,,,,,,,,,,,,,,,,,,,,,,,,,,,,38_14
-3,NASS USDA,Jackson,,22,38,15,-1,,,,,,,,,,,,,,,,,,,,,,,,,,,,,,,,,,,,,,,,,,,,,,,,,,,,,,,,,,38_15
-3,NASS USDA,Jefferson,,22,38,16,-1,13355.2,,,,,1172.98805,,3538.015,,9198.839,9852.011,13417.2415,46647.367,46130.2725,49396.1325,,20819.8575,39838.0489,22270.44365,1659.2085,,,,,242.8116,,404.686,,1214.058,1335.4638,2063.8986,5746.5412,5766.7755,6110.7586,,2954.2078,5961.02478,3035.145,80.5655,,,,,48.2855,,87.42643,,75.7807811833333,73.7744567,65.0318137,81.1692361042253,79.9981330596491,80.8162258529801,,70.613655,66.8837985067888,73.303699,38_16
-3,NASS USDA,Josephine,,22,38,17,-1,,,,,,,,,,,,,,,,,,,,,,,,,,,,,,,,,,,,,,,,,,,,,,,,,,,,,,,,,,38_17
-3,NASS USDA,Klamath,,22,38,18,-1,16945.6,,,,,,,,6531.72,31270.6095,20248.332,,33583.927,21772.4,47246.108,7348.185,35216.857,32585.11815,20792.642,3116.0745,,,,,,,,1052.1836,5625.1354,4289.6716,,5584.6668,3520.7682,7041.5364,1456.8696,6272.633,5689.88516,3763.5798,54.40525000000001,,,,,,,,62.0727652999999,55.6156920582733,47.1912388698113,,60.1283313217391,61.871012,67.108481287931,50.438325,56.128635816129,57.3315627499999,55.2869123709677,38_18
-3,NASS USDA,Lake,,22,38,19,-1,,,,,,,,,,,,,,,,,,,,,,,,,,,,,,,,,,,,,,,,,,,,,,,,,,,,,,,,,,38_19
-3,NASS USDA,Lane,,22,38,20,-1,,,7262.4,,7072.0,4953.2210000000005,3184.2135,,,5443.1,4354.48,10750.1225,13199.5175,22588.865,,21228.09,,,,,,922.6818,,809.37,687.9662,364.2174,,,768.9034,971.2464,1375.9324,1902.0242,3237.488,,3035.145,,,,,,78.74975,,87.425,72.02475,87.42643,,,70.8154083,44.8564837,78.1457782,69.4031352,69.8066418,,69.941144,,,,38_20
-3,NASS USDA,Lincoln,,22,38,21,-1,,,,,,,,,,,,,,,,,,,,,,,,,,,,,,,,,,,,,,,,,,,,,,,,,,,,,,,,,,38_21
-3,NASS USDA,Linn,,22,38,22,-1,6528.0,,5684.799999999999,6908.799999999999,2801.6,3184.2135,2694.3345,,,12246.975,13335.595,12791.285,28576.275,51709.45,68501.4135,63384.8995,,24542.9379,8668.13675,866.0259000000001,,728.433,845.79165,404.685,433.01402,364.2174,,,1578.2754,1780.6184,1578.2754,3561.2368,8012.7828,9793.4012,9105.435,,3261.76916,1375.9324,75.38725000000001,,78.07725,81.70875000000001,69.2675,73.50425,73.97621,,,77.6077694,74.9177254,81.0375755,80.2305622999999,64.561056,69.941144,69.6048885,,75.3195632382133,63.0775758529411,38_22
-3,NASS USDA,Malheur,,22,38,23,-1,59649.6,,62777.6,,65280.0,69018.508,,,,56771.533,62867.805,,70733.0845,,77019.865,69590.0335,64555.166,100335.38385,70471.8157,7527.141,,8498.385,,8862.6015,9024.4978,,,,8822.1548,8579.3432,,9267.3094,,10400.4301999999,10440.8987999999,9833.8698,15782.7539999999,10359.9616,79.28775,,73.90775000000001,,73.706,76.46325,,,,64.3778121770642,73.303699,,76.3029805908296,,74.0434610999999,66.6458400999999,65.5698225,63.6609258923076,67.9538214550781,38_23
-3,NASS USDA,Marion,,22,38,24,-1,15966.4,,13736.0,6120.0,8704.0,8355.1585,16111.576,,,20411.625,20955.935,29800.9725,53886.69,53342.38,66460.251,70379.283,,32451.7622,5334.238,1837.2699,,1647.06795,849.8385000000001,1149.3054,1068.37104,1902.0242,,,2670.9276,3197.0194,3763.5798,6474.976,7648.56539999999,8943.56059999999,9631.5268,,4629.60784,930.7778,86.95425000000002,,83.45725,72.02475,75.79075,78.21175,84.736386,,,76.3972496,65.5698225,79.1545447,83.2568618,69.7393907,74.3124655,73.0691678529411,,70.0075720970279,57.3681122608695,38_24
-3,NASS USDA,Morrow,,22,38,25,-1,283124.8,,146390.4,229568.0,91936.0,178343.1715,189692.035,174723.51,165415.809,120972.8975,91607.373,99064.42,125218.5155,160163.2175,249538.9195,184466.659,150229.56,143129.03605,168409.514,56089.341,,53256.546,52609.05,48764.5425,54227.924,54834.953,56939.3202,57708.2236,56453.697,56777.4458,50181.064,57667.755,53135.2718,59286.4989999999,57263.0689999999,63495.2334,63398.1087599999,65073.5087999999,50.50475,,27.50525,43.64525,18.83,32.88525,34.5670654,30.6719505164179,28.6351976875175,21.4039280526881,16.1165847103349,19.7718234,21.691665328421,30.1558951903274,42.070038805802,32.2089519175971,23.665829253346,22.6019459550938,25.9786649726368,38_25
-3,NASS USDA,Multnomah,,22,38,26,-1,,,,,,,,,,,,,,,,4926.0055,,3018.19895,,,,,,,,,,,,,,,,,728.4348,,602.98214,,,,,,,,,,,,,,,,,67.6247172222222,,50.0682182751677,,38_26
-3,NASS USDA,Polk,,22,38,27,-1,4977.599999999999,,10281.6,7153.599999999999,3345.6,2463.00275,3510.7995,,,11566.5875,12110.8975,18751.4795,36740.925,42728.335,59874.1,54621.5085,,26507.897,11022.2775,809.37,,1270.7109,967.19715,404.685,364.2174,445.1546,,,1659.2126,1740.1498,2347.1788,4572.9518,6029.8214,8822.1548,8498.40599999999,,3986.1571,1659.2126,61.533750000000005,,80.96900000000002,73.97500000000001,82.7175,67.6535,78.8855402999999,,,69.7393907,69.6048885,79.8943068,80.3650645,70.8826594,67.8563599,64.28724795,,66.5069000101522,66.4309646341463,38_27
-3,NASS USDA,Sherman,,22,38,28,-1,185476.8,,153408.0,169755.19999999998,139345.6,160653.0965,170913.34,168736.1,154856.195,141248.445,131314.7875,150817.4148,143969.995,144242.15,189855.328,146963.7,140295.9025,126241.8183,138845.31635,48157.515,,47064.8655,46943.46,47469.550500000005,46660.2958,46336.547,44515.46,46134.204,45931.861,46296.0784,47955.291,44191.7112,42087.344,46457.9528,43463.2764,49452.6291999999,45203.4262,44110.774,38.53425,,32.61625,36.1805,29.388250000000006,34.432,36.8536028,37.9296204,33.5582989,30.7337527,28.3833149978146,31.4733445440506,32.560802501923,34.298061,40.8419210841463,33.7887309744878,28.5118247855973,27.9989147712623,31.3822013798165,38_28
-3,NASS USDA,Tillamook,,22,38,29,-1,,,,,,,,,,,,,,,,,,,,,,,,,,,,,,,,,,,,,,,,,,,,,,,,,,,,,,,,,,38_29
-3,NASS USDA,Umatilla,,22,38,30,-1,498304.0,,406748.8,505131.2,304286.4,533641.524,534240.265,553699.3475,550025.255,326776.5085,333036.0735,398108.334,466827.4715,459941.95,595066.9075,497662.633,451926.98525,448884.29235,411250.69895,96719.715,,92875.2075,94696.29,93077.55,97124.64,97124.64,95505.896,99795.5676,101292.9058,100604.9396,99026.6642,101576.186,100483.5338,112624.113799999,103640.0846,107606.0074,118686.31008,115618.7902,51.58075,,43.84700000000001,53.3965,32.6835,54.94325,55.0113997999999,57.9704482,55.1015588172749,32.2652131270475,33.0893266274336,40.1748232456885,45.9692080756972,45.7971323923076,52.828215959001,48.0188084627879,42.0161300770966,37.7967783812738,35.7075800297514,38_30
-3,NASS USDA,Union,,22,38,31,-1,,,41425.6,,,49260.055,42592.2575,,15648.9125,50620.83,59601.945,72774.247,83279.43,70760.3,85919.3335,83633.2315,74720.15525,82422.14175,58249.33465,,,7001.0505,,,7972.3142,6474.976,,2873.2706,9105.435,14042.6042,13273.7008,14123.5414,11654.9568,14892.4448,14447.2902,13921.1984,16025.5656,11533.551,,,59.18,,,61.80275,65.7715758,,54.473391,55.6166597,42.4271103902017,54.8057508570121,58.972855713467,60.7277432999999,57.6736661717391,57.9122392647058,53.5780129825581,51.5574784065656,50.6542364263157,38_31
-3,NASS USDA,Wallowa,,22,38,32,-1,6337.599999999999,,11233.6,10499.2,,10477.9675,,,11974.82,17172.9805,21799.6155,23514.192,24521.1655,10614.045,28086.396,24330.657,22224.1773,19804.71935,14348.0116,2063.8935,,2023.425,2589.984,,1857.50874,,,2266.2416,3844.517,5301.3866,5625.1354,5503.7296,2266.2416,5827.4784,5058.575,4856.232,4653.889,3965.9228,30.733250000000005,,55.5485,40.55175,,56.42275,,,52.8593645999999,44.6618094631578,41.1176305603053,41.8001873064748,44.5558317235294,46.8067655999999,48.1882152791666,48.0818464559999,45.814811875,42.4997712391304,36.14746625,38_32
-3,NASS USDA,Wasco,,22,38,33,-1,82688.0,,65144.0,92235.2,53312.0,71984.9975,81646.5,76203.4,83551.585,77700.2525,82680.689,82190.81,88994.685,95254.25,103010.6675,94954.8795,83396.45665,93526.06575,82531.00375,23390.793,,23916.8835,24119.226,23916.8835,24159.7542,24281.16,20638.986,23471.788,25697.5609999999,26506.933,25009.5948,25292.875,26668.8073999999,24281.16,25738.0295999999,25292.875,26608.1044999999,26749.7445999999,35.37350000000001,,27.23625,38.26525,22.327000000000005,29.79175,33.62555,36.9208539,35.5758319,30.2449907685039,31.1680613305343,32.8857879,35.1723253,35.7103341,42.4354441,36.8700983528301,33.0800090767999,35.2330302853231,30.9894289697428,38_33
-3,NASS USDA,Washington,,22,38,34,-1,38134.4,,22929.6,22385.6,22712.0,20792.642,34699.7625,,,30862.377,27161.069,33338.9875,34835.84,40551.095,43000.49,41775.7925,,41155.2791,23535.9644,4370.598,,3468.15045,3156.543,3156.543,3014.9107,3884.9856,,,4006.3914,4046.86,4289.6716,4451.546,5625.1354,6029.8214,6394.0388,,5985.30594,3884.9856,87.29050000000001,,66.174,70.94875,72.02475,68.99849999999999,89.3094608,,,77.0025095,67.1165978,77.7422716,78.2802804,72.0931792,71.286166,65.3595564025316,,68.8164273275862,60.6520858125,38_34
-3,NASS USDA,Wheeler,,22,38,35,-1,,,,,,,,,,,,,,,,,,,2152.74605,,,,,,,,,,,,,,,,,,,526.0918,,,,,,,,,,,,,,,,,,,40.9714393846153,38_35
-3,NASS USDA,Yamhill,,22,38,36,-1,,,7316.799999999999,,5467.2,9171.6235,8055.788,,,18098.3075,20411.625,27705.379,33747.22,34291.53,46810.66,40088.4315,,28246.96745,7598.5676,,,1157.3991,,687.9645,1149.30824,930.7778,,,2428.116,2873.2706,3601.7054,4370.6088,5220.44939999999,6394.0388,6272.633,,4305.85904,1375.9324,,,63.28225,,79.4895,79.82575,86.5521656999999,,,74.5142188,71.0171616,76.9352584,77.2042628,65.7043247,73.2364479,63.9332344406451,,65.5843598618421,55.155791867647,38_36
-2,NASS USDA,Pennsylvania,,22,39,-1,-1,362304.0,408000.0,475456.0,416976.0,408408.0,367137.095,278142.41,256506.0875,293927.4,277598.1,309576.3125,265351.125,286851.37,238816.0125,235958.385,208742.885,228610.2,322231.52,244667.345,74866.725,80937.0,93077.55,84983.85,78913.575,76890.34,56656.04,58679.47,60702.9,60702.9,70820.05,60702.9,62726.33,54632.61,68796.62,52609.18,60702.9,74866.91,62726.33,48.42,50.4375,51.11000000000001,49.0925,51.7825,47.7475,49.093303,43.713215,48.420792,45.730748,43.713215,43.713215,45.730748,43.713215,34.298061,39.678149,37.660616,43.040704,39.005638,39_-1
-3,NASS USDA,Adams,,22,39,1,-1,20699.2,,,,,,,,,13553.319,20574.918,11131.1395,11539.372,9362.132,13199.5175,6749.444,10469.80285,20411.625,14448.70895,3670.49295,,,,,,,,,3035.145,4370.6088,2727.58364,2994.6764,2241.96044,4734.82619999999,2173.16381999999,3079.66046,4451.546,3277.9566,56.42275000000001,,,,,,,,,44.6547304,47.07577,40.8214177,38.5348803,41.7629331,27.9092065,31.0700082,33.9618055,45.730748,44.0494705,39_1
-3,NASS USDA,Allegheny,,22,39,2,-1,,,,,,,,,,,,,,,,,,,,,,,,,,,,,,,,,,,,,,,,,,,,,,,,,,,,,,,,,,39_2
-3,NASS USDA,Armstrong,,22,39,3,-1,3318.4,,,,,,,,,2503.826,1605.7145,1796.223,,1363.49655,1227.41905,1243.74835,1349.8888,1796.223,1113.11395,801.2763,,,,,,,,,687.9662,505.8575,477.52948,,542.27924,485.6232,428.96716,445.1546,607.029,445.1546,41.42600000000001,,,,,,,,,36.3828451,31.7425192,37.5933649,,25.1519114,25.2864136,28.9852241,30.262995,29.590484,25.0174092,39_3
-3,NASS USDA,Beaver,,22,39,4,-1,1082.56,,,,,,,,,,,941.6563,1700.96875,536.14535,,462.6635,1091.34155,1197.482,1143.051,263.04525,,,,,,,,,,,323.7488,433.01402,198.29614,,165.92126,319.70194,364.2174,364.2174,41.157,,,,,,,,,,,29.1197262999999,39.2746424,27.0349422,,27.9092065,34.298061,32.953039,31.4062637,39_4
-3,NASS USDA,Bedford,,22,39,5,-1,8731.199999999999,,,,,,,,,3211.429,5606.393,2688.8914,3538.015,,,1088.62,2547.3708,,1796.223,1703.72385,,,,,,,,,829.6063,1416.401,902.44978,744.62224,,,275.18648,696.05992,,445.1546,51.2445,,,,,,,,,38.7366336,39.6108979,29.7922372999999,47.5465277,,,39.5436468,36.6518495,,40.35066,39_5
-3,NASS USDA,Berks,,22,39,6,-1,13137.6,,,,,,,,,14369.784,16002.714,15267.8955,18234.385,15839.421,15431.1885,15077.387,12916.4763,20085.039,15632.5832,2727.5769,,,,,,,,,3225.34742,4168.2658,3456.01844,4046.86,3731.20492,4451.546,3735.25178,3573.37738,4977.63779999999,4127.7972,48.218250000000005,,,,,,,,,44.5202282,38.4003781,44.1839727,45.058237,42.4354441,34.6343165,40.35066,35.9793385,40.35066,37.8623693,39_6
-3,NASS USDA,Blair,,22,39,7,-1,,,,,,,,,,3973.463,,,1401.59825,1053.23985,680.3875,881.7822,,,,,,,,,,,,,728.4348,,,368.26426,214.48358,178.06184,254.95218,,,,,,,,,,,,,54.5406420999999,,,38.0641226,49.093303,38.1986248,34.5670654,,,,39_7
-3,NASS USDA,Bradford,,22,39,8,-1,,,,,,,,,,,413.6756,,,,,,,,,,,,,,,,,,,109.26522,,,,,,,,,,,,,,,,,,,37.8623693,,,,,,,,,39_8
-3,NASS USDA,Bucks,,22,39,9,-1,3508.8,,,,,,,,,3565.2305,,3265.86,,2993.705,2966.4895,3048.136,,4735.497,2658.95435,772.94835,,,,,,,,,1011.715,,946.96524,,870.0749,1084.55848,1137.16766,,1133.1208,849.8406,45.39375,,,,,,,,,35.2395764,,34.4998143,,34.4325632,27.3711977,26.8331888999999,,41.695682,31.2717615,39_9
-3,NASS USDA,Butler,,22,39,10,-1,4352.0,,,,,,,,,3211.429,3429.153,3674.0925,4354.48,1771.72905,2884.843,2604.52335,,3401.9375,3034.52825,1031.94675,,,,,,,,,809.372,1084.55848,1052.1836,1157.40196,517.99808,971.2464,781.04398,,1011.715,890.3092,42.16575,,,,,,,,,39.678149,31.608017,34.9033209,37.5933649,34.2308099,29.7249862,33.3565456,,33.62555,34.0963077,39_10
-3,NASS USDA,Cambria,,22,39,11,-1,6174.4,,,,,,,,,2939.274,2585.4725,2775.981,,2547.3708,3156.998,3211.429,3086.2377,,3075.3515,1489.2408,,,,,,,,,647.4976,647.4976,712.24736,,683.91934,890.3092,882.21548,955.05896,,971.2464,41.49325,,,,,,,,,45.3944925,39.9471534,39.005638,,37.2571094,35.4413297,36.3828451,32.280528,,31.6752681,39_11
-3,NASS USDA,Cameron,,22,39,12,-1,,,,,,,,,,,,,,,,,,,,,,,,,,,,,,,,,,,,,,,,,,,,,,,,,,,,,,,,,,39_12
-3,NASS USDA,Carbon,,22,39,13,-1,,,,,,,,,,,,,,,,,,,,,,,,,,,,,,,,,,,,,,,,,,,,,,,,,,,,,,,,,,39_13
-3,NASS USDA,Centre,,22,39,14,-1,6528.0,,,,,,,,,7375.4005,6776.6595,5062.083,7048.8145,6776.6595,5824.117,4191.187,6074.4996,6722.2285,5018.5382,1327.3668,,,,,,,,,1497.3382,1517.5725,1092.6522,1489.24448,1392.11984,1456.8696,1015.76186,1562.08796,1416.401,1254.5266,49.227,,,,,,,,,49.2278052,44.6547304,46.3360079,47.3447744,48.6897964,39.9471534,41.2921754,39.005638,47.4120255,40.0144045,39_14
-3,NASS USDA,Chester,,22,39,15,-1,11668.8,,,,,,,,,13090.6555,14179.2755,15240.68,14315.353,18043.8765,13907.1205,9334.9165,13708.44735,15376.7575,11218.2291,2294.56395,,,,,,,,,2751.8648,3063.47302,2764.00538,2832.802,3265.81601999999,2913.7392,1849.41502,3225.34742,3197.0194,2428.116,50.90825000000001,,,,,,,,,47.5465277,46.2687568,55.145902,50.5055760999999,55.2804042,47.748281,50.5055760999999,42.368193,48.0845365,46.2015057,39_15
-3,NASS USDA,Clarion,,22,39,16,-1,,,,,,,,,,,1387.9905,,,1260.07765,1189.31735,900.83305,,1034.189,,,,,,,,,,,,477.52948,,,271.13962,331.84252,194.24928,,242.8116,,,,,,,,,,,,29.0524752,,,46.4705100999999,35.8448363,46.403259,,42.7044485,,39_16
-3,NASS USDA,Clearfield,,22,39,17,-1,,,,,,,,,,1387.9905,2449.395,,,,,,,,,,,,,,,,,,343.9831,526.0918,,,,,,,,,,,,,,,,,,40.35066,46.5377612,,,,,,,,,39_17
-3,NASS USDA,Clinton,,22,39,18,-1,3100.8,,,,,,,,,2204.4555,,,,,,1303.62245,,1643.8162,1058.68295,728.433,,,,,,,,,424.9203,,,,,,327.79566,,404.686,283.2802,42.56925,,,,,,,,,51.8505980999999,,,,,,39.7454001,,40.6869155,37.3916116,39_18
-3,NASS USDA,Columbia,,22,39,19,-1,6256.0,,,,,,,,,6722.2285,,8110.219,7375.4005,5824.117,6341.2115,5334.238,8575.60405,8545.667,8409.5895,1707.7707,,,,,,,,,1517.5725,,2043.6643,1699.6812,1412.35414,1821.087,1448.77588,2270.28845999999,2063.8986,2023.43,36.651250000000005,,,,,,,,,44.3184749,,39.678149,43.3769595,41.2249243,34.8360698,36.7863517,37.660616,41.3594265,41.5611798,39_19
-3,NASS USDA,Crawford,,22,39,20,-1,3617.6,,,,,,,,,,2340.533,4000.6785,2345.9761,1358.05345,2463.00275,1679.19635,2005.78235,,1524.068,1031.94675,,,,,,,,,,696.05992,1023.85558,776.99712,538.23238,1165.49568,582.74784,538.23238,,445.1546,35.1045,,,,,,,,,,33.62555,39.0728891,30.1957438999999,25.2191625,21.1168454,28.7834707999999,37.3243605,,34.2308099,39_20
-3,NASS USDA,Cumberland,,22,39,21,-1,17843.2,,,,,,,,,17553.9975,,12165.3285,13607.75,,12954.578,5824.117,8385.09555,14696.37,13063.44,3172.7304,,,,,,,,,4208.7344,,2727.58364,2792.3334,,3925.4542,1695.63434,2424.06914,3399.3624,3358.8938,56.288250000000005,,,,,,,,,41.695682,,44.5874793,48.7570475,,33.0202901,34.3653121,34.6343165,43.3769595,38.8711358,39_21
-3,NASS USDA,Dauphin,,22,39,22,-1,7507.2,,,,,,,,,6586.151,7919.7105,,6831.0905,4490.5575,4245.618,5007.652,5677.1533,8110.219,5470.3155,1582.31835,,,,,,,,,1497.3382,1598.5097,,1537.8068,1193.8237,1440.68216,1452.82274,1416.401,1861.5556,1537.8068,47.4785,,,,,,,,,43.9822194,49.5640607,,44.4529770999999,37.5933649,29.4559817999999,34.4998143,40.0144045,43.713215,35.5758319,39_22
-3,NASS USDA,Delaware,,22,39,23,-1,,,,,,,,,,,,,,,,,,,,,,,,,,,,,,,,,,,,,,,,,,,,,,,,,,,,,,,,,,39_23
-3,NASS USDA,Elk,,22,39,24,-1,,,,,,,,,,,,,,,,,,,,,,,,,,,,,,,,,,,,,,,,,,,,,,,,,,,,,,,,,,39_24
-3,NASS USDA,Erie,,22,39,25,-1,,,,,,,,,,1306.344,,,1733.62735,1556.7266,2803.1965,1804.38765,,4572.204,2160.9107,,,,,,,,,,364.2174,,,566.5604,501.81064,809.372,546.3261,,1375.9324,526.0918,,,,,,,,,,35.8448363,,,30.5992505,31.0027571,34.6343165,33.0202901,,33.2892945,41.0904221,39_25
-3,NASS USDA,Fayette,,22,39,26,-1,1338.24,,,,,,,,,,,,,,,,,,696.7168,501.8094,,,,,,,,,,,,,,,,,,202.343,26.69825,,,,,,,,,,,,,,,,,,34.4325632,39_26
-3,NASS USDA,Forest,,22,39,27,-1,,,,,,,,,,,,,,,,,,,,,,,,,,,,,,,,,,,,,,,,,,,,,,,,,,,,,,,,,,39_27
-3,NASS USDA,Franklin,,22,39,28,-1,27200.0,,,,,,,,,14152.06,16166.007,12981.7935,20493.2715,15295.111,,13362.8105,13232.1761,15240.68,14288.1375,4977.6255,,,,,,,,,3035.145,3642.174,2942.06722,4087.3286,3192.97253999999,,2844.94258,3213.20684,3277.9566,3642.174,54.67425,,,,,,,,,46.6050123,44.385726,44.1167215999999,50.1693205999999,47.8827832,,46.9412678,41.023171,46.403259,39.2073913,39_28
-3,NASS USDA,Fulton,,22,39,29,-1,5494.4,,,,,,,,,1850.654,,1720.0196,2122.809,2008.5039,2013.947,1061.4045,1341.72415,,1200.20355,1250.47665,,,,,,,,,465.3889,,534.18552,550.37296,696.05992,647.4976,538.23238,420.87344,,323.7488,43.9815,,,,,,,,,39.7454001,,32.2132769,38.6021314,28.8507218999999,31.1372592999999,19.7045723,31.9442725,,37.0553561,39_29
-3,NASS USDA,Greene,,22,39,30,-1,,,,,,,,,,,,,,,,,,,,,,,,,,,,,,,,,,,,,,,,,,,,,,,,,,,,,,,,,,39_30
-3,NASS USDA,Huntingdon,,22,39,31,-1,7888.0,,,,,,,,,3129.7825,3565.2305,2465.7243,3048.136,1962.23755,1605.7145,797.41415,1790.7799,2533.76305,1788.05835,1732.0518000000002,,,,,,,,,708.2005,829.6063,526.0918,598.93528,424.9203,485.6232,242.8116,554.41982,607.029,485.6232,45.5955,,,,,,,,,44.1839727,42.9734529,46.8740167,50.9090827,46.2015057,33.0875412,32.8185368,32.280528,41.695682,36.8536028,39_31
-3,NASS USDA,Indiana,,22,39,32,-1,,,,,,,,,,2245.27875,,,1700.96875,1635.65155,,1436.9784,,2041.1625,2171.7969,,,,,,,,,,566.5604,,,465.3889,437.06088,,319.70194,,647.4976,607.029,,,,,,,,,,39.6108979,,,36.5173473,37.3916116,,44.9237348,,31.608017,35.7775852,39_32
-3,NASS USDA,Jefferson,,22,39,33,-1,,,,,,,,,,2000.33925,1646.53775,1453.3077,1396.15515,944.37785,,699.43835,568.80395,435.448,,,,,,,,,,,465.3889,437.06088,437.06088,396.59228,319.70194,,186.15556,198.29614,202.343,,,,,,,,,,,42.9734529,37.660616,33.2220434,35.1723253,29.5232328999999,,37.5933649,28.5817175,21.520352,,39_33
-3,NASS USDA,Juniata,,22,39,34,-1,8704.0,,,,,,,,,4218.4025,2857.6275,2204.4555,2367.7485,1510.46025,,840.95895,,2721.55,1265.52075,1942.488,,,,,,,,,1011.715,789.1377,554.41982,607.029,433.01402,,327.79566,,687.9662,404.686,44.85575000000001,,,,,,,,,41.695682,36.1810918,39.7454001,39.005638,34.9033209,,25.6226691,,39.678149,31.2717615,39_34
-3,NASS USDA,Lackawanna,,22,39,35,-1,,,,,,,,,,,,,,,,,,,,,,,,,,,,,,,,,,,,,,,,,,,,,,,,,,,,,,,,,,39_35
-3,NASS USDA,Lancaster,,22,39,36,-1,32640.0,,,,,,,,,29175.016,37775.114,27269.931,27460.4395,26535.1125,26807.2675,29474.3865,21070.2401,29038.9385,21228.09,5503.716,,,,,,,,,5018.1064,7001.0678,4856.232,5099.0436,5058.575,5341.8552,5018.1064,4572.9518,5463.26099999999,4775.2948,59.31450000000001,,,,,,,,,58.1722015,53.9353822,56.1546685,53.8681310999999,52.455858,50.1693205999999,58.7102102999999,46.0670035,53.128369,44.4529770999999,39_36
-3,NASS USDA,Lawrence,,22,39,37,-1,2964.8,,,,,,,,,3755.739,3837.3855,,5579.1775,2993.705,3946.2475,3755.739,3943.52595,3674.0925,2283.38045,748.6672500000001,,,,,,,,,870.0749,1116.93336,,1294.9952,793.18456,1294.9952,987.43384,999.57442,1052.1836,768.9034,39.61025,,,,,,,,,43.1752062,34.3653121,,43.1079550999999,37.7278671,30.4647482999999,38.0641226,39.3418935,34.970572,29.7249862,39_37
-3,NASS USDA,Lebanon,,22,39,38,-1,6908.799999999999,,,,,,,,,10858.9845,14206.491,10505.183,8953.8995,8600.098,,8409.5895,7427.10995,11430.51,7620.34,1400.2101,,,,,,,,,1902.0242,2496.91262,1857.50874,1549.94738,1703.72806,,1736.10294,1885.83676,2266.2416,1861.5556,49.36150000000001,,,,,,,,,57.0961839,56.8944305999999,56.5581750999999,57.7686949,50.5055760999999,,48.420792,39.3418935,50.438325,40.9559199,39_38
-3,NASS USDA,Lehigh,,22,39,39,-1,5494.4,,,,,,,,,12627.992,10695.6915,10641.2605,13036.2245,11621.0185,9443.7785,9443.7785,7320.9695,15839.421,13580.5345,1161.44595,,,,,,,,,2589.9904,2873.2706,2460.49088,2804.47397999999,2666.88074,2954.2078,2302.66334,1970.82082,3399.3624,3197.0194,47.34400000000001,,,,,,,,,48.7570475,37.2571094,43.2424573,46.4705100999999,43.5787128,31.9442725,41.023171,36.988105,46.7395145,42.5026952,39_39
-3,NASS USDA,Luzerne,,22,39,40,-1,1931.2,,,,,,,,,1877.8695,1905.085,1641.09465,1769.0075,1586.66365,1042.35365,1249.19145,,1578.499,1905.085,441.10665,,,,,,,,,465.3889,481.57634,461.34204,473.48262,392.54542,364.2174,380.40484,,485.6232,607.029,43.77975,,,,,,,,,40.35066,39.5436468,35.5758319,37.3916116,40.4179111,28.6489686,32.8185368,,32.6167835,31.4062637,39_40
-3,NASS USDA,Lycoming,,22,39,41,-1,4732.8,,,,,,,,,2424.90105,,1445.14305,2479.33205,1227.41905,,1325.39485,,2588.19405,2324.2037,1137.16485,,,,,,,,,607.029,,461.34204,607.029,437.06088,,445.1546,,687.9662,647.4976,41.62775,,,,,,,,,39.9471534,,31.3390126,40.8214177,28.1109597999999,,29.7922372999999,,37.660616,35.9120874,39_41
-3,NASS USDA,Mc Kean,,22,39,42,-1,,,,,,,,,,,,,,,,,,,,,,,,,,,,,,,,,,,,,,,,,,,,,,,,,,,,,,,,,,39_42
-3,NASS USDA,Mercer,,22,39,43,-1,,,,,,,,,,4653.8505,2775.981,,4191.187,,4300.049,3674.0925,,5824.117,2912.0585,,,,,,,,,,1011.715,809.372,,1108.83964,,1537.8068,1015.76186,,1659.2126,971.2464,,,,,,,,,,45.9997524,34.298061,,37.7951182,,27.9764576,36.1810918,,34.970572,29.9939906,39_43
-3,NASS USDA,Mifflin,,22,39,44,-1,3318.4,,,,,,,,,1687.361,1197.482,1322.6733,1341.72415,,1524.068,,,2120.08745,1869.70485,643.44915,,,,,,,,,424.9203,303.5145,315.65508,299.46764,,607.029,,,445.1546,485.6232,51.58075,,,,,,,,,39.678149,39.4763957,41.8974353,44.7892325999999,,25.0846602999999,,,47.748281,38.5348803,39_44
-3,NASS USDA,Monroe,,22,39,45,-1,1156.0,,,,,,,,,,,,,,,,421.84025,1088.62,601.46255,267.0921,,,,,,,,,,,,,,,,117.35894,283.2802,161.8744,43.309000000000005,,,,,,,,,,,,,,,,35.9793385,38.333127,37.1898583,39_45
-3,NASS USDA,Montgomery,,22,39,46,-1,,,,,,,,,,,,,,,,,,,1012.4166,,,,,,,,,,,,,,,,,,,323.7488,,,,,,,,,,,,,,,,,,,31.2717615,39_46
-3,NASS USDA,Montour,,22,39,47,-1,1939.36,,,,,,,,,1360.775,1279.1285,1186.5958,1404.3198,1050.5183,1254.63455,854.5667,1426.0922,,1777.17215,477.5283,,,,,,,,,445.1546,364.2174,339.93624,380.40484,307.56136,445.1546,275.18648,473.48262,,526.0918,40.61900000000001,,,,,,,,,30.5992505,35.1050742,34.9033209,36.9208539,34.1635588,28.1782108999999,31.0700082,30.262995,,33.7600522,39_47
-3,NASS USDA,Northampton,,22,39,48,-1,4352.0,,,,,,,,,5606.393,4844.359,5524.7465,6831.0905,6259.565,5388.669,7021.599,4969.5503,,6145.2599,853.88535,,,,,,,,,1214.058,1193.8237,1363.79182,1509.47878,1481.15076,1537.8068,1687.54062,1404.26042,,1456.8696,50.9755,,,,,,,,,46.2015057,40.5524133,40.4851622,45.2599903,42.2336908,35.0378231,41.6284309,35.3068275,,42.1664397,39_48
-3,NASS USDA,Northumberland,,22,39,49,-1,7697.599999999999,,,,,,,,,5742.4705,5851.3325,7184.892,7729.202,5279.807,4463.342,3429.153,,6640.582,5451.26465,1987.00335,,,,,,,,,1092.6522,1375.9324,1634.93144,1428.54158,1242.38602,1254.5266,938.87152,,1578.2754,1537.8068,38.736,,,,,,,,,52.5231090999999,42.5026952,43.9149683,54.1371355,42.5026952,35.5758319,36.5173473,,42.0319375,35.4413297,39_49
-3,NASS USDA,Perry,,22,39,50,-1,9193.6,,,,,,,,,6558.9355,9661.5025,5688.0395,6667.7975,,4354.48,2653.51125,2612.688,6259.565,5622.7223,2395.7352,,,,,,,,,1638.9783,2104.3672,1424.49472,1254.5266,,1659.2126,813.41886,890.3092,1537.8068,1537.8068,38.39975,,,,,,,,,40.0144045,45.9325013,39.9471534,53.128369,,26.227929,32.6167835,29.2542285,40.6869155,36.5845984,39_50
-3,NASS USDA,Philadelphia,,22,39,51,-1,,,,,,,,,,,,,,,,,,,,,,,,,,,,,,,,,,,,,,,,,,,,,,,,,,,,,,,,,,39_51
-3,NASS USDA,Pike,,22,39,52,-1,,,,,,,,,,,,,,,,,,,,,,,,,,,,,,,,,,,,,,,,,,,,,,,,,,,,,,,,,,39_52
-3,NASS USDA,Potter,,22,39,53,-1,,,,,,,,,,3429.153,2884.843,,,1834.3247,,1243.74835,,1170.2665,749.787025,,,,,,,,,,647.4976,647.4976,,,400.63914,,263.0459,,242.8116,202.343,,,,,,,,,,52.9938667999999,44.5874793,,,45.7979990999999,,47.2775233,,48.0845365,37.0553561,39_53
-3,NASS USDA,Schuylkill,,22,39,54,-1,5140.799999999999,,,,,,,,,4599.4195,5606.393,5660.824,8572.8825,5688.0395,5334.238,4082.325,,8627.3135,6607.9234,1149.3054,,,,,,,,,1133.1208,1456.8696,1505.43192,1918.21164,1416.401,1699.6812,1189.77684,,2225.773,2104.3672,44.72125,,,,,,,,,40.6196644,38.4676292,37.5933649,44.7219815,40.1489067,31.4062637,34.298061,,38.6693825,31.4062637,39_54
-3,NASS USDA,Snyder,,22,39,55,-1,,,,,,,,,,3102.567,3129.7825,4191.187,3156.998,1709.1334,1921.4143,1575.77745,1483.24475,2884.843,2509.2691,,,,,,,,,,708.2005,849.8406,1068.37104,837.70002,513.95122,607.029,469.43576,590.84156,687.9662,647.4976,,,,,,,,,,43.7804660999999,36.8536028,39.2073913,37.660616,33.2220434,31.6752681,33.5582989,25.2191625,42.0319375,38.7366336,39_55
-3,NASS USDA,Somerset,,22,39,56,-1,5412.799999999999,,,,,,,,,,,1532.23265,,,,,,1905.085,756.5909,963.1503,,,,,,,,,,,303.5145,,,,,,485.6232,242.8116,56.221,,,,,,,,,,,50.5055760999999,,,,,,39.3418935,31.1372592999999,39_56
-3,NASS USDA,Sullivan,,22,39,57,-1,,,,,,,,,,,,,,,,,,,,,,,,,,,,,,,,,,,,,,,,,,,,,,,,,,,,,,,,,,39_57
-3,NASS USDA,Susquehanna,,22,39,58,-1,,,,,,,,,,,,,,,,,,,,,,,,,,,,,,,,,,,,,,,,,,,,,,,,,,,,,,,,,,39_58
-3,NASS USDA,Tioga,,22,39,59,-1,3128.0,,,,,,,,,1265.52075,1115.8355,1306.344,748.42625,,,413.6756,,,,700.10505,,,,,,,,,303.5145,283.2802,242.8116,198.29614,,,121.4058,,,,44.72125,,,,,,,,,41.695682,39.4091446,53.80088,37.7278671,,,34.0963077,,,,39_59
-3,NASS USDA,Union,,22,39,60,-1,2086.24,,,,,,,,,2667.119,,2223.50635,3102.567,3048.136,3102.567,1766.28595,3249.5307,3129.7825,3437.31765,477.5283,,,,,,,,,607.029,,489.67006,615.12272,639.40388,1052.1836,469.43576,841.74688,768.9034,849.8406,43.7125,,,,,,,,,43.9149683,,45.3944925,50.438325,47.6810299,29.4559817999999,37.5933649,38.6693825,40.6869155,40.4179111,39_60
-3,NASS USDA,Venango,,22,39,61,-1,,,,,,,,,,,,,,,,,,,,,,,,,,,,,,,,,,,,,,,,,,,,,,,,,,,,,,,,,,39_61
-3,NASS USDA,Warren,,22,39,62,-1,,,,,,,,,,,,,,,,,,,,,,,,,,,,,,,,,,,,,,,,,,,,,,,,,,,,,,,,,,39_62
-3,NASS USDA,Washington,,22,39,63,-1,1991.04,,,,,,,,,,,,,,,,,,,441.10665,,,,,,,,,,,,,,,,,,,45.19200000000001,,,,,,,,,,,,,,,,,,0.0,39_63
-3,NASS USDA,Wayne,,22,39,64,-1,,,,,,,,,,,,,,,,,,,,,,,,,,,,,,,,,,,,,,,,,,,,,,,,,,,,,,,,,,39_64
-3,NASS USDA,Westmoreland,,22,39,65,-1,,,,,,,,,,,,2120.08745,,,2024.8332,,,5862.2187,2016.66855,,,,,,,,,,,,538.23238,,,728.4348,,,1254.5266,768.9034,,,,,,,,,,,,39.4091446,,,27.7747042999999,,,46.7395145,26.227929,39_65
-3,NASS USDA,Wyoming,,22,39,66,-1,,,,,,,,,,,,,,,,,,,,,,,,,,,,,,,,,,,,,,,,,,,,,,,,,,,,,,,,,,39_66
-3,NASS USDA,York,,22,39,67,-1,56059.2,,,,,,,,,28793.999,38754.872,36904.218,34944.702,36849.787,26671.19,31352.256,29814.58025,43871.386,37639.0365,9469.629,,,,,,,,,6191.69579999999,7648.56539999999,8053.2514,6798.7248,7324.8166,6717.7876,7972.3142,7284.348,9671.9954,8903.092,59.24725,,,,,,,,,46.5377612,50.6400783,45.7979990999999,51.3798404,50.3038228,39.678149,39.3418935,41.023171,45.3944925,42.3009419,39_67
-3,NASS USDA,Bristol,,22,40,1,-1,,,,,,,,,,,,,,,,,,,,,,,,,,,,,,,,,,,,,,,,,,,,,,,,,,,,,,,,,,40_1
-3,NASS USDA,Kent,,22,40,2,-1,,,,,,,,,,,,,,,,,,,,,,,,,,,,,,,,,,,,,,,,,,,,,,,,,,,,,,,,,,40_2
-3,NASS USDA,Newport,,22,40,3,-1,,,,,,,,,,,,,,,,,,,,,,,,,,,,,,,,,,,,,,,,,,,,,,,,,,,,,,,,,,40_3
-3,NASS USDA,Providence,,22,40,4,-1,,,,,,,,,,,,,,,,,,,,,,,,,,,,,,,,,,,,,,,,,,,,,,,,,,,,,,,,,,40_4
-3,NASS USDA,Washington,,22,40,5,-1,,,,,,,,,,,,,,,,,,,,,,,,,,,,,,,,,,,,,,,,,,,,,,,,,,,,,,,,,,40_5
-2,NASS USDA,South Carolina,,22,41,-1,-1,97920.0,95472.0,149872.0,155040.0,144160.0,131859.0975,58785.48,95526.405,100016.9625,58513.325,200306.08,311345.32,389453.805,317332.73,293927.4,117570.96,204660.56,315971.955,110222.775,24281.1,26304.525,38445.075,40468.5,40468.5,38445.17,18210.87,26304.59,30351.45,20234.3,64749.76,89030.92,107241.79,89030.92,72843.48,48562.32,64749.76,87007.4899999999,54632.61,40.35,36.315000000000005,39.005,38.3325,35.642500000000005,34.2975,32.280528,36.315594,32.953039,28.917973,30.935506,34.970572,36.315594,35.643083,40.35066,24.210396,31.608017,36.315594,20.17533,41_-1
-3,NASS USDA,Abbeville,,22,41,1,-1,,,,,,,,,,,438.16955,,468.1066,,,,,,,,,,,,,,,,,161.8744,,137.59324,,,,,,,,,,,,,,,,,27.1021932999999,,34.0290566,,,,,,,41_1
-3,NASS USDA,Aiken,,22,41,2,-1,,,,,,,,,,,1221.97595,2966.4895,4136.756,3102.567,3293.0755,898.1115,813.74345,,593.2979,,,,,,,,,,,526.0918,1072.4179,1566.13482,1456.8696,1173.5894,445.1546,485.6232,,323.7488,,,,,,,,,,,23.2016295,27.6402021,26.4296822999999,21.3185987,28.0437087,20.17533,16.812775,,18.157797,41_2
-3,NASS USDA,Allendale,,22,41,3,-1,,,,,,,,,,1254.63455,1581.22055,4436.1265,8627.3135,11757.096,7402.616,,,5878.548,1439.69995,,,,,,,,,,445.1546,728.4348,1315.2295,2266.2416,2913.7392,1942.4928,,,2428.116,1052.1836,,,,,,,,,,28.1782108999999,21.7221052999999,33.7600522,38.0641226,40.35066,38.1313737,,,24.210396,13.45022,41_3
-3,NASS USDA,Anderson,,22,41,4,-1,,,,,,,,,,1311.7871,2884.843,4055.1095,4245.618,3674.0925,4327.2645,1611.1576,3007.31275,3061.74375,1387.9905,,,,,,,,,,566.5604,1052.1836,1327.37008,1375.9324,1052.1836,1052.1836,647.4976,971.2464,809.372,607.029,,,,,,,,,,23.1343784,27.4384487999999,30.5319993999999,30.8682548999999,34.9033209,41.1576732,24.882907,30.935506,37.9968715,22.865374,41_4
-3,NASS USDA,Bamberg,,22,41,5,-1,,,,,,,,,,,1164.8234,2422.1795,4327.2645,2721.55,2775.981,,1132.1648,2177.24,762.034,,,,,,,,,,,505.8575,748.6691,1214.058,809.372,768.9034,,445.1546,687.9662,283.2802,,,,,,,,,,,22.9998762,32.3477791,35.643083,33.62555,36.1138407,,25.555418,31.608017,26.90044,41_5
-3,NASS USDA,Barnwell,,22,41,6,-1,,,,,,,,,,364.6877,,2465.7243,3837.3855,,1197.482,,783.8064,,1915.9712,,,,,,,,,,121.4058,,607.029,1040.04302,,364.2174,,283.2802,,849.8406,,,,,,,,,,30.0612417,,40.6196644,36.9208539,,32.8857879,,27.572951,,22.865374,41_6
-3,NASS USDA,Beaufort,,22,41,7,-1,,,,,,,,,,,,,,,,,,,,,,,,,,,,,,,,,,,,,,,,,,,,,,,,,,,,,,,,,,41_7
-3,NASS USDA,Berkeley,,22,41,8,-1,,,,,,,,,,,,258.54725,,563.36085,598.741,228.6102,517.0945,,,,,,,,,,,,,,161.8744,,283.2802,242.8116,121.4058,202.343,,,,,,,,,,,,,,16.0057618,,19.9063256,24.6811537,18.830308,25.555418,,,41_8
-3,NASS USDA,Calhoun,,22,41,9,-1,,,,,,,,,,,2563.7001,,2803.1965,,,,,4354.48,,,,,,,,,,,,849.8406,,655.59132,,,,,1052.1836,,,,,,,,,,,,30.1957438999999,,42.7716996,,,,,41.3594265,,41_9
-3,NASS USDA,Charleston,,22,41,10,-1,,,,,,,,,,,,,,,,,,,,,,,,,,,,,,,,,,,,,,,,,,,,,,,,,,,,,,,,,,41_10
-3,NASS USDA,Cherokee,,22,41,11,-1,,,,,,,,,,,,,,,,,,,,,,,,,,,,,,,,,,,,,,,,,,,,,,,,,,,,,,,,,,41_11
-3,NASS USDA,Chester,,22,41,12,-1,,,,,,,,,,,,2204.4555,1700.96875,2258.8865,2612.688,631.3996,1788.05835,1613.87915,527.9807,,,,,,,,,,,,546.3261,647.4976,647.4976,647.4976,323.7488,485.6232,323.7488,283.2802,,,,,,,,,,,,40.35066,26.2951801,34.9033209,40.35066,19.502819,36.988105,49.765814,18.830308,41_12
-3,NASS USDA,Chesterfield,,22,41,13,-1,,,,,,,,,,8681.7445,17907.799,13471.6725,13063.44,11621.0185,13063.44,4463.342,4792.64955,,3056.30065,,,,,,,,,,2509.0532,4168.2658,3342.70636,3840.47014,2670.9276,2711.3962,1335.4638,1375.9324,,1052.1836,,,,,,,,,,34.6343165,42.9734529,40.2834089,34.0290566,43.5114617,48.1517875999999,33.4237967,34.970572,,28.917973,41_13
-3,NASS USDA,Clarendon,,22,41,14,-1,,,,,,,,,,2068.378,16601.455,26780.052,37965.6225,34019.375,30209.205,13281.164,22499.05385,32223.152,14108.5152,,,,,,,,,,647.4976,5058.575,7891.37699999999,9348.2466,8619.8118,6839.1934,5341.8552,6313.1016,8255.5944,6555.9132,,,,,,,,,,31.9442725,32.8185368,33.9618055,40.6196644,39.4763957,44.1839727,24.882907,35.643083,39.005638,21.520352,41_14
-3,NASS USDA,Colleton,,22,41,15,-1,,,,,,,,,,,,,2580.0294,,,,,1224.6975,255.8257,,,,,,,,,,,,,611.07586,,,,,404.686,161.8744,,,,,,,,,,,,,42.2336908,,,,,30.262995,16.140264,41_15
-3,NASS USDA,Darlington,,22,41,16,-1,,,,,,,,,,,15213.4645,23160.3905,30372.498,26399.035,20683.78,9443.7785,17975.83775,21690.7535,6313.996,,,,,,,,,,,4653.889,6434.50739999999,7243.8794,6920.13059999999,4734.82619999999,3601.7054,5058.575,6474.976,3237.488,,,,,,,,,,,32.6840346,35.9793385,41.8974353,38.1313737,43.713215,26.227929,35.643083,33.62555,19.502819,41_16
-3,NASS USDA,Dillon,,22,41,17,-1,,,,,,,,,,7484.2625,23024.313,29474.3865,37121.942,32658.6,34835.84,13716.612,24194.5795,34509.254,8915.7978,,,,,,,,,,2792.3334,7284.348,8417.4688,9631.5268,8417.4688,7608.0968,5827.4784,8215.1258,9510.121,6515.4446,,,,,,,,,,26.8331888999999,31.608017,35.0378231,38.5348803,38.8038847,45.7979990999999,23.537885,29.590484,36.315594,13.45022,41_17
-3,NASS USDA,Dorchester,,22,41,18,-1,,,,,,,,,,,,,3102.567,2245.27875,1415.206,,,1026.02435,,,,,,,,,,,,,,890.3092,607.029,485.6232,,,323.7488,,,,,,,,,,,,,,34.8360698,36.988105,29.1197262999999,,,31.608017,,41_18
-3,NASS USDA,Edgefield,,22,41,19,-1,,,,,,,,,,,,938.93475,,1360.775,,,1298.17935,1951.35135,,,,,,,,,,,,,343.9831,,607.029,,,485.6232,526.0918,,,,,,,,,,,,,27.3039466,,22.3946162999999,,,26.90044,36.988105,,41_19
-3,NASS USDA,Fairfield,,22,41,20,-1,,,,,,,,,,,,,,,,,,,,,,,,,,,,,,,,,,,,,,,,,,,,,,,,,,,,,,,,,,41_20
-3,NASS USDA,Florence,,22,41,21,-1,,,,,,,,,,,4626.635,18642.6175,21908.4775,21609.107,16628.6705,3265.86,8967.50725,16424.55425,6708.62075,,,,,,,,,,,2225.773,5787.0098,6474.976,5948.88419999999,4532.4832,1740.1498,2792.3334,5220.44939999999,3439.831,,,,,,,,,,,20.7805899,32.2132769,33.8273033,36.315594,36.7191006,18.7630569,32.280528,31.608017,19.502819,41_21
-3,NASS USDA,Georgetown,,22,41,22,-1,,,,,,,,,,,,,,789.2495,,781.08485,,,1339.0026,,,,,,,,,,,,,,283.2802,,364.2174,,,485.6232,,,,,,,,,,,,,,27.8419553999999,,21.4531009,,,27.572951,41_22
-3,NASS USDA,Greenville,,22,41,23,-1,,,,,,,,,,,,,,,,108.862,,,,,,,,,,,,,,,,,,,80.9372,,,,,,,,,,,,,,,,,,,13.45022,,,,41_23
-3,NASS USDA,Greenwood,,22,41,24,-1,,,,,,,,,,,,,,,,,,,,,,,,,,,,,,,,,,,,,,,,,,,,,,,,,,,,,,,,,,41_24
-3,NASS USDA,Hampton,,22,41,25,-1,,,,,,,,,,800.1357,1341.72415,2939.274,5769.686,2912.0585,2422.1795,1469.637,2623.5742,4762.7125,892.6684,,,,,,,,,,242.8116,445.1546,809.372,1469.01018,1011.715,768.9034,607.029,849.8406,1416.401,647.4976,,,,,,,,,,32.953039,30.1284927999999,36.315594,39.2746424,28.7834707999999,31.4735147999999,24.210396,30.935506,33.62555,14.122731,41_25
-3,NASS USDA,Horry,,22,41,26,-1,,,,,,,,,,517.0945,8627.3135,17690.075,31597.1955,19132.4965,10804.5535,4844.359,8578.3256,18098.3075,4697.3953,,,,,,,,,,242.8116,3197.0194,5179.9808,8296.063,6110.7586,3925.4542,2266.2416,2954.2078,5179.9808,3439.831,,,,,,,,,,21.3185987,26.9676911,34.1635588,38.0641226,31.3390126,27.5056998999999,21.3858498,28.917973,34.970572,13.45022,41_26
-3,NASS USDA,Jasper,,22,41,27,-1,,,,,,,,,,,,,,,,,,,,,,,,,,,,,,,,,,,,,,,,,,,,,,,,,,,,,,,,,,41_27
-3,NASS USDA,Kershaw,,22,41,28,-1,,,,,,,,,,,,2775.981,2207.17705,2356.8623,2150.0245,,,1592.10675,623.23495,,,,,,,,,,,,789.1377,627.2633,607.029,607.029,,,445.1546,323.7488,,,,,,,,,,,,35.1723253,35.1723253,38.8038847,35.4413297,,,35.643083,19.502819,41_28
-3,NASS USDA,Lancaster,,22,41,29,-1,,,,,,,,,,,,,,,,,,,,,,,,,,,,,,,,,,,,,,,,,,,,,,,,,,,,,,,,,,41_29
-3,NASS USDA,Laurens,,22,41,30,-1,,,,,,,,,,,,522.5376,,,,,108.862,,,,,,,,,,,,,,263.0459,,,,,80.9372,,,,,,,,,,,,,,19.8390745,,,,,13.45022,,,41_30
-3,NASS USDA,Lee,,22,41,31,-1,,,,,,,,,,,22207.848,32658.6,31950.997,31624.411,31025.67,14723.5855,20384.4095,35652.305,11819.69165,,,,,,,,,,,6920.13059999999,8700.749,9671.9954,7972.3142,6758.2562,4977.63779999999,6717.7876,9833.8698,5422.7924,,,,,,,,,,,32.0787747,37.5261138,33.0202901,39.678149,45.9325013,29.590484,30.262995,36.315594,21.520352,41_31
-3,NASS USDA,Lexington,,22,41,32,-1,,,,,,,,,,,1649.2593,,2748.7655,,,1172.98805,,1306.344,,,,,,,,,,,,566.5604,,704.15364,,,647.4976,,404.686,,,,,,,,,,,,29.1197262999999,,39.005638,,,18.0905459,,32.280528,,41_32
-3,NASS USDA,Marion,,22,41,33,-1,,,,,,,,,,,7103.2455,,,8382.374,9008.3305,3701.308,6988.9404,8327.943,1793.50145,,,,,,,,,,,2225.773,,,2266.2416,2023.43,1618.744,2428.116,2589.9904,1173.5894,,,,,,,,,,,31.9442725,,,36.988105,44.5202282,22.865374,28.917973,32.280528,15.467753,41_33
-3,NASS USDA,Marlboro,,22,41,34,-1,,,,,,,,,,6395.6425,15512.835,23813.5625,24221.795,15567.266,17581.213,7838.064,13828.19555,17417.92,3812.89155,,,,,,,,,,1982.9614,4775.2948,6555.9132,6394.0388,4289.6716,3804.0484,3237.488,3682.6426,4815.7634,1537.8068,,,,,,,,,,32.280528,32.4822813,36.315594,37.8623693,36.315594,46.2015057,24.210396,37.660616,36.315594,24.882907,41_34
-3,NASS USDA,McCormick,,22,41,35,-1,,,,,,,,,,,,,,,,,,,,,,,,,,,,,,,,,,,,,,,,,,,,,,,,,,,,,,,,,,41_35
-3,NASS USDA,Newberry,,22,41,36,-1,,,,,,,,,,3946.2475,7457.047,4517.773,6939.9525,4218.4025,6395.6425,2193.5693,5345.1242,6036.3979,2174.51845,,,,,,,,,,1375.9324,1861.5556,1416.401,2023.43,1659.2126,1942.4928,1052.1836,1699.6812,1497.3382,1133.1208,,,,,,,,,,28.6489686,40.0816556,31.8770213999999,34.298061,25.4209157999999,32.953039,20.847841,31.608017,40.35066,19.502819,41_36
-3,NASS USDA,Oconee,,22,41,37,-1,,,,,,,,,,,,1820.71695,,1379.82585,653.172,,,557.91775,185.0654,,,,,,,,,,,,384.4517,,485.6232,323.7488,,,161.8744,161.8744,,,,,,,,,,,,47.3447744,,28.4472152999999,20.17533,,,34.6343165,11.432687,41_37
-3,NASS USDA,Orangeburg,,22,41,38,-1,,,,,,,,,,3374.722,10750.1225,18615.402,23133.175,16737.5325,16928.041,7457.047,16465.3775,29256.6625,11308.04025,,,,,,,,,,1011.715,2994.6764,4896.7006,6717.7876,4977.63779999999,4370.6088,2913.7392,4896.7006,6717.7876,3965.9228,,,,,,,,,,33.3565456,35.9120874,37.9968715,34.4325632,33.62555,38.7366336,25.6226691,33.62555,43.713215,28.245462,41_38
-3,NASS USDA,Pickens,,22,41,39,-1,,,,,,,,,,,,,,,,,,,,,,,,,,,,,,,,,,,,,,,,,,,,,,,,,,,,,,,,,,41_39
-3,NASS USDA,Richland,,22,41,40,-1,,,,,,,,,,1755.39975,1883.3126,5443.1,4980.4365,,,,4743.66165,6341.2115,843.6805,,,,,,,,,,647.4976,1537.8068,1679.4469,1432.58844,,,,1254.5266,1294.9952,364.2174,,,,,,,,,,27.1021932999999,12.2397002,32.4150302,34.7688187,,,,37.660616,49.093303,22.865374,41_40
-3,NASS USDA,Saluda,,22,41,41,-1,,,,,,,,,,,,3293.0755,2857.6275,1817.9954,1687.361,631.3996,781.08485,2171.7969,1045.0752,,,,,,,,,,,,930.7778,756.76282,728.4348,647.4976,323.7488,323.7488,607.029,485.6232,,,,,,,,,,,,35.3740786,37.7278671,24.9501581,26.0934267999999,19.502819,24.210396,35.643083,21.520352,41_41
-3,NASS USDA,Spartanburg,,22,41,42,-1,,,,,,,,,,1733.62735,2574.5863,1921.4143,2283.38045,1407.04135,625.9565,234.0533,424.5618,427.28335,,,,,,,,,,,566.5604,708.2005,607.029,849.8406,445.1546,161.8744,80.9372,161.8744,161.8744,,,,,,,,,,,30.5992505,36.3828451,31.6752681,26.90044,31.608017,38.6693825,28.917973,26.227929,26.5641845,,41_42
-3,NASS USDA,Sumter,,22,41,43,-1,,,,,,,,,,3837.3855,14478.646,21717.969,28685.137,27950.3185,25990.8025,11974.82,18819.51825,25854.725,12657.92905,,,,,,,,,,1294.9952,4856.232,7041.5364,7891.37699999999,7729.5026,6151.2272,4815.7634,5827.4784,7122.4736,5948.88419999999,,,,,,,,,,29.6577351,29.7922372999999,30.8682548999999,36.3828451,36.1810918,42.2336908,24.882907,32.280528,36.315594,21.520352,41_43
-3,NASS USDA,Union,,22,41,44,-1,,,,,,,,,,,,,,,,,,,,,,,,,,,,,,,,,,,,,,,,,,,,,,,,,,,,,,,,,,41_44
-3,NASS USDA,Williamsburg,,22,41,45,-1,,,,,,,,,,,,9226.0545,18778.695,9008.3305,,2267.05115,,14396.9995,5287.97165,,,,,,,,,,,,2893.5049,5463.26099999999,3116.0822,,1214.058,,3439.831,2711.3962,,,,,,,,,,,,31.8770213999999,34.3653121,28.917973,,18.6958058,,41.695682,19.502819,41_45
-3,NASS USDA,York,,22,41,46,-1,,,,,,,,,,,1573.0559,2435.78725,3701.308,,,408.2325,1690.08255,2400.4071,476.27125,,,,,,,,,,,485.6232,728.4348,797.23142,,,202.343,485.6232,566.5604,283.2802,,,,,,,,,,,32.4150302,33.4237967,46.403259,,,20.17533,34.970572,42.368193,16.812775,41_46
-2,NASS USDA,South Dakota,,22,42,-1,-1,1744608.0,2148664.0,1616768.0,1946432.0,1209584.0,1919237.06,1797719.8525,1965231.255,1131348.335,3022281.275,2807550.98,3567407.74,2106207.545,2773531.605,2821430.885,3322468.24,3523318.63,4690591.425,3901069.77,513949.95000000007,564535.5750000001,534184.2,578699.55,530137.35,550372.96,556443.25,657614.75,481576.339999999,870074.9,902449.78,955058.96,742598.809999999,898402.919999999,1125027.08,1088605.34,1234292.3,1379979.26,1343557.52,33.94509523738644,38.06073691635819,30.26611419806127,33.653216783216784,22.829064885496187,35.74139705882353,32.30742844,29.8843195753846,23.4926741764705,34.7359751395348,31.1104191748878,37.3528567288135,28.3627391226158,30.8718900945945,25.0788544496402,30.5204992118959,28.545335757377,33.9904020087976,29.0354598614457,42_-1
-3,NASS USDA,Aurora,,22,42,1,-1,,,,17897.6,11016.0,,16057.145,16166.007,10804.5535,37176.373,,26072.449,,33420.634,30454.1445,20003.3925,48661.314,69426.7405,62541.219,,,,4168.2555,2788.27965,,4532.4832,3698.83004,2589.9904,7001.0678,,5746.5412,,6070.29,8457.93739999999,5301.3866,13192.7636,15580.411,15944.6284,,,,42.97275,39.543,,35.4413297,43.713215,41.695682,53.128369,,45.3944925,,55.0786509,35.9793385,37.7278671,36.988105,44.4468633636363,39.2065378596446,42_1
-3,NASS USDA,Beadle,,22,42,2,-1,,,,13844.8,,,14533.077,8872.253,4055.1095,42537.8265,,25337.6305,,6939.9525,30617.4375,29501.602,50620.83,131342.003,87661.1255,,,,3103.93395,,,3731.20492,3075.6136,1497.3382,8793.82678,,6098.61802,,2023.43,8134.18859999999,8903.092,14366.353,30027.7012,25373.8122,,,,44.65400000000001,,,38.9383869,28.8507218999999,27.1021932999999,48.3687056671421,,41.5578774898473,,34.298061,37.6445560358208,33.1340055963636,35.2945139183098,43.7141213490566,34.543468522807,42_2
-3,NASS USDA,Bennett,,22,42,3,-1,12974.4,,,13328.0,,,,,20193.901,,,,,,38401.0705,,35897.2445,,48089.7885,4168.2555,,,5584.653,,,,,7041.5364,,,,,,17239.6236,,18129.9328,,25009.5948,31.136750000000003,,,23.87375,,,,,28.6489686,,,,,,22.2601141,,19.8390745,,19.2292441368932,42_3
-3,NASS USDA,Bon Homme,,22,42,4,-1,,,1096.16,5467.2,5276.799999999999,,,5415.8845,6695.013,9226.0545,,7647.5555,,12736.854,13498.888,10777.338,22071.7705,,27623.7325,,,526.0905,1537.803,,,,1339.51066,1392.11984,1902.0242,,2059.85174,,2913.7392,3116.0822,2873.2706,6029.8214,,8538.8746,,,20.8475,35.57525,41.42600000000001,,,40.4179111,48.0845365,48.4880430999999,,37.1226072,,43.713215,43.3097084,37.5261138,36.6518495,,32.3633966540284,42_4
-3,NASS USDA,Brookings,,22,42,5,-1,2883.2,,3182.4,5268.64,4319.36,4817.1435,,,1055.9614,,10970.56805,1257.3561,,8654.529,1061.4045,14560.2925,27024.9915,,17445.1355,607.0275,,825.5574,1222.1487,1274.75775,1210.01114,,,202.343,,2533.33436,315.65508,,2367.41309999999,303.5145,4127.7972,7365.2852,,5058.575,47.54575000000001,,38.6015,43.13063162251656,43.38773170731707,39.82661956521739,,,52.1868535999999,,43.3350618498402,39.8126512,,36.5845984,34.970572,35.3068275,36.6130507884615,,34.47291386,42_5
-3,NASS USDA,Brown,,22,42,6,-1,12376.0,,9220.8,12376.0,,15295.111,15893.852,20357.194,,,44987.2215,37747.8985,20901.504,,1387.9905,30508.5755,42156.8095,72366.0145,61507.03,3290.08905,,2638.5462,3213.1989000000003,995.5251,4249.203,5139.5122,8498.40599999999,,,11250.2708,8498.40599999999,6353.5702,,445.1546,8660.2804,11290.7394,20638.986,21448.358,37.66,,34.970000000000006,38.53425,,35.97875,30.935506,23.9413916,,,40.0144045,44.385726,32.8857879,,31.2045103999999,35.2395764,37.3243605,34.970572,28.67586904,42_6
-3,NASS USDA,Brule,,22,42,7,-1,,,5412.799999999999,39440.0,,,30318.067,38128.9155,13009.009,57642.429,37230.804,41177.0515,3020.9205,42510.611,66677.975,31243.394,61806.4005,121789.3625,97186.5505,,,1643.0211000000002,8984.007,,,8579.3432,10279.0244,4330.1402,11533.551,9429.18379999999,9510.121,849.8406,9773.1669,18615.556,9186.3722,17037.2806,26952.0876,28085.2084,,,32.9525,43.91425,,,35.3068275,37.1226072,30.0612417,49.9675673,39.4763957,43.3097084,35.5758319,43.5110439913043,35.8015616791304,34.0290566,36.315594,45.2187914279279,34.6042763832853,42_7
-3,NASS USDA,Buffalo,,22,42,8,-1,6283.2,,,16238.399999999998,,,,,,3810.17,,,,,17690.075,,,,25691.432,2071.9872,,,4848.1263,,,,,,1173.5894,,,,,4856.232,,,,7769.9712,30.329750000000004,,,33.48477420701169,,,,,,32.4822813,,,,,36.4500962,,,,33.06652523125,42_8
-3,NASS USDA,Butte,,22,42,9,-1,,,,,,,,,,,,,7130.461,,,4544.9885,,,11539.372,,,,,,,,,,,,,3965.9228,,,2306.7102,,,5463.26099999999,,,,,,,,,,,,,17.9931004285714,,,19.7045723,,,21.1462366214814,42_9
-3,NASS USDA,Campbell,,22,42,10,-1,15558.4,,,31769.6,,22452.7875,31406.687,38782.0875,12464.699,45259.3765,,65997.5875,66160.8805,54049.983,65371.631,55818.9905,66433.0355,52553.1305,65671.0015,4289.661,,,8903.07,,7122.4736,10076.6814,12545.266,7689.034,16875.4062,,18696.4932,21326.9522,19586.8024,25859.4354,19789.1454,22338.6672,22379.1358,23107.5706,36.315000000000005,,,35.70975,,31.54025,31.1372592999999,30.935506,16.2075151,26.8331888999999,,35.3068275,31.0407852362428,27.5790647363636,25.2651542538341,28.1782108999999,29.590484,23.537885,28.4052864180385,42_10
-3,NASS USDA,Charles Mix,,22,42,11,-1,,,,49177.6,38705.6,37206.31005,31569.98,59302.5745,62731.7275,97594.783,,70297.6365,55982.2835,66024.803,96533.3785,65534.924,121462.7765,163510.724,145303.5545,,,,10886.0265,9914.7825,8012.7828,7972.3142,14204.4786,14892.4448,18656.0246,,16551.6574,15782.7539999999,17401.498,24685.8459999999,17684.7782,32010.6626,38768.9188,41035.1604,,,,45.19200000000001,39.07225,46.41982196969696,39.6108979,41.7629331,42.0991886,52.3213558,,42.5026952,35.4413297,37.9296204,39.0728891,37.0553561,37.9968715,42.1498726231732,35.4415949903353,42_11
-3,NASS USDA,Clark,,22,42,12,-1,,,,,,14641.939,,,20275.5475,22616.0805,,38156.131,26997.776,24221.795,21881.262,31325.0405,61017.151,63983.6405,69317.8785,,,,,,3763.5798,,,5260.918,6515.4446,,8457.93739999999,7122.4736,7203.4108,9226.8408,11654.9568,17887.1211999999,17077.7492,20274.7686,,,,,,38.8705,,,38.5348803,34.7015676,,45.1254880999999,37.912807625,33.62555,23.7396382999999,26.90044,34.0211447058823,37.3243605,34.198191102994,42_12
-3,NASS USDA,Clay,,22,42,13,-1,,,,,,,,,,,,5987.41,,,,,7348.185,,5851.3325,,,,,,,,,,,,1404.26042,,,,,1780.6184,,1537.8068,,,,,,,,,,,,42.6371974,,,,,41.3594265,,38.0641226,42_13
-3,NASS USDA,Codington,,22,42,14,-1,11968.0,,829.5999999999999,12403.2,1588.48,26099.6645,,33088.6049,30045.912,35625.0895,41231.4825,,,28086.396,27977.534,58567.756,54267.707,56689.8865,65181.1225,2836.84185,,323.748,3172.7304,,5908.4156,,8781.6862,7082.005,9141.85674,10157.6186,,,8215.1258,11533.551,16146.9714,14366.353,14366.353,18494.1502,42.233,,25.62225,39.139500000000005,36.38225,44.18325,,37.6736323419354,42.4354441,38.9688716837096,40.5792065669322,,,34.1635588,24.2776471,36.2731196210526,37.660616,39.3418935,35.2333957737417,42_14
-3,NASS USDA,Corson,,22,42,15,-1,82116.79999999999,,3672.0,73929.59999999999,52088.0,70515.3605,,,,,92124.4675,102166.987,3973.463,86953.5225,81455.9915,98084.662,99635.9455,67412.7935,82190.81,24483.4425,,1902.0195,23147.982,26179.07265,26345.0586,,,,,32779.566,32374.88,1618.744,41237.5034,44839.2088,44758.2716,42613.4358,34600.653,40104.3826,33.55775,,19.30075,31.943750000000005,19.93127202813418,26.7655,,,,,28.1109597999999,31.5407658999999,24.5466515,21.0862227205103,18.1433513666064,21.9378439101265,23.3986567018043,19.502819,20.5117212237134,42_15
-3,NASS USDA,Custer,,22,42,16,-1,,,,,,,,,,,,,,979.758,2558.257,3810.17,,,,,,,,,,,,,,,,,849.8406,1133.1208,1982.9614,,,,,,,,,,,,,,,,,11.4999381,22.5963696,19.2145999999999,,,,42_16
-3,NASS USDA,Davison,,22,42,17,-1,,,,12212.8,,8899.4685,8409.5895,14043.198,9443.7785,21527.4605,7946.926,20547.7025,,,20792.642,13634.9655,30971.239,,66841.268,,,,2986.5753,,1946.53966,2577.84982,3601.7054,2484.77204,4030.67256,2136.74208,4087.3286,,,4856.232,3399.3624,9510.121,,16996.8119999999,,,,40.888,,45.73,32.6167835,39.005638,37.9968715,53.3973734,37.1898583,50.3038228,,,42.8389507,40.0816556,32.6167835,,39.3322862,42_17
-3,NASS USDA,Day,,22,42,18,-1,,,25132.8,,28587.2,21255.3055,31188.963,42673.904,37203.5885,48253.0815,49668.2875,61969.6935,43299.8605,55029.741,50920.2005,81211.052,84177.5415,89348.4865,84422.481,,,6555.897000000001,,8275.80825,5706.0726,9267.3094,11654.9568,10279.0244,12100.1114,14649.6332,14002.1356,12342.9229999999,16430.2516,20679.4546,22379.1358,23755.0681999999,23997.8798,25818.9668,,,38.336172761713605,,34.535916870415655,37.2565,33.62555,36.5845984,36.1810918,39.8799023,33.8945544,44.2512238,35.0753073196721,33.4910478,24.6139026,36.2842182607594,35.3812963500851,37.3243605,32.6971053467084,42_18
-3,NASS USDA,Deuel,,22,42,19,-1,6881.599999999999,,9079.36,8921.6,,13879.905,7729.202,13988.767,14396.9995,18560.971,24221.795,20955.935,12519.13,13390.026,17336.2735,27787.0255,26535.1125,18207.1695,33393.4185,1525.66245,,2144.8305,1897.97265,,3237.488,2185.3044,3419.5967,3237.488,4249.20299999999,4937.1692,4572.9518,3055.3793,3156.5508,6110.7586,7122.4736,6798.7248,4775.2948,9024.4978,45.124750000000006,,42.3313637138226,47.00775000000001,,42.9055,35.3740786,40.8886688,44.4529770999999,43.713215,49.093303,45.7979990999999,40.9559199,42.4354441,28.3839725437086,39.0388814414772,39.005638,37.9968715,36.9862955533632,42_19
-3,NASS USDA,Dewey,,22,42,20,-1,,,,,,,,,,23296.468,,,39217.5355,46375.212,53451.242,60527.272,51301.2175,,41775.7925,,,,,,,,,,9752.9326,,,13961.667,21569.7638,24159.7542,23350.3822,20881.7975999999,,18534.6188,,,,,,,,,,23.8741405,,,28.1109597999999,21.4883036333958,22.127526922948,25.901463954766,24.5231918139534,,22.5675896532751,42_20
-3,NASS USDA,Douglas,,22,42,21,-1,,,,,,,,9743.149,12002.0355,20085.039,18506.54,16410.9465,,19295.7895,26507.897,21935.693,54621.5085,53641.7505,66596.3285,,,,,,,,2768.05224,2877.31745999999,3617.89284,3986.1571,3808.09526,,4613.4204,6232.1644,5301.3866,13192.7636,12221.5172,16875.4062,,,,,,,,35.1723253,41.695682,55.5494085999999,46.403259,43.1079550999999,,41.8301842,42.5026952,41.3594265,41.4398802699386,43.7288030033112,39.4763957,42_21
-3,NASS USDA,Edmunds,,22,42,22,-1,42921.6,,,39059.2,,38156.131,33964.944,69399.525,32468.0915,,,82789.551,55982.2835,60200.686,48879.038,71032.455,104834.106,105432.847,114522.824,10319.4675,,,10359.936,,9469.6524,9752.9326,21003.2034,15013.8506,,,21488.8266,15378.068,17968.0583999999,20922.2662,21286.4836,27397.2422,31727.3824,34600.653,41.62775,,,37.727250000000005,,40.28275,34.8360698,33.0202901,21.6548542,,,38.5348803,36.3828451,33.5302776083333,23.3361317,33.3565456,38.333127,33.2892945,33.0686636982456,42_22
-3,NASS USDA,Fall River,,22,42,23,-1,,,,,,,,,,,,6885.5215,3429.153,5579.1775,9117.1925,10015.304,,,,,,,,,,,,,,,2877.31745999999,2751.8648,3561.2368,3804.0484,4492.01459999999,,,,,,,,,,,,,,,23.9413916,12.4414535,15.6695063,23.9413916,22.3273652,,,,42_23
-3,NASS USDA,Faulk,,22,42,24,-1,,,,7860.799999999999,,26262.9575,12954.578,35652.305,12437.4835,57506.3515,77482.5285,87416.186,44497.3425,67576.0865,38210.562,129273.625,96179.577,120265.2945,119312.752,,,,1651.1148,,6960.5992,4572.9518,13840.2611999999,8457.93739999999,14366.353,20517.5802,19246.8661599999,13111.8264,17765.7154,16956.3433999999,31727.3824,25576.1552,32496.2857999999,33346.1264,,,,47.613,,37.72725,28.3127131,25.7571712999999,14.7279908999999,40.0144045,37.7951182,45.3875354896551,33.9618055,38.0135693813211,22.5291185,40.7503065241071,37.660616,36.988105,35.8072932101941,42_24
-3,NASS USDA,Grant,,22,42,25,-1,12022.4,,10806.56,11345.12,16477.76,20079.5959,,,17880.5835,5170.945,3483.584,46674.5825,25609.7855,33175.6945,29637.6795,50811.3385,60146.255,31297.825,54077.1985,3091.7934,,3152.49615,3027.0438000000004,4908.82905,5293.29288,,,5422.7924,1007.66814,849.8406,10226.4152199999,6717.7876,9388.7152,11695.4254,12990.4206,15944.6284,8660.2804,15823.2226,38.93775,,34.279375725803824,37.46813970588235,33.57282996702391,37.94010550458715,,,32.953039,51.3125893,41.023171,45.6416742240997,38.1313737,35.3068275,25.3155014460207,39.1214942563862,37.7877786129441,35.9793385,34.1520349542199,42_25
-3,NASS USDA,Gregory,,22,42,26,-1,23120.0,,,,,,,,,,,,,22561.6495,30372.498,3674.0925,32821.893,38809.303,34890.271,5220.4365,,,,,,,,,,,,,6029.8214,9388.7152,1659.2126,11695.4254,10521.836,12585.7346,44.31775000000001,,,,,,,,,,,,,37.3916116,32.3477791,22.1256119,28.0918781730103,36.988105,27.7044258192926,42_26
-3,NASS USDA,Haakon,,22,42,27,-1,83531.2,,83776.0,59595.2,39603.2,102357.4955,,56200.0075,27950.3185,100153.04,,190290.776,,80040.7855,114060.1605,113679.1435,103881.5635,,127041.954,27801.8595,,27194.832,20760.3405,23026.5765,26021.3098,,20153.3628,15782.7539999999,34722.0588,,51071.3732,,36664.5516,53701.8322,47591.0735999999,47064.9818,,56858.383,30.06075000000001,,30.8005,28.715750000000003,17.216,39.34125,,27.9092065,17.6870393,28.8507218999999,,37.2502883692551,,21.8347842953642,21.2602671128862,23.8884370773809,22.104389927773,,22.3563717242704,42_27
-3,NASS USDA,Hamlin,,22,42,28,-1,2774.4,,4134.4,3889.6,5483.52,6041.841,3456.3685,7239.323,9803.0231,9552.6405,13063.44,,,,4109.5405,14886.8785,25881.9405,14015.9825,29365.5245,647.496,,955.0566,870.07275,1286.8983,1456.8696,951.0121,1740.1498,2177.21068,2043.6643,3103.94162,,,,1011.715,4208.7344,6515.4446,3520.7682,7648.56539999999,42.9055,,43.309000000000005,44.72125,42.638614779874224,41.49325,36.315594,41.6284309,45.0019860799256,46.7395145,42.0953306490221,,,,40.6196644,35.3456262115384,39.734539673913,39.678149,38.3918382777777,42_28
-3,NASS USDA,Hand,,22,42,29,-1,7316.799999999999,,14742.399999999998,40092.8,32204.8,24194.5795,15458.404,,9008.3305,42401.749,75795.1675,118850.0885,73617.9275,104752.4595,91634.5885,157985.9775,173281.0885,214022.692,216526.518,1687.53645,,4326.08265,10805.089500000002,9554.61285,6434.5074,4613.4204,,3553.14308,7486.691,19951.0198,24240.6914,21084.1406,24078.817,29987.2326,44555.9286,51314.1847999999,56413.2284,60095.871,43.37625,,34.07794347156081,37.11948127340824,33.71344186785261,37.59275,33.4910478,,25.34493278041,56.6254262,37.9968715,49.0193155627712,34.9037081424184,43.47879688,30.5319993999999,35.4679002980926,33.7531043339905,37.9635836527977,36.0103147642424,42_29
-3,NASS USDA,Hanson,,22,42,30,-1,,,,,,,,,8137.4345,10260.2435,,3619.6615,,,7974.1415,6123.4875,19840.0995,30100.343,20411.625,,,,,,,,,1545.90052,1812.99328,,776.99712,,,2144.8358,1659.2126,5625.1354,7122.4736,6920.13059999999,,,,,,,,,52.6576113,56.6254262,,46.6050123,,,37.1898583,36.9208539,35.3068275,42.3701035426136,29.5232328999999,42_30
-3,NASS USDA,Harding,,22,42,31,-1,,,,,,13580.5345,,,,,,,,1905.085,,29175.016,,16955.2565,18316.0315,,,,,,8700.749,,,,,,,,890.3092,,11533.551,,10238.5558,12464.3288,,,,,,15.602,,,,,,,,21.3858498,,25.2864136,,16.5682255454545,14.7210037727272,42_31
-3,NASS USDA,Hughes,,22,42,32,-1,,,,128710.4,34326.4,117407.667,126878.661,75414.1505,,158258.1325,57315.843,186643.899,61153.2285,138826.2655,121816.578,174070.338,101894.832,,121707.716,,,,32819.9535,13476.0105,29380.2036,34560.1844,27316.305,,42411.0928,19708.2082,45689.0493999999,19182.1164,32698.6288,41601.7207999999,45446.2377999999,45972.3296,,42330.1556,,,,39.25733261405672,25.48775,39.960950413223145,36.7293378868852,27.6088182533333,,37.3011948062022,29.0694605907597,40.8482823998228,31.8770213999999,42.4733976910891,29.2623405003891,38.2876741194122,22.1857590105633,,28.7425800738049,42_32
-3,NASS USDA,Hutchinson,,22,42,33,-1,,,3372.8,8782.880000000001,8160.0,,,8545.667,7048.8145,15757.7745,10668.476,12355.837,,14070.4135,,18179.954,27596.517,,56608.24,,,1129.07115,2237.90805,2177.2053,,,2088.17976,1525.66622,2954.2078,2549.5218,2565.70924,,3075.6136,,4653.889,8741.2176,,16673.0632,,,29.859,39.25356962025317,37.5255,,,40.9559199,46.2015057,53.3301222999999,41.8301842,48.1517875999999,,45.730748,,39.0728891,31.608017,,33.9618055,42_33
-3,NASS USDA,Hyde,,22,42,34,-1,,,,,,,,,,,,33556.7115,,35461.7965,,41313.129,,,101677.108,,,,,,,,,,,,9145.9036,,10319.493,,13678.3868,,,32213.0056,,,,,,,,,,,,36.7191006,,34.3653121,,30.1957438999999,,,31.5767570665829,42_34
-3,NASS USDA,Jackson,,22,42,35,-1,19529.6,,,22276.8,21596.8,22588.865,31950.997,,,,30508.5755,,,36740.925,,,,45341.023,1823.4385,8296.0425,,,10841.51115,12472.3917,6798.7248,12383.3915999999,,,,14568.696,,,16996.8119999999,,,,18736.9618,1456.8696,23.5375,,,20.54458631952221,17.324970311486048,33.2215,25.8244224,,,,20.9150921,,,21.5876031,,,,24.0934691414686,12.5087046,42_35
-3,NASS USDA,Jerauld,,22,42,36,-1,,,,11152.0,4868.8,5851.3325,,,816.465,,,,,12464.699,,,8246.2965,,53124.656,,,,2448.34425,1315.2262500000002,1254.5266,,,526.0918,,,,,3237.488,,,2549.5218,,15256.6621999999,,,,45.5955,37.054750000000006,46.6715,,,15.5350041,,,,,38.477716865,,,32.280528,,34.7986089750663,42_36
-3,NASS USDA,Jones,,22,42,37,-1,,,,28641.6,21515.2,30807.946,,,,56553.809,65834.2945,69671.68,,58322.8165,57805.722,46347.9965,48062.573,59248.1435,58132.308,,,,8134.168500000001,10258.76475,9105.435,,,,20157.40966,24807.2518,23026.6334,,17644.3096,24078.817,16551.6574,22986.1648,20031.957,23431.3194,,,,35.239000000000004,20.988632149901385,33.82675,,,,28.062691845272,26.5127313745513,30.2684318200351,,33.0875412,24.0114683764705,27.9764576,20.9449288556338,29.590484,24.8222764746113,42_37
-3,NASS USDA,Kingsbury,,22,42,38,-1,,,,7515.36,,,,7511.478,3538.015,13199.5175,3837.3855,17581.213,,,14179.2755,6422.858,31025.67,64446.304,44932.7905,,,,1881.78525,,,,1982.9614,870.0749,3136.3165,1080.51162,4079.23488,,,3723.1112,1942.4928,9388.7152,15054.3192,13759.324,,,,39.96009462365592,,,,37.8623693,40.6869155,42.0991886,35.5085808,43.0823356333333,,,38.0641226,33.0875412,32.9994190689655,42.8454588709677,32.6504090499999,42_38
-3,NASS USDA,Lake,,22,42,39,-1,,,,,,,,680.3875,,,,,,,,653.172,,,544.31,,,,,,,,202.343,,,,,,,,222.5773,,,242.8116,,,,,,,,33.62555,,,,,,,,29.3214796,,,22.3946162999999,42_39
-3,NASS USDA,Lawrence,,22,42,40,-1,,,,,,,,,,,,,,,544.31,,,,,,,,,,,,,,,,,,,364.2174,,,,,,,,,,,,,,,,,,,14.9297441999999,,,,,42_40
-3,NASS USDA,Lincoln,,22,42,41,-1,,,,,,,,,,1115.8355,1404.3198,,1524.068,,,,3293.0755,,,,,,,,,,,,226.62416,283.2802,,364.2174,,,,1092.6522,,,,,,,,,,,,49.2278052,49.5640607,,41.8301842,,,,30.262995,,,42_41
-3,NASS USDA,Lyman,,22,42,42,-1,84401.59999999999,,118619.2,125473.6,71699.2,100915.074,107120.208,91852.3125,57479.136,159673.3385,65779.8635,154257.454,51165.14,140758.566,136077.5,147344.717,140840.2125,168681.669,146419.39,20153.313,,31929.646500000003,29906.221500000003,23601.2292,25535.6866,25252.4064,24766.7831999999,29744.421,42006.4068,23795.5367999999,37635.798,17846.6526,38485.6386,52447.3056,47064.9818,45891.3924,45729.518,51921.2138,41.89675,,37.15017640423923,41.99248342354533,30.38756747256516,39.520192551505545,42.4354441,37.0553561,19.32412322,38.0100884791907,27.6402021,40.9949689258064,28.6636082952381,36.5512203566771,25.9687320520833,31.3210866834049,30.7395052191358,36.988105,28.2200397213561,42_42
-3,NASS USDA,Marshall,,22,42,43,-1,3780.8,,4760.0,4052.8,,4408.911,5824.117,12110.8975,8137.4345,10042.5195,18778.695,13634.9655,8681.7445,,1143.051,14342.5685,16166.007,24385.088,13798.2585,1080.50895,,1319.2731,1145.25855,,1133.1208,1841.3213,3460.06529999999,2347.1788,2812.5677,4775.2948,3277.9566,2448.3503,,404.686,3965.9228,4856.232,6717.7876,5018.1064,35.03725,,36.11325,35.44075,,38.93775,31.608017,34.970572,34.7015676,35.7103341,39.3418935,41.6284309,35.4413297,,28.245462,36.1810918,33.2892945,36.315594,27.5056998999999,42_43
-3,NASS USDA,McCook,,22,42,44,-1,451.52,,590.24,2208.64,636.48,,,,,,,,,,762.034,,1442.4215,,1905.085,105.2181,,161.874,602.98065,295.42005,,,,,,,,,,323.7488,,445.1546,,768.9034,42.9055,,36.51675,36.651250000000005,21.587250000000004,,,,,,,,,,23.537885,,32.280528,,24.7484047999999,42_44
-3,NASS USDA,McPherson,,22,42,45,-1,,,,,,22398.3565,37965.6225,35189.6415,24276.226,53206.3025,54485.431,61806.4005,,43190.9985,,45694.8245,47246.108,41449.2065,59139.2815,,,,,,6636.8504,10481.3674,12342.9229999999,9388.7152,15863.6912,18413.213,17077.7492,,12626.2032,,16025.5656,15094.7878,17887.1211999999,19020.242,,,,,,33.7595,36.2483429,28.5144663999999,25.8244224,33.5582989,29.590484,36.1810918,,34.2308099,,28.5144663999999,31.2717615,23.2016295,31.0757316978723,42_45
-3,NASS USDA,Meade,,22,42,46,-1,20400.0,,,3400.0,,9362.132,,24031.2865,5198.1605,41585.284,,79904.708,,49232.8395,64990.614,53723.397,43980.248,54539.862,41748.577,10683.684,,,2071.9872,,5948.8842,,8862.6234,4330.1402,15863.6912,,24847.7204,,27720.9909999999,26223.6528,25818.9668,21812.5753999999,24604.9088,23269.445,19.099,,,16.409,,15.7365,,27.1021932999999,12.0379468999999,26.227929,,32.1521594508143,,17.7557630518248,24.8156559,20.7903929600313,20.17533,22.2763738231907,17.935575973913,42_46
-3,NASS USDA,Mellette,,22,42,47,-1,,,,3019.2,,,,,,13743.8275,,,,26671.19,,26072.449,19867.315,,23133.175,,,,1351.6479000000002,,,,,,5382.3238,,,,11493.0824,,10036.2128,9550.5896,,10198.0872,,,,22.327000000000005,,,,,,25.555418,,,,23.2333606528169,,25.9589246,20.847841,,22.6892401666666,42_47
-3,NASS USDA,Miner,,22,42,48,-1,,,,19720.0,,,9988.0885,,14914.094,,6014.6255,3837.3855,,,9280.4855,10886.2,3102.567,,20329.9785,,,,4492.0035,,,3031.09814,,3524.81506,,1934.39908,1052.1836,,,2994.6764,2589.9904,1214.058,,7162.94219999999,,,,43.91425,,,32.953039,,42.3009419,,31.0700082,36.4500962,,,31.0027571,42.0319375,25.555418,,28.3951621887005,42_48
-3,NASS USDA,Minnehaha,,22,42,49,-1,,,,,,,,,,,,,,,,1387.9905,,,2449.395,,,,,,,,,,,,,,,,323.7488,,,728.4348,,,,,,,,,,,,,,,,42.9062018,,,33.62555,42_49
-3,NASS USDA,Moody,,22,42,50,-1,,,,,,,,,,,,,,,,1170.2665,,,2313.3175,,,,,,,,,,,,,,,,343.9831,,,647.4976,,,,,,,,,,,,,,,,34.0290566,,,35.7103341,42_50
-3,NASS USDA,Pennington,,22,42,51,-1,,,,,24969.6,52471.484,,42809.9815,,,,36795.356,43490.369,,62514.0035,43000.49,51791.0965,,41231.4825,,,,,16017.4323,21326.9522,,14285.4157999999,,,,15459.0052,21772.1067999999,,24685.8459999999,16551.6574,22298.1986,,22298.1986,,,,,15.596664855987877,24.59856973434535,,29.9939906,,,,23.8068894,19.9735767,,25.3536647,25.9589246,23.2724201315789,,18.4940525,42_51
-3,NASS USDA,Perkins,,22,42,52,-1,,,,,,,,,,,,,,54730.3705,31542.7645,74352.746,63493.7615,45204.9455,58839.911,,,,,,,,,,,,,,30553.7929999999,30189.5756,36705.0202,30796.6046,26183.1842,37676.2666,,,,,,,,,,,,,,17.8887926,10.4239205,20.2425811,20.5115855,17.1490305,15.6206029759398,42_52
-3,NASS USDA,Potter,,22,42,53,-1,93187.2,,100993.6,139073.59999999998,35224.0,128865.3925,98057.4465,124619.7745,49913.227,92614.3465,,214975.2345,97268.197,145113.046,131886.313,188793.9235,198455.426,99091.6355,204415.6205,25535.6235,,33184.17,33831.666000000005,12909.4515,30837.0732,29137.392,38485.6386,28611.3001999999,29380.2036,,49654.9722,29380.2036,44151.2426,55644.325,52932.9288,56210.8854,29946.764,58800.8758,36.51675,,30.43427031623813,41.12723624401914,27.3035,41.77178149606299,33.6460055429166,32.3969975706624,17.4276422,31.5407658999999,,43.2772612515077,33.0875412,32.867973447296,23.7056459258181,35.6488929191896,35.2700306418286,32.953039,34.7865455900894,42_53
-3,NASS USDA,Roberts,,22,42,54,-1,8540.8,,6664.0,6147.2,,17717.2905,13852.6895,,25310.415,,37399.5401,35053.564,22343.9255,32005.428,34318.7455,54539.862,67222.285,58268.3855,51927.174,2266.236,,2035.56555,1861.551,,5018.1064,4613.4204,,6960.5992,,10153.57174,8903.092,6758.2562,9186.3722,15337.5994,15094.7878,17968.0583999999,15580.411,18413.213,37.727250000000005,,32.750750000000004,33.01975,,35.30625,29.9939906,,36.3828451,,36.8385389824631,39.3418935,33.0786817736526,34.8360698,22.3699516485488,36.1138407,37.3243605,37.3243605,28.1782108999999,42_54
-3,NASS USDA,Sanborn,,22,42,55,-1,,,,,,,,,2503.826,,,5089.2985,4463.342,,4490.5575,4218.4025,10287.459,,22452.7875,,,,,,,,,675.82562,,,1096.69906,1173.5894,,1214.058,1173.5894,3601.7054,,5503.7296,,,,,,,,,37.0553561,,,46.403259,38.0641226,,36.988105,35.9120874,28.5817175,,40.8214177,42_55
-3,NASS USDA,Shannon,,22,42,56,-1,,,,,,,,,,,,,,,,,,,,,,,,,,,,,,,,,,,,,,,,,,,,,,,,,,,,,,,,,,42_56
-3,NASS USDA,Spink,,22,42,57,-1,,,,39576.0,28043.2,20384.4095,26616.759,38836.5185,,53505.673,94111.199,82735.12,,16166.007,49886.0115,77890.761,110875.947,170750.047,141547.8155,,,,9437.2542,9267.2865,5827.4784,7895.42386,15244.52162,,12221.5172,22180.8396599999,19076.89804,,3884.9856,18251.3386,25050.0634,32981.909,43706.0879999999,45689.0493999999,,,,41.9551179245283,30.27806441048035,34.97,33.7217214859046,25.5028953729227,,43.7804660999999,42.4533458250319,43.3474283635977,,41.6284309,27.3292962385809,31.0769614639741,33.71054218773,39.005638,30.9941794574845,42_57
-3,NASS USDA,Stanley,,22,42,58,-1,,,79260.79999999999,44961.6,32640.0,86436.428,,43435.938,,,,,,9470.994,,,,,113352.5575,,,24200.163,20557.998,21205.494,21043.672,,16106.5028,,,,,,6515.4446,,,,,50545.2814,,,32.750750000000004,21.85625,15.40025,41.08975,,26.9676911,,,,,,14.5262376,,,,,22.4277303324259,42_58
-3,NASS USDA,Sully,,22,42,59,-1,100476.8,,,241944.0,63131.2,202129.5185,,128620.453,,316897.282,203027.63,395277.922,127695.126,284401.975,237346.3755,324871.4235,228283.614,311535.8285,283068.4155,23997.8205,,,64668.663,28125.6075,54025.581,,52487.7742,,82515.4754,65356.789,90447.321,43827.4938,76121.4366,85550.6204,89880.7606,91823.2534,85995.775,93441.9974,41.89675,,,37.42904380475595,22.4615,37.42273595505618,,24.4896669518889,,38.3940124980873,31.0624710798142,43.7189320957494,29.1197262999999,37.373270390909,27.7547898304635,36.138609452724,24.8738670769061,36.1874213152941,30.3139648679081,42_59
-3,NASS USDA,Todd,,22,42,60,-1,,,,,,4762.7125,,,4980.4365,,,6259.565,,5551.962,,,5198.1605,,6912.737,,,,,,1473.05704,,,1881.7899,,,2144.8358,,2306.7102,,,2347.1788,,3237.488,,,,,,32.34725,,,26.4969333999999,,,29.1869773999999,,24.0758937999999,,,22.192863,,21.3412959462499,42_60
-3,NASS USDA,Tripp,,22,42,61,-1,60547.2,,73276.8,64436.8,45260.8,62432.357,,59248.1435,48198.6505,,78516.7175,63112.7445,66950.13,84313.619,85021.222,83088.9215,66324.1735,107610.087,95090.957,18534.573,,19728.39375,17191.0188,14932.8765,15539.9424,,16875.4062,17846.6526,,25697.5609999999,16268.3771999999,24523.9716,23269.445,31241.7592,28125.677,27437.7108,29056.4548,35410.025,,,37.14281098024009,37.49985381355932,30.329750000000004,40.1713671875,,35.1050742,27.0242674222222,,30.5638774804724,38.8038847,27.3039466,36.2483429,27.2279842176165,29.5645512017266,24.210396,36.988105,26.8318823071999,42_61
-3,NASS USDA,Turner,,22,42,62,-1,,,,2496.96,,2422.1795,1396.15515,2433.0657,2585.4725,4300.049,3401.9375,2231.671,5606.393,5905.7635,3782.9545,2993.705,13743.8275,22207.848,18506.54,,,,566.559,,509.90436,331.84252,538.23238,461.34204,764.85654,679.87248,481.57634,1699.6812,1375.9324,1173.5894,768.9034,3439.831,4411.0774,5503.7296,32.6835,,,44.116,,47.4785,42.0991886,45.1927392,56.0201662999999,56.2219195999999,50.0348184,46.3360079,32.953039,42.9062018,32.2132769,38.9383869,40.0144045,50.3334379633027,33.62555,42_62
-3,NASS USDA,Union,,22,42,63,-1,,,,,,,,,,,,,,,,,598.741,,,,,,,,,,,,,,,,,,,202.343,,,,,,,,,,,,,,,,,,,29.590484,,,42_63
-3,NASS USDA,Walworth,,22,42,64,-1,,,,48307.2,20236.8,50947.416,29937.05,63357.684,17635.644,81918.655,94383.354,88804.1765,78026.8385,59982.962,65970.372,88450.375,102030.9095,80149.6475,87960.496,,,,11331.18,7684.968150000001,12346.96986,10076.6814,16673.0632,8619.8118,21043.672,23552.7252,22561.2445,22864.759,20396.1744,26952.0876,26345.0586,28651.7687999999,27113.962,27842.3968,,,,42.6365,26.33150908372828,41.2561226647001,29.7249862,37.9968715,20.4443344,38.904502691923,40.0816556,39.3931611547085,34.0963077,29.3887307,24.4794004,33.5893934946236,35.6487822457627,29.590484,31.575759931686,42_64
-3,NASS USDA,Yankton,,22,42,65,-1,,,,1071.6799999999998,,1061.4045,397.3463,,1600.2714,3184.2135,2079.2642,,,2258.8865,,3320.291,6286.7805,,11158.355,,,,299.4669,,275.18648,129.49952,,372.31112,623.21644,453.24832,,,546.3261,,768.9034,1821.087,,3520.7682,,,,35.77700000000001,,38.6015,30.6665016,,42.9734529,51.110836,45.8652502,,,41.3594265,,43.1752062,34.6343165,,31.6752681,42_65
-3,NASS USDA,Ziebach,,22,42,66,-1,,,31660.8,35251.2,27036.8,53723.397,,19567.9445,24956.6135,72175.506,72964.7555,84776.2825,16356.5155,47300.539,44769.4975,56336.085,54186.0605,61098.7975,45259.3765,,,13678.353,14730.534,11614.4595,16227.9086,,8093.72,12100.1114,22824.2903999999,26871.1504,26790.2132,7608.0968,16470.7202,18453.6816,23836.0054,25535.6866,21488.8266,22136.3242,,,23.14664638352293,23.92991483516484,23.27506097560976,33.10947256857855,,24.210396,20.6343918565217,31.6344881776595,27.1481752268072,31.6407282601208,21.520352,28.7162197,24.2776471,23.6097032375212,21.1984846117274,28.4367033578154,20.4476539241316,42_66
-2,NASS USDA,Tennessee,,22,43,-1,-1,533392.0,663000.0,848640.0,665176.0,637296.0,369314.335,392039.2775,504167.1375,523898.375,665555.0525,731008.33,853205.925,1111072.7875,565810.245,564449.47,223575.3325,442251.875,908725.545,290117.23,107241.525,131522.625,157827.15,135569.475,133546.05000000002,93077.78,87007.4899999999,115335.51,111288.65,135569.81,159850.97,192225.85,232694.449999999,133546.38,123429.23,62726.33,131522.949999999,214483.58,105218.36,49.76500000000001,50.4375,53.80000000000001,49.0925,47.7475,39.6775,45.058237,43.713215,47.07577,49.093303,45.730748,44.385726,47.748281,42.368193,45.730748,35.643083,33.62555,42.368193,27.572951,43_-1
-3,NASS USDA,Anderson,,22,43,1,-1,,,,,,,,,,,,,,,,,,,,,,,,,,,,,,,,,,,,,,,,,,,,,,,,,,,,,,,,,,43_1
-3,NASS USDA,Bedford,,22,43,2,-1,3916.8,,3372.8,2668.32,4651.2,3810.17,5361.4535,4136.756,5170.945,7076.03,7348.185,9906.442,12246.975,5279.807,6286.7805,1088.62,2966.4895,14015.9825,2803.1965,882.2133,,793.1826,647.496,1145.25855,,1153.3551,991.4807,1214.058,1578.2754,1578.2754,2104.3672,2225.773,1679.4469,1416.401,348.02996,890.3092,2630.459,1011.715,44.45225,,42.56925,41.22425,40.61900000000001,36.1805,46.4705100999999,41.695682,42.5699463,44.8564837,46.5377612,47.07577,55.0113997999999,31.4062637,44.385726,31.2717615,33.2892945,53.128369,27.572951,43_2
-3,NASS USDA,Benton,,22,43,3,-1,,,,,,,,,,,,1524.068,2449.395,816.465,,,,,,,,,,,,,,,,,445.1546,667.7319,242.8116,,,,,,,,,,,,,,,,,34.2308099,36.6518495,33.62555,,,,,,43_3
-3,NASS USDA,Bledsoe,,22,43,4,-1,,,1406.24,,946.56,960.70715,748.42625,1064.12605,,,,,707.603,,,628.67805,266.7119,,571.5255,,,242.811,,,,165.92126,254.95218,,,,,242.8116,,,242.8116,121.4058,,242.8116,,,57.96950000000001,,,41.62775,45.1254880999999,41.7629331,,,,,29.1197262999999,,,25.8916735,21.8566075,,23.537885,43_4
-3,NASS USDA,Blount,,22,43,5,-1,1425.28,,,,,,645.00735,391.9032,225.88865,,489.879,1156.65875,1420.6491,,1695.52565,993.36575,,,816.465,372.3102,,,,283.2795,,198.29614,149.73382,72.84348,,161.8744,323.7488,445.1546,,404.686,303.5145,,,323.7488,38.3325,,,,33.42325,,32.5495324,26.1606779,31.0027571,,30.262995,35.7103341,31.9442725,,41.8974353,32.7512857,,,25.555418,43_5
-3,NASS USDA,Bradley,,22,43,6,-1,,,,,,,,,,707.603,,,1330.83795,,1630.20845,288.4843,816.465,571.5255,,,,,,,,,,,194.24928,,,364.2174,,364.2174,137.59324,323.7488,161.8744,,,,,,,,,,,36.4500962,,,36.5173473,,44.7892325999999,20.9823432,25.2191625,35.3068275,,43_6
-3,NASS USDA,Campbell,,22,43,7,-1,,,,,,,,,,,,,,,,,,,,,,,,,,,,,,,,,,,,,,,,,,,,,,,,,,,,,,,,,,43_7
-3,NASS USDA,Cannon,,22,43,8,-1,2097.12,,2078.08,1289.28,1330.08,,568.80395,1192.0389,1333.5595,1115.8355,1347.16725,3020.9205,2775.981,,2228.94945,394.62475,,,517.0945,509.9031,,416.82555,343.98225,307.5606,,133.54638,335.88938,283.2802,242.8116,323.7488,687.9662,708.2005,,485.6232,169.96812,,,202.343,41.157,,49.8995,37.5255,43.24175,,42.5699463,35.5085808,47.07577,45.9325013,41.6284309,43.9149683,39.2073913,,45.9325013,23.2016295,,,25.555418,43_8
-3,NASS USDA,Carroll,,22,43,9,-1,24561.6,,30763.2,26492.8,25214.4,14396.9995,15376.7575,19812.884,21908.4775,26453.466,28712.3525,27079.4225,34835.84,14152.06,9144.408,4027.894,,23759.1315,2939.274,4370.598,,5665.59,5422.779,4734.8145,3625.98656,2954.2078,4492.01459999999,4451.546,4815.7634,5827.4784,5989.3528,6758.2562,3379.1281,2104.3672,1173.5894,,5584.6668,1214.058,56.221,,54.338,48.89075,53.26200000000001,39.6775,52.0523514,44.1167215999999,49.2278052,54.9441487,49.2950563,45.1927392,51.5143425999999,41.8974353,43.4442105999999,34.298061,,42.7044485,24.210396,43_9
-3,NASS USDA,Carter,,22,43,10,-1,,,,,,,,,,,,,,,,,,,,,,,,,,,,,,,,,,,,,,,,,,,,,,,,,,,,,,,,,,43_10
-3,NASS USDA,Cheatham,,22,43,11,-1,,,,,,,,,345.63685,,,,557.91775,,587.8548,348.3584,,,,,,,,,,,,101.1715,,,,161.8744,,161.8744,117.35894,,,,,,,,,,,,34.1635588,,,,34.4998143,,36.315594,29.6577351,,,,43_11
-3,NASS USDA,Chester,,22,43,12,-1,,,,,2828.8,,,,,,,,,3538.015,,1129.44325,,3565.2305,870.896,,,,,635.35545,,,,,,,,,890.3092,,311.60822,,809.372,364.2174,,,,,44.5195,,,,,,,,,39.7454001,,36.2483429,,44.0494705,24.210396,43_12
-3,NASS USDA,Claiborne,,22,43,13,-1,,,,,,,,,,,,,,,,,,,,,,,,,,,,,,,,,,,,,,,,,,,,,,,,,,,,,,,,,,43_13
-3,NASS USDA,Clay,,22,43,14,-1,,,,,,,,,,,,,,,,,,,,,,,,,,,,,,,,,,,,,,,,,,,,,,,,,,,,,,,,,,43_14
-3,NASS USDA,Cocke,,22,43,15,-1,,,,,,,,,,,,,,,,,,653.172,,,,,,,,,,,,,,,,,,,161.8744,,,,,,,,,,,,,,,,,,,40.35066,,43_15
-3,NASS USDA,Coffee,,22,43,16,-1,4188.8,,10064.0,,8214.4,3538.015,2449.395,2645.3466,4354.48,6123.4875,6150.703,7048.8145,8028.5725,4599.4195,8246.2965,2522.87685,4218.4025,,2258.8865,930.7755,,1772.5203,,1719.91125,809.372,522.04494,546.3261,849.8406,1133.1208,1375.9324,1294.9952,1456.8696,1315.2295,1578.2754,627.2633,1214.058,,1011.715,45.0575,,56.82625000000001,,47.81475,43.7125,46.9412678,48.420792,51.2453382,54.0698844,44.7219815,54.4061399,55.0786509,34.970572,52.2541047,40.2161578,34.6343165,,22.192863,43_16
-3,NASS USDA,Crockett,,22,43,17,-1,,,38705.6,29756.8,,9035.546,10124.166,20003.3925,21772.4,35380.15,44361.265,53070.225,68038.75,25201.553,24929.398,8708.96,23650.2695,46674.5825,10151.3815,,,7527.141,5989.338000000001,,2100.32034,2104.3672,4208.7344,4653.889,7082.005,8903.092,11290.7394,13152.295,5665.604,5301.3866,2310.75706,6920.13059999999,10724.179,3439.831,,,51.446250000000006,49.69775,,43.04,48.0845365,47.5465277,46.8067655999999,49.9675673,49.8330650999999,47.0085189,51.7160959,44.4529770999999,47.0085189,37.660616,34.298061,43.3769595,29.590484,43_17
-3,NASS USDA,Cumberland,,22,43,18,-1,,,,,,,,,,,,,,,,,,,,,,,,,230.67102,,,,,,,,,,,,,,,,,,,,,,,,,,,,,,,,,43_18
-3,NASS USDA,Davidson,,22,43,19,-1,,,,,,,,,,,,,,,,,,,,,,,,,,,,,,,,,,,,,,,,,,,,,,,,,,,,,,,,,,43_19
-3,NASS USDA,Decatur,,22,43,20,-1,,,,,,,,,,,,,,,,,,,,,,,,,,,,,,,,,,,,,,,,,,,,,,,,,,,,,,,,,,43_20
-3,NASS USDA,DeKalb,,22,43,21,-1,,,,,,,,,,,,,,,,,,,,,,,,,,,,,,,,,,,,,,,,,,,,,,,,,,,,,,,,,,43_21
-3,NASS USDA,Dickson,,22,43,22,-1,,,,,,,,,,,,,,,,,,,,,,,,,,,,,,,,,,,,,,,,,,,,,,,,,,,,,,,,,,43_22
-3,NASS USDA,Dyer,,22,43,23,-1,39222.4,,55433.6,49449.6,41969.6,24221.795,,32903.5395,33202.91,,,66677.975,66677.975,30318.067,26997.776,10722.907,30209.205,,23813.5625,7689.015,,10400.4045,9955.251,8984.007,6555.9132,,8296.063,7041.5364,,,13961.667,12747.609,6515.4446,5908.4156,3116.0822,9145.9036,,7689.034,51.042750000000005,,53.32925,49.69775,46.73875000000001,36.92025,,39.678149,47.1430210999999,,,47.748281,52.3213558,46.5377612,45.6634969,34.4325632,32.953039,,30.935506,43_23
-3,NASS USDA,Fayette,,22,43,24,-1,,,21324.8,,12865.6,,,5579.1775,,7729.202,11376.079,22044.555,35652.305,19350.2205,16465.3775,,17200.196,28984.5075,10886.2,,,3953.77245,,2832.795,,,1473.05704,,1821.087,2873.2706,4977.63779999999,8336.5316,4289.6716,3439.831,,4087.3286,7082.005,3237.488,,,53.93450000000001,,45.461,,,37.8623693,,42.4354441,39.6108979,44.3184749,42.7716996,45.1254880999999,47.8827832,,42.0319375,41.023171,33.62555,43_24
-3,NASS USDA,Fentress,,22,43,25,-1,,,,,,,,,,,,,,,,,,,,,,,,,,,,,,,,,,,,,,,,,,,50.034000000000006,,,,,,,,,,,,,,,43_25
-3,NASS USDA,Franklin,,22,43,26,-1,11750.4,,20264.0,11342.4,15585.6,,6123.4875,7647.5555,11675.4495,18778.695,12573.561,21364.1675,20874.2885,10831.769,11648.234,4653.8505,8627.3135,36577.632,7620.34,2553.56235,,3824.27325,2152.9242,3116.0745,,1315.2295,1578.2754,2144.8358,3237.488,2306.7102,3439.831,4006.3914,2509.0532,2225.773,1246.43288,2832.802,6272.633,2913.7392,46.06625,,52.99300000000001,52.72400000000001,,,46.5377612,48.4880430999999,54.4061399,58.0376992999999,54.5406420999999,62.1400164,52.1196025,43.1752062,52.3213558,37.3243605,30.5992505,58.1722015,26.227929,43_26
-3,NASS USDA,Gibson,,22,43,27,-1,73168.0,,125582.4,105971.2,107494.4,59329.79,69916.6195,81238.2675,88178.22,108317.69,108862.0,105323.985,134716.725,78271.778,73590.712,29066.154,51246.7865,92777.6395,36196.615,13961.6325,,22864.7025,21165.0255,20962.683,14609.1646,14973.382,18291.8072,18413.213,21246.015,22662.416,24119.2856,29056.4548,16794.469,15580.411,8296.063,16106.5028,24807.2518,12949.952,52.455000000000005,,54.943250000000006,50.10125000000001,51.31175,40.619,46.6722634,44.385726,47.8827832,50.9763338,48.0172854,43.6459639,46.3360079,46.6050123,47.2102722,35.0378231,31.9442725,37.3243605,28.245462,43_27
-3,NASS USDA,Giles,,22,43,28,-1,,,,,,,,,,,7429.8315,7375.4005,11185.5705,4708.2815,,,1747.2351,8899.4685,1279.1285,,,,,,,,,,,1659.2126,1618.744,1942.4928,1011.715,,,647.4976,1821.087,647.4976,,,,,,,,,,,44.7892325999999,45.5962458,57.5669415999999,46.5377612,,,26.90044,48.7570475,19.502819,43_28
-3,NASS USDA,Grainger,,22,43,29,-1,,,,,,,,,,,,,,,122.46975,152.4068,,,,,,,,,,,,,,,,,,40.4686,56.65604,,,,,,,,,,,,,,,,,,30.262995,26.90044,,,,43_29
-3,NASS USDA,Greene,,22,43,30,-1,554.88,,206.72,,,,,,,209.55935,,212.2809,228.6102,,,,,,,129.4992,,60.70275,,,,,,,60.7029,,60.7029,80.9372,,,,,,,42.9055,,34.09575,,,,,,,34.4998143,,34.970572,28.245462,,,,,,,43_30
-3,NASS USDA,Grundy,,22,43,31,-1,,,,,,,,,,,,,,,1635.65155,1102.22775,830.07275,,707.603,,,,,,,,,,,,,,,283.2802,250.90532,242.8116,,283.2802,,,,,,,,,,,,,,,57.7686949,43.9149683,34.298061,,24.882907,43_31
-3,NASS USDA,Hamblen,,22,43,32,-1,,,,,,,,,,,,,,,,,,334.75065,,,,,,,,,,,,,,,,,,,121.4058,,,,,,,,,,,,,,,,,,,27.572951,,43_32
-3,NASS USDA,Hamilton,,22,43,33,-1,,,,,,,,,,,,,,,,,,,,,,,,,,,,,,,,,,,,,,,,,,,,,,,,,,,,,,,,,,43_33
-3,NASS USDA,Hancock,,22,43,34,-1,,,,,,,,,,,,,,,,,,,,,,,,,,,,,,,,,,,,,,,,,,,,,,,,,,,,,,,,,,43_34
-3,NASS USDA,Hardeman,,22,43,35,-1,,,7779.2,,,,,,,4327.2645,,13335.595,22588.865,9498.2095,9933.6575,5225.376,8436.805,20193.901,2449.395,,,1416.3975,,,,,,,971.2464,,3055.3793,4734.82619999999,2043.6643,2063.8986,1489.24448,2063.8986,5179.9808,1214.058,,,54.943250000000006,,,,,,,44.5874793,,43.6459639,47.6810299,46.4705100999999,48.1517875999999,35.1050742,41.023171,39.005638,20.17533,43_35
-3,NASS USDA,Hardin,,22,43,36,-1,,,,,,,,,,2394.964,,4000.6785,,,,,,,2313.3175,,,,,,,,,,526.0918,,1193.8237,,,,,,,1011.715,,,,,,,,,,45.5289947,,33.4910478,,,,,,,22.865374,43_36
-3,NASS USDA,Hawkins,,22,43,37,-1,,,,,,,,,,,,,119.7482,,,,,,,,,,,,,,,,,,,32.37488,,,,,,,,,,,,,,,,,,,36.988105,,,,,,,43_37
-3,NASS USDA,Haywood,,22,43,38,-1,33265.6,,52931.2,35060.8,27689.6,10777.338,16492.593,37611.821,42728.335,42184.025,57016.4725,66950.13,87633.91,35543.443,40578.3105,22235.0635,39734.63,56608.24,13607.75,5948.869500000001,,9995.7195,7203.393,6151.212,2751.8648,3723.1112,8053.2514,8700.749,9226.8408,13152.295,14892.4448,18898.8361999999,8093.72,9712.464,6353.5702,11128.865,12869.0147999999,5463.26099999999,55.952,,52.99300000000001,48.68900000000001,45.0575,39.1395,44.3184749,46.6722634,49.093303,45.730748,43.3769595,44.9237348,46.403259,43.9149683,41.7629331,34.970572,35.643083,44.0494705,24.882907,43_38
-3,NASS USDA,Henderson,,22,43,39,-1,,,7235.2,821.4399999999999,,,,,2993.705,3891.8165,,3782.9545,,3374.722,3728.5235,,,2422.1795,1551.2835,,,1375.929,206.38935,,,,,728.4348,890.3092,,1011.715,,890.3092,768.9034,,,728.4348,607.029,,,52.5895,39.812000000000005,,,,,41.0904221,43.713215,,37.3916116,,37.9296204,48.4880430999999,,,33.2892945,25.555418,43_39
-3,NASS USDA,Henry,,22,43,40,-1,14552.0,,39113.6,25268.8,23990.4,12138.113,11022.2775,14097.629,12246.975,20139.47,20955.935,27759.81,43816.955,19812.884,18343.247,12410.268,15621.697,33747.22,9253.27,3168.68355,,7001.0505,5018.094,4653.8775000000005,3164.64452,2472.63146,3249.62858,2630.459,4249.20299999999,4208.7344,6474.976,8781.6862,4208.7344,3844.517,2889.45804,5260.918,8538.8746,3035.145,45.93175000000001,,55.88475,50.370250000000006,51.58075,38.3325,44.5874793,43.3769595,46.5377612,47.4120255,49.765814,42.9062018,49.9003162,47.07577,47.6810299,42.9734529,29.590484,39.678149,30.262995,43_40
-3,NASS USDA,Hickman,,22,43,41,-1,,,,,,,,,843.6805,,,,,1850.654,,,,,1251.913,,,,,,,,,182.1087,,,,,445.1546,,,,,404.686,,,,,,,,,46.3360079,,,,,41.5611798,,,,,30.935506,43_41
-3,NASS USDA,Houston,,22,43,42,-1,,,,,,,,,,,,,,,,,,,,,,,,,,,,,,,,,,,,,,,,,,,,,,,,,,,,,,,,,,43_42
-3,NASS USDA,Humphreys,,22,43,43,-1,,,,,,,,,,,,,,,,,,,,,,,,,,,,,,,,,,,,,,,,,,,,,,,,,,,,,,,,,,43_43
-3,NASS USDA,Jackson,,22,43,44,-1,,,,,,,,,,,,,,,,,,,,,,,,,,,,,,,,,,,,,,,,,,,,,,,,,,,,,,,,,,43_44
-3,NASS USDA,Jefferson,,22,43,45,-1,734.4,,,,,,,,,,,1134.88635,,,,,,,,178.06140000000002,,,,,,,,,,,283.2802,,,,,,,,41.2915,,,,,,,,,,,40.0816556,,,,,,,,43_45
-3,NASS USDA,Johnson,,22,43,46,-1,,,,,,,,,,,,,,,,,,,,,,,,,,,,,,,,,,,,,,,,,,,,,,,,,,,,,,,,,,43_46
-3,NASS USDA,Knox,,22,43,47,-1,,,,,,,,,,,,,,,,,,,,,,,,,,,,,,,,,,,,,,,,,,,,,,,,,,,,,,,,,,43_47
-3,NASS USDA,Lake,,22,43,48,-1,11859.2,,22603.2,15123.2,11097.6,9117.1925,11022.2775,13362.8105,14696.37,,,,,11675.4495,15022.956,3538.015,12029.251,34019.375,11566.5875,2387.6415,,3771.6642,3253.6674000000003,2776.1391000000003,2152.92952,2691.1619,2751.8648,2630.459,,,,,2306.7102,2751.8648,870.0749,3763.5798,7284.348,3642.174,49.69775,,59.987,46.537000000000006,40.01375,42.3675,40.9559199,48.5552942,55.8856640999999,,,,,50.6400783,54.6078932,40.6869155,31.9442725,46.7395145,31.608017,43_48
-3,NASS USDA,Lauderdale,,22,43,49,-1,,,18768.0,,13491.2,,,,,18370.4625,16601.455,25854.725,29664.895,18234.385,12083.682,5116.514,13335.595,25854.725,10069.735,,,3638.11815,,2885.40405,,,,,3642.174,3642.174,6353.5702,6353.5702,3965.9228,2670.9276,1327.37008,4249.20299999999,7810.4398,3642.174,,,51.648,,46.806,,,,,50.438325,45.5962458,40.6869155,46.6722634,45.9997524,45.2599903,38.5348803,31.2717615,32.953039,27.572951,43_49
-3,NASS USDA,Lawrence,,22,43,50,-1,,,21080.0,15150.4,,12002.0355,13798.2585,14424.215,13471.6725,17771.7215,16819.179,18098.3075,23541.4075,10614.045,13308.3795,4926.0055,13036.2245,17227.4115,4082.325,,,3528.8532,2824.7013,,2828.75514,2840.89572,2792.3334,2428.116,2974.44209999999,3480.2996,3197.0194,4208.7344,2347.1788,2266.2416,1379.97926,3197.0194,2954.2078,1497.3382,,,59.78525000000001,53.6655,,42.43475,48.5552942,51.6488448,55.4821575,59.7189767999999,48.3535409,56.6254262,55.9529152,45.1927392,58.7102102999999,35.7103341,40.6869155,58.1722015,27.572951,43_50
-3,NASS USDA,Lewis,,22,43,51,-1,,,,,,,,,,,,,,,,,,,,,,,,,,,,,,,,,,,,,,,,,,,,,,,,,,,,,,,,,,43_51
-3,NASS USDA,Lincoln,,22,43,52,-1,5168.0,,11886.4,6854.4,12158.4,4953.2210000000005,3510.7995,8845.0375,10205.8125,13063.44,15648.9125,16193.2225,22861.02,12764.0695,17309.058,4136.756,7293.754,,2667.119,1307.13255,,2140.7836500000003,1379.97585,2246.00175,930.7778,951.0121,1881.7899,1982.9614,2589.9904,3277.9566,3237.488,4168.2658,2711.3962,3156.5508,1214.058,2023.43,,1011.715,39.543,,55.5485,49.69775,54.13625,53.19474999999999,36.9208539,47.0085189,51.4470915,50.438325,47.748281,50.0348184,54.8768975999999,47.07577,54.8096465,34.0963077,35.9793385,,26.227929,43_52
-3,NASS USDA,Loudon,,22,43,53,-1,,,,,,,,511.6514,,,,,,1905.085,,,898.1115,1605.7145,1524.068,,,,,,,,174.01498,,,,,,566.5604,,,323.7488,687.9662,647.4976,,,,,,,,29.3887307,,,,,,33.62555,,,27.9092065,23.2016295,23.537885,43_53
-3,NASS USDA,Macon,,22,43,54,-1,,,,,,832.7943,,,,,,,2068.378,,1341.72415,,253.10415,2435.78725,680.3875,,,,,,242.8116,,,,,,,526.0918,,364.2174,,80.9372,485.6232,242.8116,,,,,,34.2975,,,,,,,39.3418935,,36.8536028,,31.2717615,50.1020695,28.245462,43_54
-3,NASS USDA,Madison,,22,43,55,-1,18686.4,,38515.2,26356.8,22521.6,11076.7085,11675.4495,23895.209,18506.54,36468.77,27759.81,39734.63,42456.18,18642.6175,12600.7765,,14914.094,31569.98,8436.805,3451.9630500000003,,6677.302500000001,5260.905000000001,4896.6885,2877.31746,2266.2416,5139.5122,3601.7054,7689.034,6434.50739999999,8417.4688,8336.5316,4451.546,3116.0822,,4006.3914,6555.9132,2913.7392,54.13625,,57.700500000000005,50.10125000000001,45.99900000000001,38.467,51.5143425999999,46.4705100999999,51.3798404,47.4120255,43.1752062,47.2102722,50.9090827,41.8974353,40.4179111,,37.3243605,48.0845365,28.917973,43_55
-3,NASS USDA,Marion,,22,43,56,-1,,,,,,767.4771,,,,,,,2245.27875,,,1015.13815,1279.1285,4613.02725,843.6805,,,,,,182.1087,,,,,,,566.5604,,,392.54542,364.2174,890.3092,445.1546,,,,,,42.16575,,,,,,,39.6108979,,,25.8916735,34.970572,51.783347,18.830308,43_56
-3,NASS USDA,Marshall,,22,43,57,-1,,,,,,,1973.12375,3211.429,2531.0415,3538.015,,6667.7975,6395.6425,,3646.877,1513.1818,,,1905.085,,,,,,,586.7947,764.85654,647.4976,728.4348,,1315.2295,1375.9324,,687.9662,465.3889,,,809.372,,,,,,,33.62555,41.9646864,39.0728891,48.5552942,,50.7073294,46.4705100999999,,52.9938667999999,32.4822813,,,23.537885,43_57
-3,NASS USDA,Maury,,22,43,58,-1,,,1615.6799999999998,,3345.6,,1741.792,1080.45535,1864.26175,2313.3175,3211.429,3538.015,9661.5025,3156.998,6912.737,1466.91545,3333.89875,,1387.9905,,,307.5606,,785.0889000000001,,437.06088,254.95218,404.686,485.6232,728.4348,951.0121,2144.8358,1031.9493,1578.2754,461.34204,1173.5894,,607.029,,,52.5895,,42.6365,,39.8799023,42.368193,46.0670035,47.6137788,44.1167215999999,37.1898583,45.058237,30.5992505,43.7804660999999,31.8097702999999,28.245462,,22.865374,43_58
-3,NASS USDA,McMinn,,22,43,59,-1,,,,,,,,,,2231.671,,,4626.635,1877.8695,,,,,,,,,,,,,,,485.6232,,,1092.6522,445.1546,,,,,,,,,,,,,,,45.9325013,,,42.368193,42.1664397,,,,,,43_59
-3,NASS USDA,McNairy,,22,43,60,-1,,,,,,,,,,,,,,,,,,5089.2985,816.465,,,,,,,,,,,,,,,,,,1294.9952,364.2174,,,,,,,,,,,,,,,,,,39.3418935,22.192863,43_60
-3,NASS USDA,Meigs,,22,43,61,-1,,,,424.32,,,,,,,,,,,,,,,,,,,105.2181,,,,,,,,,,,,,,,,,,,40.35,,,,,,,,,,,,,,,,43_61
-3,NASS USDA,Monroe,,22,43,62,-1,1408.9599999999998,,,1098.88,2401.76,2629.0173,1159.3803,1420.6491,2068.378,1945.90825,1428.81375,2013.947,2163.63225,1755.39975,3102.567,1673.75325,1769.0075,1393.4336,1170.2665,323.748,,,246.85785,526.0905,607.029,275.18648,348.02996,526.0918,396.59228,364.2174,566.5604,566.5604,526.0918,768.9034,546.3261,647.4976,445.1546,404.686,43.578,,,44.5195,45.66275000000001,43.309000000000005,42.0991886,40.8214177,39.3418935,49.093303,39.2073913,35.5758319,38.1986248,33.3565456,40.35066,30.6665016,27.2366955,31.2717615,28.917973,43_62
-3,NASS USDA,Montgomery,,22,43,63,-1,22168.0,,27200.0,22848.0,16972.8,16955.2565,15104.6025,18506.54,15295.111,24221.795,24221.795,22098.986,24221.795,20193.901,18098.3075,6422.858,,,4572.204,4046.85,,4168.2555,4087.3185,3184.87095,3698.83004,2913.7392,4087.3286,3277.9566,4613.4204,5584.6668,5139.5122,6070.29,4572.9518,3965.9228,1525.66622,,,1821.087,54.80875,,65.29975,55.952,53.32925,45.8645,51.8505980999999,45.2599903,46.6722634,52.5231090999999,43.3769595,42.9734529,39.8799023,44.1839727,45.6634969,42.0991886,,,24.882907,43_63
-3,NASS USDA,Moore,,22,43,64,-1,,,,,,,,,,,,,,,,,,,,,,,,,,,,,,,,,,,,,,,,,,,,,,,,,,,,,,,,,,43_64
-3,NASS USDA,Morgan,,22,43,65,-1,,,,,,,,,,,,,,,,,,,,,,,,,,,,,,,,,,,,,,,,,,,,,,,,,,,,,,,,,,43_65
-3,NASS USDA,Obion,,22,43,66,-1,26574.4,,42051.2,39331.2,30328.0,17690.075,21282.521,19567.9445,16329.3,22316.71,,29120.585,47354.97,28168.0425,20466.056,6422.858,14614.7235,51709.45,22180.6325,5220.4365,,8376.9795,7729.4835,6839.1765000000005,5058.575,4937.1692,4532.4832,3237.488,4937.1692,,7567.6282,9631.5268,6070.29,4734.82619999999,2092.22662,5422.7924,14083.0728,7689.034,50.90825000000001,,50.23575,50.90825000000001,44.385000000000005,34.97,43.1079550999999,43.1752062,50.438325,45.1927392,,38.4676292,49.1605540999999,46.403259,43.2424573,30.6665016,26.90044,36.6518495,28.917973,43_66
-3,NASS USDA,Overton,,22,43,67,-1,,,,,,,,,,,,,,,,,,,,,,,,,,,,,,,,,,,,,,,,,,,,,,,,,,,,,,,,,,43_67
-3,NASS USDA,Perry,,22,43,68,-1,,,,,,,,,,,,,,,,,,,,,,,,,,,,,,,,,,,,,,,,,,,,,,,,,,,,,,,,,,43_68
-3,NASS USDA,Pickett,,22,43,69,-1,,,,,,,,,,,,,,,,,,,,,,,,,,,,,,,,,,,,,,,,,,,,,,,,,,,,,,,,,,43_69
-3,NASS USDA,Polk,,22,43,70,-1,,,,,,,,,,,,3755.739,,,,,,1477.80165,1769.0075,,,,,,,,,,,,870.0749,,,,,,607.029,647.4976,,,,,,,,,,,,43.1752062,,,,,,24.210396,27.572951,43_70
-3,NASS USDA,Putnam,,22,43,71,-1,,,,,,,,,,,,,,,,,,,,,,,,,,,,,,,,,,,,,,,,,,,,,,,,,,,,,,,,,,43_71
-3,NASS USDA,Rhea,,22,43,72,-1,,,,,,,,,,,,,,,,,,,625.9565,,,,,,,,,,,,,,,,,,,242.8116,,,,,,,,,,,,,,,,,,,25.555418,43_72
-3,NASS USDA,Roane,,22,43,73,-1,,,,,,,,,,,,,,,,,,,,,,,,,,,,,,,,,,,,,,,,,,,,,,,,,,,,,,,,,,43_73
-3,NASS USDA,Robertson,,22,43,74,-1,62451.2,,92126.4,81164.79999999999,92779.2,64038.0715,62432.357,62486.788,60037.393,63684.27,74842.625,66677.975,78652.795,44306.834,63738.701,33066.8325,48987.9,62595.65,24738.8895,12868.983,,16389.7425,15782.715,16915.833000000002,14447.2902,13354.6379999999,14730.5704,12949.952,12747.609,15175.725,14204.4786,15580.411,12707.1404,12747.609,8296.063,13111.8264,12181.0486,8700.749,48.5545,,56.221,51.446250000000006,54.876,44.31775,46.7395145,42.4354441,46.3360079,49.9675673,49.2950563,46.9412678,50.5055760999999,34.8360698,49.9675673,39.8799023,37.3243605,51.4470915,28.245462,43_74
-3,NASS USDA,Rutherford,,22,43,75,-1,,,,,3291.2,,,3048.136,2367.7485,4354.48,5307.0225,7266.5385,8845.0375,3837.3855,5034.8675,1499.57405,4653.8505,5892.15575,721.21075,,,,,756.76095,,,708.2005,607.029,849.8406,1254.5266,1456.8696,1942.4928,1416.401,1133.1208,517.99808,1335.4638,1294.9952,445.1546,,,,,43.51075000000001,,,43.040704,39.005638,51.2453382,42.3009419,49.9003162,45.5289947,27.1021932999999,44.4529770999999,28.917973,34.970572,45.3944925,16.140264,43_75
-3,NASS USDA,Scott,,22,43,76,-1,,,,,,,,,,,,,,,,,,,,,,,,,,,,,,,,,,,,,,,,,,,,,,,,,,,,,,,,,,43_76
-3,NASS USDA,Sequatchie,,22,43,77,-1,,,,,399.84,,,,,,,,,,,,,870.896,,,,,,101.17125,,,,,,,,,,,,,202.343,,,,,,39.543,,,,,,,,,,,,,43.040704,,43_77
-3,NASS USDA,Sevier,,22,43,78,-1,,,,,,,,,,,,,,,,,,,,,,,,,,,,,,,,,,,,,,,,,,,,,,,,,,,,,,,,,,43_78
-3,NASS USDA,Shelby,,22,43,79,-1,,,,,,,,,,,,,,7674.771,,3619.6615,9498.2095,,7076.03,,,,,,,,,,,,,,1942.4928,,1015.76186,2387.6474,,2630.459,,,,,,,,,,,,,,39.5436468,,35.643083,39.678149,,26.90044,43_79
-3,NASS USDA,Smith,,22,43,80,-1,,,,,,,,,,,3619.6615,3837.3855,3755.739,,,,,3674.0925,1387.9905,,,,,,,,,,,687.9662,728.4348,829.6063,,,,,647.4976,404.686,,,,,,,,,,,52.5903602,52.6576113,45.2599903,,,,,56.8271795,34.298061,43_80
-3,NASS USDA,Stewart,,22,43,81,-1,,,,,1536.8,,,,,,,,,,,,,,,,,,,424.91925,,,,,,,,,,,,,,,,,,,36.1805,,,,,,,,,,,,,,,43_81
-3,NASS USDA,Sullivan,,22,43,82,-1,,,,,,,,,,,,,,,,,,,,,,,,,,,,,,,,,,,,,,,,,,,,,,,,,,,,,,,,,,43_82
-3,NASS USDA,Sumner,,22,43,83,-1,11587.2,,14144.0,16972.8,12784.0,10614.045,9416.563,12083.682,11294.4325,12519.13,10886.2,16383.731,16465.3775,9661.5025,9607.0715,2966.4895,5116.514,10260.2435,4191.187,2472.6253500000003,,2585.93715,3435.77565,3035.1375000000003,2925.87978,2193.39812,2921.83292,2549.5218,2751.8648,2589.9904,3763.5798,3763.5798,2812.5677,1861.5556,813.41886,1375.9324,2023.43,1456.8696,46.873250000000006,,54.74150000000001,49.42875,42.16575,36.24775,42.9062018,41.3594265,44.3184749,45.4617435999999,42.0319375,43.5114617,43.7804660999999,34.3653121,51.5815937,36.4500962,37.3243605,50.7745805,28.917973,43_83
-3,NASS USDA,Tipton,,22,43,84,-1,17707.2,,26166.4,19638.4,13545.6,8246.2965,6477.289,12872.9315,10069.735,,24766.105,31025.67,41911.87,14015.9825,,4490.5575,16655.886,,11430.51,3520.7595,,5260.905000000001,4208.724,3035.1375000000003,2274.33532,1821.087,3277.9566,2670.9276,,5706.07259999999,7486.691,8700.749,3237.488,,1452.82274,4572.9518,,4653.889,50.303,,49.76500000000001,46.6715,44.65400000000001,36.24775,35.5758319,39.2746424,37.7278671,,43.3769595,41.4266776,48.1517875999999,43.3097084,,30.935506,36.315594,,24.882907,43_84
-3,NASS USDA,Trousdale,,22,43,85,-1,,,,,,,,,,,,,,,,,,,870.896,,,,,,,,,,,,,,,,,,,323.7488,,,,,,,,,,,,,,,,,,,26.90044,43_85
-3,NASS USDA,Unicoi,,22,43,86,-1,,,,,,,,,,,,,,,,,,,,,,,,,,,,,,,,,,,,,,,,,,,,,,,,,,,,,,,,,,43_86
-3,NASS USDA,Union,,22,43,87,-1,,,,,,,,,,,,,,,,,,,,,,,,,,,,,,,,,,,,,,,,,,,,,,,,,,,,,,,,,,43_87
-3,NASS USDA,Van Buren,,22,43,88,-1,,,,,,,,,,,,,,,,,,,,,,,,,,,,,,,,,,,,,,,,,,,,,,,,,,,,,,,,,,43_88
-3,NASS USDA,Warren,,22,43,89,-1,2108.0,,2494.24,1068.96,,1075.01225,,,2027.55475,2449.395,1306.344,,4898.79,,3293.0755,715.76765,1047.79675,,653.172,477.5283,,441.10665,267.0921,,287.32706,,,546.3261,526.0918,323.7488,,1335.4638,,809.372,234.71788,364.2174,,364.2174,44.18325,,56.55725,40.01375,,37.391,,,37.1226072,46.5377612,40.35066,,36.6518495,,40.6869155,30.4647482999999,28.917973,,18.157797,43_89
-3,NASS USDA,Washington,,22,43,90,-1,,,,,,,,,,,155.12835,,517.0945,476.27125,326.586,,,,,,,,,,,,,,,40.4686,,141.6401,121.4058,121.4058,,,,,,,,,,,,,,,38.333127,,36.5173473,39.2073913,26.90044,,,,,43_90
-3,NASS USDA,Wayne,,22,43,91,-1,,,,,,,,,,,,,,,,,,,,,,,,,,,,,,,,,,,,,,,,,,,,,,,,,,,,,,,,,,43_91
-3,NASS USDA,Weakley,,22,43,92,-1,35795.2,,64518.4,48688.0,46430.4,24684.4585,36604.8475,39544.1215,40142.8625,40006.785,46647.367,46810.66,81918.655,49205.624,34237.099,13879.905,21364.1675,62595.65,24357.8725,6717.771000000001,,12747.5775,9671.9715,11250.243,7122.4736,8700.749,8862.6234,8903.092,9024.4978,11007.4592,12504.7974,16227.9085999999,10117.15,7972.3142,4046.86,7648.56539999999,16713.5318,8903.092,53.32925,,50.63925,50.370250000000006,41.2915,34.63375,42.0991886,44.5874793,45.058237,44.3184749,42.368193,37.4588627,50.5055760999999,48.6225453,42.9734529,34.298061,27.9092065,37.3243605,27.572951,43_92
-3,NASS USDA,White,,22,43,93,-1,,,2235.84,,,,,,,,,,1415.206,1115.8355,2087.42885,,,,,,,428.9661,,,,,,,,,,404.686,364.2174,566.5604,,,,,,,52.11875,,,,,,,,,,34.970572,30.6665016,36.8536028,,,,,43_93
-3,NASS USDA,Williamson,,22,43,94,-1,,,,,,,,,,,2449.395,,,,,1211.08975,,,762.034,,,,,,,,,,,526.0918,,,,,416.82658,,,283.2802,,,,,,,,,,,46.5377612,,,,,29.0524752,,,26.90044,43_94
-3,NASS USDA,Wilson,,22,43,95,-1,,,,,,,,,,,,762.034,,,405.51095,,503.48675,,489.879,,,,,,,,,,,,222.5773,,,121.4058,,161.8744,,242.8116,,,,,,,,,,,,34.2308099,,,33.4237967,,31.2717615,,20.17533,43_95
-2,NASS USDA,Texas,,22,44,-1,-1,2314720.0,2192320.0,2113440.0,1060800.0,2012800.0,1673753.25,1896920.35,1524068.0,1854736.325,2438508.8,2898450.75,1837046.25,1854736.325,2604523.35,1292736.25,3367918.125,1666949.375,2694334.5,3826499.3,930775.5,1052181.0,849838.5,526090.5,809370.0,829606.2999999999,829606.299999999,708200.5,951012.1,1133120.8,1436635.3,910543.5,951012.1,1173589.4,768903.4,1517572.5,991480.7,1335463.8,1537806.8,24.882500000000004,20.8475,24.882500000000004,20.175,24.882500000000004,20.175,22.865374,21.520352,19.502819,21.520352,20.17533,20.17533,19.502819,22.192863,16.812775,22.192863,16.812775,20.17533,24.882907,44_-1
-3,NASS USDA,Anderson,,22,44,1,-1,,,,,,,,,,,,,,,,,,,,,,,,,,,,,,,,,,,,,,,,,,,,,,,,,,,,,,,,,,44_1
-3,NASS USDA,Andrews,,22,44,2,-1,,,,,,,,,,,,,,,,,,,,,,,,,,,,,,,,,,,,,,,,,,,,,,,,,,,,,,,,,,44_2
-3,NASS USDA,Angelina,,22,44,3,-1,,,,,,,,,,,,,,,,,,,,,,,,,,,,,,,,,,,,,,,,,,,,,,,,,,,,,,,,,,44_3
-3,NASS USDA,Aransas,,22,44,4,-1,,,,,,,,,,,,,,,,,,,,,,,,,,,,,,,,,,,,,,,,,,,,,,,,,,,,,,,,,,44_4
-3,NASS USDA,Archer,,22,44,5,-1,14688.0,,20644.8,,16891.2,13063.44,10695.6915,22262.279,11811.527,11022.2775,9715.9335,10668.476,13104.26325,23446.15325,4811.7004,22262.279,7076.03,40278.94,27895.8875,10117.125,,8903.07,,7567.6095,12059.6428,5665.604,11331.208,9914.80699999999,6353.5702,6717.7876,12140.58,8903.092,9502.02728,6029.8214,12464.3288,9105.435,22095.8556,13516.5124,14.526000000000002,,23.20125,,22.327000000000005,10.82725,18.8975591,19.6373212,11.9034447,17.3507838,14.4589865,8.8098941,14.7279908999999,24.6811537,8.0028809,17.8887926,7.7338765,18.157797,20.847841,44_5
-3,NASS USDA,Armstrong,,22,44,6,-1,38732.8,,11995.2,4977.599999999999,27771.2,16710.317,37203.5885,7021.599,26276.56525,30753.515,32849.1085,7402.616,2422.1795,13321.98725,11245.4446,52036.036,14753.52255,15077.387,53614.535,16187.4,,8296.0425,3771.6642,14447.2545,10521.836,16146.9714,5422.7924,13030.8892,17684.7782,19343.9908,7972.3142,4208.7344,11938.237,10481.3674,21691.1696,12828.5461999999,14609.1646,19384.4594,23.941000000000003,,14.45875,13.181000000000004,19.2335,15.871,23.0671272999999,12.9794623,20.17533,17.4180349,17.0145283,9.2806518,5.7835946,11.1636826,10.760176,24.0086427,11.432687,10.4239205,27.572951,44_6
-3,NASS USDA,Atascosa,,22,44,7,-1,,,,750.7199999999999,,,,,391.9032,,1692.8041,,,900.83305,,1809.83075,,571.5255,571.5255,,,,198.29565,,,,,178.06184,,1052.1836,,,364.2174,,971.2464,,526.0918,404.686,,,,37.86175,,,,,21.9911097,,16.0730129,,,24.7484047999999,,18.6285547,,10.760176,14.122731,44_7
-3,NASS USDA,Austin,,22,44,8,-1,,,,,,,,,,,,,,,,,,,,,,,,,,,,,,,,,,,,,,,,,,,,,,,,,,,,,,,,,,44_8
-3,NASS USDA,Bailey,,22,44,9,-1,,,,,,,5524.7465,,9797.58,10668.476,13253.9485,4027.894,,4131.3129,,32277.583,6305.83135,,29964.2655,,,,,,,2387.6474,,4006.3914,6474.976,7810.4398,2792.3334,,1942.4928,,18129.9328,4168.2658,,13273.7008,,,,,,,23.1343784,,24.4794004,16.4765195,16.9472772,14.3917353999999,,21.2513476,,17.8215415,15.1314975,,22.865374,44_9
-3,NASS USDA,Bandera,,22,44,10,-1,,,,,,,,,,,,,,,,,,,,,,,,,,,,,,,,,,,,,,,,,,,,,,,,,,,,,,,,,,44_10
-3,NASS USDA,Bastrop,,22,44,11,-1,,,,,,,,,,,,,,,,,,,,,,,,,,,,,,,,,,,,,,,,,,,,,,,,,,,,,,,,,,44_11
-3,NASS USDA,Baylor,,22,44,12,-1,,,52332.8,9792.0,37427.2,46484.074,20983.1505,26290.173,24357.8725,38346.6395,,22969.882,27079.4225,57451.9205,8123.82675,48391.88055,7144.06875,64473.5195,46239.1345,,,21326.8995,6555.897,19141.6005,23916.9426,14123.5414,14325.8843999999,18089.4642,25859.4354,,20760.3918,19627.271,33103.3148,10724.179,26628.3387999999,9267.3094,41601.7207999999,25414.2808,,,24.54625,14.9295,19.569750000000003,19.43525,14.8624931,18.3595503,13.45022,14.8624931,,11.0964315,13.7864755,17.3507838,7.5993743,18.157797,7.7338765,15.467753,18.157797,44_12
-3,NASS USDA,Bee,,22,44,13,-1,,,,,,,,,,,,,,,,,,326.586,,,,,,,,,,,,,,,,,,,242.8116,,,,,,,,,,,,,,,,,,,13.45022,,44_13
-3,NASS USDA,Bell,,22,44,14,-1,6283.2,,13899.2,7099.2,16129.6,14587.508,18778.695,12655.2075,9334.9165,3810.17,38877.34175,30944.0235,34182.668,36335.41405,12872.9315,12203.4302,10614.045,24766.105,14995.7405,2011.28445,,4937.157,4289.661,4896.6885,5301.3866,5827.4784,3925.4542,4330.1402,2185.3044,13030.8892,8822.1548,11250.2708,10975.08432,7365.2852,3682.6426,5948.88419999999,8174.6572,6029.8214,31.27125,,28.177750000000003,16.5435,32.9525,27.50525,32.2132769,32.2132769,21.5876031,17.4180349,29.8594883999999,35.1050742,30.3974972,33.0875412,17.485286,33.1547923,17.8215415,30.262995,24.882907,44_14
-3,NASS USDA,Bexar,,22,44,15,-1,,,277.44,666.4,,1167.54495,3088.95925,,2199.0124,2476.6105,3469.97625,5824.117,3361.11425,8736.1755,2046.6056,2449.395,1219.2544,1496.8525,3646.877,,,198.29565,388.4976,,586.7947,1011.715,,1153.3551,991.4807,1812.99328,2751.8648,1659.2126,2792.3334,1497.3382,930.7778,485.6232,890.3092,1699.6812,,,13.988,17.14875,,19.906,30.5319993999999,,19.0993124,24.9501581,19.1665635,21.1840965,20.2425811,31.2717615,13.6519733,26.2951801,25.2191625,16.812775,21.520352,44_15
-3,NASS USDA,Blanco,,22,44,16,-1,,,,,,,,,,,,,,,,,,,,,,,,,,,,,,,,,,,,,,,,,,,,,,,,,,,,,,,,,,44_16
-3,NASS USDA,Borden,,22,44,17,-1,,,,,,,,,,,,,,,,4844.359,2313.3175,,,,,,,,,,,,,,,,,,2347.1788,1699.6812,,,,,,,,,,,,,,,,,,20.6460877,13.45022,,,44_17
-3,NASS USDA,Bosque,,22,44,18,-1,2801.6,,,2189.6,4678.4,,789.2495,2748.7655,1632.93,1360.775,2209.8986,2585.4725,1061.4045,,2473.88895,2367.7485,,1687.361,,930.7755,,,841.7448,1351.6479000000002,,404.686,1214.058,890.3092,728.4348,1436.6353,1416.401,566.5604,,1254.5266,1214.058,,768.9034,,30.128,,,26.02575,34.63375,,19.502819,22.6636207,18.3595503,18.6958058,15.4005018999999,18.2250481,18.7630569,,19.7045723,19.502819,,21.8566075,,44_18
-3,NASS USDA,Bowie,,22,44,19,-1,,,,,,,,,,,1554.00505,,,7960.53375,3374.722,,,13498.888,,,,,,,,,,,,890.3092,,,2347.1788,1052.1836,,,3318.4252,,,,,,,,,,,,17.485286,,,33.8945544,32.0787747,,,40.6869155,,44_19
-3,NASS USDA,Brazoria,,22,44,20,-1,,,,,,,,,,,,,,,,,,,,,,,,,,,,,,,,,,,,,,,,,,,,,,,,,,,,,,,,,,44_20
-3,NASS USDA,Brazos,,22,44,21,-1,,,,,,,,,,,,,,,,,,,,,,,,,,,,,,,,,,,,,,,,,,,,,,,,,,,,,,,,,,44_21
-3,NASS USDA,Brewster,,22,44,22,-1,,,,,,,,,,,,,,,,,,,,,,,,,,,,,,,,,,,,,,,,,,,,,,,,,,,,,,,,,,44_22
-3,NASS USDA,Briscoe,,22,44,23,-1,,,,,,5932.979,11430.51,4762.7125,13172.302,10096.9505,15975.4985,,1004.25195,3252.25225,1409.7629,21690.7535,5293.41475,14043.198,25528.139,,,,,,5382.3238,9388.7152,4977.63779999999,8660.2804,9348.2466,13354.6379999999,,1335.4638,3520.7682,1254.5266,11533.551,4937.1692,9429.18379999999,11614.4882,,,,,,11.028999999999998,12.1724491,9.5496562,15.1987486,10.8274271,11.9706958,,7.53212319999999,9.2134007,11.2309337,18.830308,10.760176,14.795242,22.192863,44_23
-3,NASS USDA,Brooks,,22,44,24,-1,,,,,,,,,,,,,,,,,,,,,,,,,,,,,,,,,,,,,,,,,,,,,,,,,,,,,,,,,,44_24
-3,NASS USDA,Brown,,22,44,25,-1,,,2409.92,952.0,1944.8,1798.94455,2857.6275,,1251.913,816.465,2449.395,1034.189,979.758,3102.567,,2694.3345,,2122.809,1006.9735,,,1112.88375,1003.6188,1007.66565,805.32514,1092.6522,,1092.6522,930.7778,1699.6812,1133.1208,1294.9952,1294.9952,,1740.1498,,1416.401,890.3092,,,21.6545,9.48225,19.30075,22.327,26.1606779,,11.432687,8.742643,14.3917353999999,9.1461496,7.5993743,23.9413916,,15.467753,,15.1314975,11.432687,44_25
-3,NASS USDA,Burleson,,22,44,26,-1,,,,,,,,,,,,,,,,,,2394.964,,,,,,,,,,,,,,,,,,,526.0918,,,,,,,,,,,,,,,,,,,45.3944925,,44_26
-3,NASS USDA,Burnet,,22,44,27,-1,,,,,,,,,,,,,,,,,,,,,,,,,,,,,,,,,,,,,,,,,,,,,,,,,,,,,,,,,,44_27
-3,NASS USDA,Caldwell,,22,44,28,-1,,,,,,,,,,1061.4045,,,816.465,,957.9856,1687.361,,598.741,,,,,,,,,,,526.0918,,,687.9662,,647.4976,647.4976,,283.2802,,,,,,,,,,,20.17533,,,11.8361936,,14.795242,26.0934267999999,0.0,21.1840965,,44_28
-3,NASS USDA,Calhoun,,22,44,29,-1,,,,,,,,,,,,,,,,,,,,,,,,,,,,,,,,,,,,,,,,,,,,,,,,,,,,,,,,,,44_29
-3,NASS USDA,Callahan,,22,44,30,-1,9792.0,,,3427.2,4488.0,8083.0035,3755.739,7511.478,5279.807,6939.9525,8621.8704,2041.1625,6695.013,7612.17535,2155.4676,14206.491,1578.499,8708.96,8817.822,4087.3185,,,2076.03405,2132.68995,2982.53582,2023.43,3763.5798,3480.2996,3197.0194,5099.0436,2630.459,7284.348,4034.71942,2144.8358,7041.5364,1780.6184,5989.3528,5948.88419999999,23.941000000000003,,,16.5435,21.04925,27.10175,18.5613036,19.9735767,15.1987486,21.7221052999999,16.8800261,7.7338765,9.2134007,18.8975591,10.0204139,20.17533,8.742643,14.4589865,14.795242,44_30
-3,NASS USDA,Cameron,,22,44,31,-1,,,,,,,,,,,,,,,,,,,,,,,,,,,,,,,,,,,,,,,,,,,,,,,,,,,,,,,,,,44_31
-3,NASS USDA,Camp,,22,44,32,-1,,,,,,,,,,,,,,,,,,,,,,,,,,,,,,,,,,,,,,,,,,,,,,,,,,,,,,,,,,44_32
-3,NASS USDA,Carson,,22,44,33,-1,85299.2,,63756.8,9492.8,73140.8,34618.116,50484.7525,20819.8575,39135.889,45912.5485,64881.752,23677.485,21500.245,63058.3135,25609.7855,88205.4355,44606.2045,29175.016,107936.673,24483.4425,,20800.809,5867.9325,24078.7575,17806.184,21974.4498,15499.4738,18736.9618,25657.0923999999,33386.595,14528.2274,17968.0583999999,31525.0393999999,20477.1116,33184.252,28004.2712,23107.5706,35248.1506,34.8355,,30.666000000000004,16.207250000000002,30.397,19.43525,22.9998762,13.45022,20.9150921,17.8887926,19.4355679,16.2747662,11.9706958,19.9735767,12.5087046,26.5641845,15.8040085,12.777709,30.935506,44_33
-3,NASS USDA,Cass,,22,44,34,-1,,,,,,,,,,,,,,,,,,,,,,,,,,,,,,,,,,,,,,,,,,,,,,,,,,,,,,,,,,44_34
-3,NASS USDA,Castro,,22,44,35,-1,,,,,60248.0,16274.869,,54975.31,,,68256.474,,,,30699.084,111202.533,84694.636,76883.7875,121190.6215,,,,,21043.620000000003,8093.72,,21448.358,,,30553.7929999999,,,,17644.3096,46417.4842,25576.1552,25009.5948,40023.4454,,,,,28.6485,20.10775,,25.6226691,,,22.3273652,,,,17.4180349,23.9413916,32.953039,30.5992505,30.262995,44_35
-3,NASS USDA,Chambers,,22,44,36,-1,,,,,,,,,,,,,,,,,,,,,,,,,,,,,,,,,,,,,,,,,,,,,,,,,,,,,,,,,,44_36
-3,NASS USDA,Cherokee,,22,44,37,-1,,,,,,,,,,,,,,,,,,,,,,,,,,,,,,,,,,,,,,,,,,,,,,,,,,,,,,,,,,44_37
-3,NASS USDA,Childress,,22,44,38,-1,,,,3209.6,9275.2,8409.5895,13090.6555,1496.8525,,12192.544,9579.856,4504.16525,,24112.933,5927.5359,36223.8305,25500.9235,18152.7385,25718.6475,,,,2420.0163,6394.023,6879.662,7850.9084,1740.1498,,8093.72,11047.9278,7001.0678,,15418.5366,6839.1934,18656.0246,15459.0052,10886.0533999999,12342.9229999999,,,,13.248250000000002,14.526000000000002,12.2395,16.6782728,8.6081408,,15.0642463999999,8.6753919,6.4561056,,15.6695063,8.6753919,19.4355679,16.4765195,16.812775,20.847841,44_38
-3,NASS USDA,Clay,,22,44,39,-1,,,26411.2,15368.0,11859.2,9715.9335,8300.7275,17118.5495,10695.6915,9661.5025,18506.54,10929.7448,17336.2735,24412.3035,8953.8995,24085.7175,2095.5935,25201.553,12056.4665,,,8579.322,10117.125,5260.905000000001,6515.4446,4856.232,8498.40599999999,7486.691,6474.976,10926.5219999999,6920.13059999999,10521.836,9712.464,8862.6234,12383.3915999999,3197.0194,11533.551,8538.8746,,,30.8005,15.1985,22.52875,14.9295,17.0817794,20.17533,14.2572331999999,14.9297441999999,16.9472772,15.8040085,16.4765195,25.1519114,10.087665,19.4355679,6.3888545,21.8566075,14.122731,44_39
-3,NASS USDA,Cochran,,22,44,40,-1,,,,,,,587.8548,,748.42625,1959.516,4300.049,,,,,9579.856,5486.6448,,7647.5555,,,,,,,283.2802,,890.3092,1375.9324,2589.9904,,,,,4977.63779999999,3561.2368,,3804.0484,,,,,,,20.7805899,,8.4063875,14.2572331999999,16.6110217,,,,,19.2338146,15.467753,,20.17533,44_40
-3,NASS USDA,Coke,,22,44,41,-1,,,,,,4300.049,4158.5284,1170.2665,1442.4215,4136.756,5660.824,2612.688,2177.24,2204.4555,,3810.17,,1115.8355,3619.6615,,,,,,2193.39812,1821.087,1092.6522,1335.4638,2670.9276,3561.2368,2549.5218,1699.6812,1638.9783,,2387.6474,,1497.3382,2306.7102,,,,,,19.637,22.865374,10.6929249,10.8274271,15.467753,15.8712596,10.2221672,12.777709,13.45022,,15.9385106999999,,7.397621,15.467753,44_41
-3,NASS USDA,Coleman,,22,44,42,-1,,,,,7099.2,13145.0865,12927.3625,11702.665,8899.4685,13961.5515,17281.8425,11049.493,12246.975,20955.935,4093.2112,18914.7725,4452.4558,15376.7575,10913.4155,,,,,4896.6885,6758.2562,8498.40599999999,8498.40599999999,7769.9712,9307.778,11533.551,12444.0945,8903.092,10521.836,5058.575,12221.5172,5220.44939999999,12100.1114,9024.4978,,,,,14.526000000000002,19.43525,15.1987486,13.7864755,11.432687,14.9969953,14.9969953,8.8771452,13.7864755,19.9063256,8.070132,15.467753,8.4063875,12.777709,12.105198,44_42
-3,NASS USDA,Collin,,22,44,43,-1,,,8404.8,28696.0,33564.8,7021.599,,34019.375,17962.23,12655.2075,36768.1405,63711.4855,61098.7975,68528.629,54294.9225,,13335.595,44279.6185,27188.2845,,,2383.59465,7567.6095,8296.0425,2233.86672,,9307.778,7405.75379999999,3844.517,12949.952,14973.382,12990.4206,15782.7539999999,16146.9714,,7082.005,12747.609,13030.8892,,,35.30625,37.929,40.48450000000001,31.40575,,36.5173473,24.2776471,32.8857879,28.3799642,42.5699463,47.0085189,43.4442105999999,33.62555,,18.830308,34.6343165,20.847841,44_43
-3,NASS USDA,Collingsworth,,22,44,44,-1,42568.0,,,,6092.799999999999,2378.6347,5225.376,2150.0245,,6395.6425,7007.99125,3497.19175,,5775.1291,1711.85495,10069.735,17417.92,15648.9125,14478.646,13273.668,,,,3302.2296,1375.9324,2509.0532,1052.1836,,5989.3528,2913.7392,2913.7392,,2589.9904,1335.4638,6191.69579999999,10886.0533999999,11574.0196,7446.2224,32.078250000000004,,,,18.49375,17.28325,20.847841,20.4443344,,10.6929249,24.0758937999999,11.9706958,,22.3273652,12.8449601,16.2747662,16.140264,13.45022,19.502819,44_44
-3,NASS USDA,Colorado,,22,44,45,-1,,,,,,,,,,,,,1769.0075,2517.43375,,,,,,,,,,,,,,,,,,687.9662,1537.8068,,,,,,,,,,,,,,,,,,25.6899202,16.3420173,,,,,,44_45
-3,NASS USDA,Comal,,22,44,46,-1,,,,,,,,,,,,,,,185.0654,,,,,,,,,,,,,,,,,,,161.8744,,,,,,,,,,,,,,,,,,,11.432687,,,,,44_46
-3,NASS USDA,Comanche,,22,44,47,-1,,,,2937.6,,,,,,,576.9686,,1319.95175,1096.78465,,421.84025,,,,,,,,,,,,,,283.2802,,607.029,445.1546,,242.8116,,,,,,,29.052000000000003,,,,,,,20.3770833,,21.7221052999999,24.6139026,,17.3507838,,,,44_47
-3,NASS USDA,Concho,,22,44,48,-1,10227.2,,28859.2,1710.88,9275.2,18914.7725,31379.4715,17336.2735,20847.073,33284.5565,34876.66325,21119.228,23813.5625,24115.65455,2435.78725,47001.1685,4555.8747,17880.5835,17853.368,5786.9955,,14083.038,1011.7125,2938.0131,10076.6814,14123.5414,10238.5558,10764.6476,15499.4738,19283.2879,12423.8602,13799.7925999999,11614.4882,1375.9324,21407.8894,2913.7392,14204.4786,13516.5124,17.686750000000004,,20.511250000000004,8.809750000000001,31.6075,18.76275,22.192863,16.9472772,19.3683168,21.4531009,18.0905459,17.0145283,17.2835327,20.7805899,17.6870393,21.9238586,15.8040085,12.4414535,13.45022,44_48
-3,NASS USDA,Cooke,,22,44,49,-1,14878.4,,15068.8,16646.399999999998,17435.2,8736.1755,15104.6025,19323.005,10069.735,8981.115,9560.80515,19595.16,28276.9045,32576.9535,12551.7886,15676.128,7348.185,20547.7025,10641.2605,3965.913,,3925.4445,1942.488,5220.4365,3415.54984,4856.232,7284.348,5220.44939999999,4127.7972,5309.48032,6879.662,9348.2466,8498.40599999999,6636.8504,6394.0388,4734.82619999999,7082.005,3682.6426,37.5255,,38.39975,28.783,33.42325,25.555,31.1372592999999,26.4969333999999,19.3010657,21.7893564,18.0232948,28.5144663999999,30.262995,38.333127,18.8975591,24.5466515,15.467753,28.917973,28.917973,44_49
-3,NASS USDA,Coryell,,22,44,50,-1,3264.0,,12865.6,4243.2,9057.6,7538.6935,5851.3325,10886.2,3129.7825,1224.6975,11076.7085,10222.1418,9933.6575,17499.5665,4174.8577,5633.6085,2359.58385,9062.7615,6286.7805,1396.16325,,3354.83865,5786.9955,3601.6965,2897.55176,2832.802,3763.5798,2589.9904,809.372,6070.29,4492.01459999999,5867.947,5827.4784,2589.9904,2266.2416,2792.3334,3561.2368,3075.6136,23.403,,38.39975,16.0055,25.1515,26.02575,20.6460877,28.917973,12.105198,15.1314975,18.2250481,22.7308717999999,16.9472772,30.0612417,16.140264,24.882907,8.4063875,25.555418,20.17533,44_50
-3,NASS USDA,Cottle,,22,44,51,-1,,,,,5984.0,1700.96875,2639.9035,,,,1877.8695,1034.189,7348.185,1464.1939,1148.4941,10396.321,3225.03675,,9171.6235,,,,2654.7336,3002.7627,1780.6184,2063.8986,,,,1659.2126,1691.58748,8822.1548,1335.4638,1537.8068,5341.8552,3723.1112,,5260.918,,,,,19.906,9.5495,12.777709,,,,11.2981848,6.1198501,8.3391364,10.9619293,7.46487209999999,19.4355679,8.742643,,17.485286,44_51
-3,NASS USDA,Crane,,22,44,52,-1,,,,,,,,,,,,,,,,,,,,,,,,,,,,,,,,,,,,,,,,,,,,14.257,,,,,,,,,,,,,,44_52
-3,NASS USDA,Crockett,,22,44,53,-1,,,,,,,,,,,,,,,,,,,,,,,,,,,,,,,,,,,,,,,,,,,,,,,,,,,,,,,,,,44_53
-3,NASS USDA,Crosby,,22,44,54,-1,,,,,6500.799999999999,4490.5575,2895.7292,,1687.361,4289.1628,,,868.17445,3426.43145,688.55215,11386.9652,3448.20385,7239.323,16683.1015,,,,,3605.74335,3156.5508,1982.9614,,1497.3382,3804.0484,,,809.372,3116.0822,566.5604,5018.1064,3763.5798,5463.26099999999,7365.2852,,,,,18.023000000000003,,14.5934886999999,,11.2981848,11.2981848,,,10.760176,11.0291803999999,12.1724491,22.6636207,9.0788985,13.1139645,22.865374,44_54
-3,NASS USDA,Culberson,,22,44,55,-1,,,,,,,,,,,,,,,,,,,,,,,,,,,,,,,,,,,,,,,,,,,,,,,,,,,,,,,,,,44_55
-3,NASS USDA,Dallam,,22,44,56,-1,61064.0,,21923.2,32014.4,57120.0,25745.863,51437.295,52253.76,98247.955,103718.2705,109732.896,74162.2375,24956.6135,55193.034,56934.826,97785.2915,92804.855,98193.524,139016.774,16673.022,,9186.3495,11735.865,16470.679500000002,10157.6186,16673.0632,16187.44,25333.3436,31120.3534,33872.2181999999,20396.1744,14204.4786,21488.8266,22460.073,35167.2134,38080.9526,37919.0781999999,41318.4406,36.651250000000005,,23.87375,27.3035,34.70100000000001,25.353250000000003,30.8682548999999,32.280528,38.8038847,33.3565456,32.4150302,36.3828451,17.5525371,25.6899202,25.3536647,27.7747042999999,24.210396,25.8916735,33.62555,44_56
-3,NASS USDA,Dallas,,22,44,57,-1,,,,,,,,,,,4055.1095,,,9416.563,,,3810.17,7021.599,4136.756,,,,,,,,,,,1618.744,,,2913.7392,,,2023.43,2063.8986,1537.8068,,,,,,,,,,,25.0846602999999,,,32.3477791,,,18.830308,33.9618055,26.90044,44_57
-3,NASS USDA,Dawson,,22,44,58,-1,,,,,4624.0,,6504.5045,3728.5235,8845.0375,,,,22126.2015,,,11435.9531,12029.251,9362.132,7919.7105,,,,,1189.7739,,2306.7102,1902.0242,2670.9276,,,,7648.56539999999,,,3642.174,4815.7634,2954.2078,2913.7392,,,,,38.8705,,28.1782108999999,19.5700701,33.0875412,,,,28.917973,,,31.4062637,24.882907,31.608017,26.90044,44_58
-3,NASS USDA,Deaf Smith,,22,44,59,-1,117014.4,,56548.8,20372.8,61744.0,81510.4225,122469.75,35189.6415,71059.6705,168001.2815,192821.8175,39707.4145,20085.039,32930.755,31216.1785,127885.6345,55791.775,58676.618,215492.329,44070.196500000005,,22379.0805,12181.0185,24362.037,40994.6918,45203.4262,27518.648,37433.455,61350.3976,79116.113,14164.01,17806.184,13759.324,24604.9088,61552.7406,37676.2666,32577.2229999999,77659.2433999999,26.56375,,25.286000000000005,16.74525,25.353250000000003,19.906,27.1021932999999,12.777709,18.9648102,27.3711977,24.3448982,28.0437087,11.2981848,23.9413916,12.7104578999999,20.7805899,14.795242,18.157797,27.572951,44_59
-3,NASS USDA,Delta,,22,44,60,-1,,,5195.2,10363.2,14552.0,,4626.635,8708.96,9253.27,,13417.2415,17690.075,23269.2525,14941.3095,14233.7065,6259.565,6803.875,12546.3455,13145.0865,,,1420.44435,2877.31035,3674.5398,,1618.744,2428.116,2347.1788,,4249.20299999999,3642.174,4613.4204,3480.2996,4411.0774,1659.2126,3399.3624,4168.2658,4249.20299999999,,,36.584,36.04600000000001,39.61025,,28.5817175,35.8448363,39.4091446,,31.608017,48.5552942,50.438325,42.9062018,32.280528,37.7278671,20.17533,30.262995,30.935506,44_60
-3,NASS USDA,Denton,,22,44,61,-1,14497.6,,11016.0,20182.4,21297.6,8273.512,16465.3775,26262.9575,16873.61,8164.65,15240.68,34835.84,35856.42125,15512.835,14993.01895,12355.837,4898.79,17390.7045,10831.769,5989.338000000001,,3561.228,8053.231500000001,7122.456,4330.1402,6879.662,9914.80699999999,9348.2466,4330.1402,11331.208,13759.324,12990.4206,7689.034,10400.4301999999,6798.7248,4613.4204,9186.3722,7001.0678,24.21,,30.935,25.08425,29.926250000000003,19.099,23.9413916,26.4969333999999,18.0232948,18.830308,13.45022,25.2864136,27.572951,20.17533,14.3917353999999,18.157797,10.760176,18.830308,15.467753,44_61
-3,NASS USDA,Dewitt,,22,44,62,-1,,,,,,,,,,,,,,,,,,,,,,,,,,,,,,,,,,,,,,,,,,,,,,,,,,,,,,,,,,44_62
-3,NASS USDA,Dickens,,22,44,63,-1,1702.7199999999998,,,,,,1524.068,,1578.499,,3723.0804,394.62475,,,503.48675,3184.2135,2884.843,979.758,5334.238,1392.1164,,,,,,890.3092,,1416.401,,2156.97638,526.0918,,,768.9034,2104.3672,2589.9904,1092.6522,3399.3624,12.2395,,,,,,17.1490305,,11.1636826,,17.2835327,7.53212319999999,,,6.52335669999999,15.1314975,11.0964315,9.0788985,15.467753,44_63
-3,NASS USDA,Dimmit,,22,44,64,-1,,,,,,,,,,,,,,,,,,,,,,,,,,,,,,,,,,,,,,,,,,,,,,,,,,,,,,,0.0,,,44_64
-3,NASS USDA,Donley,,22,44,65,-1,,,,,,,,,2435.78725,2803.1965,1730.9058,1578.499,3674.0925,1366.2181,359.2446,5347.84575,,6395.6425,9525.425,,,,,,,,,1173.5894,1659.2126,1675.40004,2023.43,1902.0242,930.7778,242.8116,3075.6136,,3763.5798,3925.4542,,,,,,,,,20.7805899,16.8800261,10.3566694,7.80112759999999,19.3010657,14.6607398,14.795242,17.4180349,,17.1490305,24.210396,44_65
-3,NASS USDA,Duval,,22,44,66,-1,,,,,,,,,,,,,,,,,,,,,,,,,,,,,,,,,,,,,,,,,,,,,,,,,,,,,,,,,,44_66
-3,NASS USDA,Eastland,,22,44,67,-1,,,,,,,,,,,530.70225,244.9395,381.017,440.8911,250.3826,674.9444,,1143.051,816.465,,,,,,,,,,,526.0918,404.686,202.343,364.2174,323.7488,283.2802,,566.5604,485.6232,,,,,,,,,,,10.087665,6.052599,18.830308,12.105198,7.7338765,23.8068894,,20.17533,16.812775,44_67
-3,NASS USDA,Ector,,22,44,68,-1,,,,,,,,,,,,,,,,,,,,,,,,,,,,,,,,,,,,,,,,,,,,,,,,,,,,,,,,,,44_68
-3,NASS USDA,Edwards,,22,44,69,-1,,,,,,,,,,,,,,,,,,,,,,,,,,,,,,,,,,,,,,,,,,,,,,,,,,,,,,,,,,44_69
-3,NASS USDA,El Paso,,22,44,70,-1,,,,,,,,,,,,,,,,,2623.5742,,,,,,,,,,,,,,,,,,,687.9662,,,,,,,,,,,,,,,,,,,37.9968715,,,44_70
-3,NASS USDA,Ellis,,22,44,71,-1,13817.6,,15286.4,15313.6,29756.8,30318.067,12383.0525,22588.865,12655.2075,10750.1225,35788.3825,46320.781,52689.208,58867.1265,31433.9025,17896.9128,21772.4,33012.4015,20384.4095,4046.85,,4572.940500000001,5503.716,8417.448,8377.0002,4046.86,6151.2272,4653.889,4289.6716,13556.981,12545.266,15782.7539999999,16187.44,12302.4544,5908.4156,11857.2997999999,10319.493,8417.4688,34.163000000000004,,33.42325,27.8415,35.37350000000001,36.1805,30.5992505,36.7191006,27.1694443999999,25.0846602999999,26.4296822999999,36.9208539,33.3565456,36.3828451,25.555418,30.262995,18.4940525,31.9442725,24.210396,44_71
-3,NASS USDA,Erath,,22,44,72,-1,,,,,,,,,,,,,,,,,,,489.879,,,,,,,,,,,,,,,,,,,323.7488,,,,,,,,,,,,,,,,,,,15.467753,44_72
-3,NASS USDA,Falls,,22,44,73,-1,7017.599999999999,,13355.2,9683.2,16048.0,12872.9315,17058.6754,18316.0315,11784.3115,,34863.0555,32182.32875,,32386.445,19867.315,8061.2311,13743.8275,17635.644,9661.5025,2476.6722,,4249.1925,4046.85,4896.6885,4532.4832,4532.4832,4734.82619999999,6636.8504,,11371.6765999999,8660.2804,,11331.208,7769.9712,2630.459,6758.2562,5948.88419999999,3884.9856,28.3795,,31.473,23.941000000000003,32.818,28.3795,37.660616,38.6693825,17.7542904,,30.6665016,37.1898583,,28.5817175,25.555418,30.6665016,20.17533,29.590484,24.882907,44_73
-3,NASS USDA,Fannin,,22,44,74,-1,,,7099.2,38297.6,24643.2,15050.1715,10224.86335,28358.551,31978.2125,15104.6025,33801.651,62304.44415,70488.145,40880.40255,29360.0814,4738.21855,20302.763,33720.0045,19649.591,,,2225.7675,9510.0975,6879.645,4613.4204,3277.9566,8943.56059999999,11735.894,6474.976,12585.7346,15823.2226,16673.0632,10076.6814,10643.2418,2023.43,10724.179,10319.493,9388.7152,,,31.943750000000005,40.28275,35.84425,32.61625,31.2045103999999,31.6752681,27.2366955,23.3361317,26.8331888999999,39.3418935,42.3009419,40.5524133,27.572951,23.4033827999999,18.830308,32.6167835,20.847841,44_74
-3,NASS USDA,Fayette,,22,44,75,-1,,,,,,,,,,,,,,,,,,,,,,,,,,,,,,,,,,,,,,,,,,,,,,,,,,,,,,,,,,44_75
-3,NASS USDA,Fisher,,22,44,76,-1,,,,,6283.2,14505.8615,9560.80515,2422.1795,,,,,4387.1386,,1469.637,14554.8494,2737.8793,7838.064,25990.8025,,,,,3804.039,8457.937399999999,5301.3866,2063.8986,,,,,3561.2368,,2549.5218,7891.37699999999,1861.5556,7041.5364,13799.7925999999,,,,,16.5435,17.14875,18.0232948,11.7689425,,,,,12.3069513,,5.7835946,18.4268014,14.795242,11.0964315,18.830308,44_76
-3,NASS USDA,Floyd,,22,44,77,-1,36448.0,,38052.8,,29348.8,38700.441,40061.216,14015.9825,31216.1785,41639.715,62241.8485,5796.9015,,10205.8125,5456.70775,69263.4475,22861.02,36196.615,81564.8535,16794.4275,,25495.155,,19586.754,22986.1648,24969.1262,12140.58,24200.2228,25090.532,30351.45,5058.575,,8296.063,5706.07259999999,33508.0008,21084.1406,26830.6818,33265.1892,21.72175,,14.9295,,14.99675,16.8125,16.0730129,11.5671892,12.9122112,16.6110217,20.5115855,11.432687,,12.3069513,9.5496562,20.6460877,10.760176,13.45022,24.210396,44_77
-3,NASS USDA,Foard,,22,44,78,-1,12049.6,,37481.6,,22820.8,20411.625,39571.337,4844.359,,37067.511,28603.4905,24167.364,23623.054,18778.695,12883.8177,37870.36825,13430.84925,46484.074,64174.149,7972.2945,,16996.77,,12261.9555,15094.7878,18656.0246,3520.7682,,22095.8556,16045.7999,17603.841,20679.4546,19708.2082,11493.0824,24483.503,11007.4592,29865.8268,27275.8364,15.13125,,22.058,,18.62825,13.51725,21.1840965,13.7864755,,16.7455239,17.8215415,13.7192243999999,11.432687,9.5496562,11.2309337,15.467753,12.105198,15.467753,23.537885,44_78
-3,NASS USDA,Fort Bend,,22,44,79,-1,,,,,,,,,,,,,,,,,,,,,,,,,,,,,,,,,,,,,,,,,,,,,,,,,,,,,,,,,,44_79
-3,NASS USDA,Franklin,,22,44,80,-1,,,,,,,,,,,,,,,,,,,,,,,,,,,,,,,,,,,,,,,,,,,,,,,,,,,,,,,,,,44_80
-3,NASS USDA,Freestone,,22,44,81,-1,,,,,,,,,,,,,,,,,,,,,,,,,,,,,,,,,,,,,,,,,,,,,,,,,,,,,,,,,,44_81
-3,NASS USDA,Frio,,22,44,82,-1,,,,,,,5062.083,,,6286.7805,13117.871,12383.0525,7429.8315,9525.425,7342.7419,11503.99185,4942.3348,9906.442,2585.4725,,,,,,,1335.4638,,,2023.43,4148.0315,3439.831,2509.0532,3399.3624,2751.8648,3925.4542,1537.8068,4249.20299999999,1982.9614,,,,,,,37.9296204,,,31.0700082,31.608017,35.9793385,29.590484,28.0437087,26.6986867,29.3214796,32.280528,23.2016295,12.777709,44_82
-3,NASS USDA,Gaines,,22,44,83,-1,3454.4,,,,,,1341.72415,3660.48475,7421.66685,,,,12464.699,,,,,35679.5205,24167.364,1416.3975,,,,,,647.4976,1173.5894,2225.773,,,,8417.4688,,,,,16268.3771999999,8660.2804,24.41175,,,,,,20.7133388,31.2045103999999,33.3565456,,,,14.795242,,,,,21.8566075,27.572951,44_83
-3,NASS USDA,Galveston,,22,44,84,-1,,,,,,,,,,,,,,,,,,,,,,,,,,,,,,,,,,,,,,,,,,,,,,,,,,,,,,,,,,44_84
-3,NASS USDA,Garza,,22,44,85,-1,,,,,,,,,,,,,,,,,,,,,,,,,,,,,,,,,,,,,,,,,,,,,,,,,,,,,,,,,,44_85
-3,NASS USDA,Gillespie,,22,44,86,-1,,,911.2,,1207.6799999999998,1319.95175,1605.7145,2081.98575,1537.67575,3619.6615,3260.4169,1632.93,2177.24,5198.1605,639.56425,4218.4025,,2258.8865,2694.3345,,,517.9968,,428.9661,554.41982,809.372,1011.715,809.372,1173.5894,2112.46092,1740.1498,1133.1208,1659.2126,607.029,1699.6812,,1659.2126,1294.9952,,,17.619500000000002,,28.177750000000003,23.8065,19.8390745,20.5788366,19.0320613,30.8682548999999,15.467753,9.415154,19.2338146,31.3390126,10.5584227,24.8156559,,13.45022,20.847841,44_86
-3,NASS USDA,Glasscock,,22,44,87,-1,,,,,,1017.8597,3946.2475,,4381.6955,3701.308,,,1162.10185,764.75555,,5826.83855,2781.4241,,11457.7255,,,,,,983.38698,1780.6184,,2468.5846,2428.116,,,849.8406,687.9662,,3804.0484,2144.8358,,5665.604,,,,,,10.3565,22.192863,,17.7542904,15.2659996999999,,,13.6519733,11.0964315,,15.3332508,13.1139645,,20.17533,44_87
-3,NASS USDA,Goliad,,22,44,88,-1,,,,,,,,,,,,,,,,,,,,,,,,,,,,,,,,,,,,,,,,,,,,,,,,,,,,,,,0.0,,,44_88
-3,NASS USDA,Gonzales,,22,44,89,-1,,,,,,,,,,,239.4964,,,506.2083,236.77485,,,,,,,,,,,,,,,121.4058,,,202.343,121.4058,,,,,,,,,,,,,,,19.7045723,,,25.0174092,19.502819,,,,,44_89
-3,NASS USDA,Gray,,22,44,90,-1,30736.0,,17408.0,4868.8,29947.2,24167.364,25854.725,2803.1965,23514.192,,,11566.5875,10423.5365,,8110.219,37584.6055,18288.816,23895.209,47654.3405,10117.125,,10238.5305,2893.49775,8700.7275,11088.3964,11412.1451999999,3642.174,11897.7683999999,,,9955.27559999999,12747.609,,7284.348,15823.2226,14285.4157999999,14690.1018,16915.8747999999,30.397,,17.01425,16.8125,34.432,21.789,22.6636207,7.6666254,19.7718234,,,11.6344403,8.2046342,,11.1636826,23.7396382999999,12.777709,16.140264,28.245462,44_90
-3,NASS USDA,Grayson,,22,44,91,-1,15721.6,,10172.8,33320.0,44172.8,14750.801,21908.4775,53342.38,34536.4695,18098.3075,17649.25175,72360.5714,82218.0255,55519.62,41177.0515,27052.207,11702.665,44089.11,25773.0785,5544.1845,,3018.9501,9833.8455,11290.7115,5018.1064,6070.29,13961.667,10966.9906,5908.4156,7527.1596,17037.2806,18939.3047999999,15782.7539999999,13314.1693999999,8741.2176,7567.6282,11938.237,9348.2466,28.3795,,33.69225,33.894000000000005,39.139500000000005,29.388250000000003,36.1138407,38.1986248,31.4735147999999,30.5992505,23.4706339,42.5026952,43.4442105999999,35.1723253,30.935506,30.935506,15.467753,36.988105,27.572951,44_91
-3,NASS USDA,Gregg,,22,44,92,-1,,,,,,,,,,,,,,,,,,,,,,,,,,,,,,,,,,,,,,,,,,,,,,,,,,,,,,,,,,44_92
-3,NASS USDA,Grimes,,22,44,93,-1,,,,,,,,,,,,,,,,,,,,,,,,,,,,,,,,,,,,,,,,,,,,,,,,,,,,,,,,,,44_93
-3,NASS USDA,Guadalupe,,22,44,94,-1,,,,,715.36,2139.1383,3483.584,,2585.4725,3374.722,5976.5238,8023.1294,6959.00335,15512.835,4490.5575,8736.1755,266.7119,6313.996,7320.9695,,,,,562.51215,1173.5894,1214.058,,1222.15172,1740.1498,3682.6426,4006.3914,4532.4832,5260.918,2670.9276,2913.7392,283.2802,4289.6716,3884.9856,,,,,12.71025,18.22475,28.7162197,,21.1840965,19.3683168,16.2075151,20.0408278,15.3332508,29.4559817999999,16.812775,29.9939906,9.415154,14.795242,18.830308,44_94
-3,NASS USDA,Hale,,22,44,95,-1,43275.2,,,20916.8,31008.0,35162.426,20248.332,,,,,,,13172.302,9813.9093,51410.0795,28902.861,60826.6425,53696.1815,18939.258,,,10724.1525,9712.44,17603.841,11938.237,,,,,,,6272.633,4370.6088,18170.4014,14528.2274,19708.2082,17765.7154,22.865,,,19.5025,31.943750000000005,19.97325,16.9472772,,,,,,,20.9823432,22.4618674,28.3127131,19.8390745,30.935506,30.262995,44_95
-3,NASS USDA,Hall,,22,44,96,-1,,,,,,,,,2258.8865,,,,,1643.8162,824.62965,7484.2625,5579.1775,,4871.5745,,,,,,,,,1497.3382,,,,,1618.744,1133.1208,4370.6088,3642.174,,1659.2126,,,,,,,,,15.0642463999999,,,,,10.1549161,7.2631188,17.1490305,15.467753,,29.590484,44_96
-3,NASS USDA,Hamilton,,22,44,97,-1,,,,,2774.4,3293.0755,,3211.429,2231.671,2503.826,2844.01975,3674.0925,5579.1775,5742.4705,955.26405,3429.153,1298.17935,1415.206,1524.068,,,,,959.10345,1307.13578,,1618.744,1092.6522,1335.4638,1618.744,2023.43,2873.2706,2185.3044,526.0918,1416.401,890.3092,647.4976,566.5604,,,,,28.9175,25.21875,,19.8390745,20.4443344,18.7630569,17.5525371,18.157797,19.4355679,26.2951801,18.157797,24.210396,14.4589865,21.8566075,26.90044,44_97
-3,NASS USDA,Hansford,,22,44,98,-1,128492.8,,,,99524.8,70488.145,87171.2465,,,171321.5725,91552.942,,,98166.3085,43190.9985,167456.9715,156216.97,63167.1755,239795.7705,51030.7785,,,,40792.248,36259.8656,40549.5372,,,55725.2622,38404.7014,,,60905.2429999999,26223.6528,74381.2868,77456.9004,35855.1795999999,78549.5526,25.21875,,,,24.41175,19.43525,21.520352,,,30.7337527,23.8068894,,,16.140264,16.4765195,22.5291185,20.17533,17.485286,30.262995,44_98
-3,NASS USDA,Hardeman,,22,44,99,-1,,,21107.2,,32422.4,15812.2055,43680.8775,9906.442,17935.0145,37557.39,21908.4775,14786.18115,26507.897,26480.6815,16508.9223,38020.0535,7348.185,39380.8285,43408.7225,,,15175.6875,,17806.14,13759.324,19748.6768,8741.2176,13071.3578,20558.0488,16381.68928,18898.8361999999,26790.2132,19222.585,16106.5028,19424.928,9226.8408,21488.8266,21124.6092,,,13.92075,,18.224750000000004,11.49975,22.1256119,11.3654358999999,13.7192243999999,18.2922992,13.3829688999999,7.80112759999999,9.8859117,13.7864755,10.2221672,19.5700701,8.070132,18.4940525,20.847841,44_99
-3,NASS USDA,Hardin,,22,44,100,-1,,,,,,,,,,,,,,,,,,,,,,,,,,,,,,,,,,,,,,,,,,,,,,,,,,,,,,,,,,44_100
-3,NASS USDA,Harris,,22,44,101,-1,,,,,,,,,,,,,,,,,,,,,,,,,,,,,,,,,,,,,,,,,,,,,,,,,,,,,,,,,,44_101
-3,NASS USDA,Harrison,,22,44,102,-1,,,,,,,,,,,,,,,,,,,,,,,,,,,,,,,,,,,,,,,,,,,,,,,,,,,,,,,,,,44_102
-3,NASS USDA,Hartley,,22,44,103,-1,,,,,19040.0,24793.3205,,53941.121,,,,,,36740.925,10096.9505,75577.4435,66133.665,65181.1225,100561.2725,,,,,8093.700000000001,10845.5848,,17118.2178,,,,,,14771.0389999999,5625.1354,23431.3194,25899.904,22662.416,28651.7687999999,,,,,23.5375,22.865,,31.5407658999999,,,,,,24.882907,17.9560437,32.280528,25.555418,28.917973,34.970572,44_103
-3,NASS USDA,Haskell,,22,44,104,-1,57963.2,,66585.59999999999,,72052.8,70678.6535,47518.263,,38754.872,69780.542,48035.3575,25555.3545,34128.237,63847.563,16900.8255,90790.908,23405.33,68256.474,67467.2245,36704.9295,,38404.6065,,33184.17,37271.5806,23876.474,,31363.165,44191.7112,37473.9236,24281.16,29542.0779999999,43341.8706,12221.5172,52528.2428,18979.7734,48724.1944,42532.4986,15.80375,,17.350500000000004,,21.72175,18.9645,19.9063256,,12.3742023999999,15.8040085,12.8449601,10.5584227,11.5671892,14.7279908999999,13.8537266,17.2835327,12.4414535,14.122731,16.140264,44_104
-3,NASS USDA,Hays,,22,44,105,-1,,,,712.64,,628.67805,,,,884.50375,,,503.48675,,,1551.2835,,734.8185,979.758,,,,271.13895,,242.8116,,,,505.8575,,,445.1546,,,607.029,,566.5604,809.372,,,,26.29475,,25.89125,,,,17.485286,,,11.2981848,,,25.555418,,13.1139645,12.105198,44_105
-3,NASS USDA,Hemphill,,22,44,106,-1,,,,601.12,576.64,1077.7338,,,3020.9205,5225.376,2667.119,1540.3973,1807.1092,6450.0735,3891.8165,6754.8871,3067.18685,5170.945,8572.8825,,,,513.9499500000001,388.4976,647.4976,,,1497.3382,2266.2416,2428.116,1873.69618,2751.8648,3480.2996,3075.6136,3277.9566,3075.6136,3318.4252,4168.2658,,,,11.7015,14.86225,16.678,,,20.17533,23.0671272999999,10.9619293,8.2046342,6.5906078,18.5613036,12.6432068,20.5788366,10.087665,15.467753,20.847841,44_106
-3,NASS USDA,Henderson,,22,44,107,-1,,,,,,,,,,,,,,,,,,,,,,,,,,,,,,,,,,,,,,,,,,,,,,,,,,,,,,,,,,44_107
-3,NASS USDA,Hidalgo,,22,44,108,-1,,,,,,,,,,,,,,,,,,,,,,,,,,,,,,,,,,,,,,,,,,,,,,,,,,,,,,,,,,44_108
-3,NASS USDA,Hill,,22,44,109,-1,,,30246.4,27635.2,39222.4,28467.413,35652.305,42728.335,31461.118,26671.19,66977.3455,59139.2815,66677.975,72202.7215,52661.9925,35924.46,22969.882,42292.887,31161.7475,,,6758.239500000001,10198.062,9631.503,9186.3722,11331.208,10926.5219999999,10724.179,9064.9664,23135.89862,17806.184,20638.986,21650.701,18210.87,11412.1451999999,13111.8264,11897.7683999999,12221.5172,,,44.7885,27.10175,40.7535,31.00225,31.4735147999999,39.0728891,29.3214796,29.4559817999999,28.917973,33.2220434,32.280528,33.3565456,28.917973,31.4735147999999,17.485286,35.643083,25.555418,44_109
-3,NASS USDA,Hockley,,22,44,110,-1,,,,,,,,,,1453.3077,,,,,786.52795,4490.5575,,4082.325,5388.669,,,,,,,,,,809.372,,,,,242.8116,2104.3672,,1699.6812,2670.9276,,,,,,,,,,17.9560437,,,,,32.4150302,21.3185987,,23.8741405,20.17533,44_110
-3,NASS USDA,Hood,,22,44,111,-1,,,,,,,,,,,,,,,,,,190.5085,435.448,,,,,,,,,,,,,,,,,,121.4058,161.8744,,,,,,,,,,,,,,,,,,15.8040085,26.90044,44_111
-3,NASS USDA,Hopkins,,22,44,112,-1,,,,,,,,,,,,,,,,,,,,,,,,,,,,,,,,,,,,,,,,,,,,,,,,,,,,,,,,,,44_112
-3,NASS USDA,Houston,,22,44,113,-1,,,,,,,,,,,,,,,,,,870.896,,,,,,,,,,,,,,,,,,,283.2802,,,,,,,,,,,,,,,,,,,30.5992505,,44_113
-3,NASS USDA,Howard,,22,44,114,-1,,,,,,,,,,911.71925,,,,,,,517.0945,,,,,,,,,,,,485.6232,,,,,,,768.9034,,,,,,,,,,,,18.7630569,,,,,,,6.72511,,,44_114
-3,NASS USDA,Hudspeth,,22,44,115,-1,,,,,,,,,,,,,,,,2672.5621,,,,,,,,,,,,,,,,,,,728.4348,,,,,,,,,,,,,,,,,,,36.7191006,,,,44_115
-3,NASS USDA,Hunt,,22,44,116,-1,,,,17027.2,25024.0,10233.028,6803.875,22044.555,13335.595,,11512.1565,47354.97,33202.91,36251.046,,7941.4829,8436.805,21799.6155,17907.799,,,,4289.661,6191.6805,3876.89188,2428.116,6070.29,4815.7634,,5463.26099999999,10926.5219999999,9307.778,9712.464,,2873.2706,5058.575,7810.4398,7608.0968,,,,39.74475,40.41725,26.362,28.0437087,36.315594,27.7074532,,21.0495943,43.3097084,35.643083,37.3243605,,27.6402021,16.812775,27.9092065,23.537885,44_116
-3,NASS USDA,Hutchinson,,22,44,117,-1,17788.8,,25024.0,6473.599999999999,24616.0,19159.712,19867.315,8572.8825,12519.13,23623.054,21500.245,19431.867,,26045.2335,10967.8465,48960.6845,44905.575,19513.5135,77346.451,7041.519,,5665.59,2027.47185,10117.125,8741.2176,9955.27559999999,3520.7682,8377.0002,12504.7974,9671.9954,8093.72,,14609.1646,9752.9326,24766.7831999999,26021.3098,12707.1404,25859.4354,25.286000000000005,,44.18325,31.943750000000005,24.344500000000004,21.9235,19.9735767,24.3448982,14.9297441999999,18.8975591,22.2601141,24.0086427,,17.8215415,11.2309337,19.7718234,17.1490305,15.467753,29.590484,44_117
-3,NASS USDA,Irion,,22,44,118,-1,,,,,,,,,,,,,,,,,,625.9565,,,,,,,,,,,,,,,,,,,485.6232,,,,,,,,,,,,,,,,,,0.0,12.777709,,44_118
-3,NASS USDA,Jack,,22,44,119,-1,,,,,685.4399999999999,,,1891.47725,459.94195,,190.5085,,,231.33175,,764.75555,,272.155,,,,,,619.16805,,,1011.715,485.6232,,64.74976,,,93.07778,,445.1546,,161.8744,,,,,,11.09625,,,18.6958058,9.4824051,,29.4559817999999,,,24.882907,,17.1490305,,16.812775,,44_119
-3,NASS USDA,Jackson,,22,44,120,-1,,,,,,,,,,,,,4163.9715,,1809.83075,,,,,,,,,,,,,,,,,1821.087,,768.9034,,,,,,,,,,,,,,,,,22.865374,,23.537885,,,,,44_120
-3,NASS USDA,Jasper,,22,44,121,-1,,,,,,,,,,,,,,,,,,,,,,,,,,,,,,,,,,,,,,,,,,,,,,,,,,,,,,,,,,44_121
-3,NASS USDA,Jeff Davis,,22,44,122,-1,,,,,,,,,,,,,,,,,,,,,,,,,,,,,,,,,,,,,,,,,,,,,,,,,,,,,,,,,,44_122
-3,NASS USDA,Jefferson,,22,44,123,-1,,,,,,,,,,,,,,,,,,,,,,,,,,,,,,,,,,,,,,,,,,,,,,,,,,,,,,,,,,44_123
-3,NASS USDA,Jim Hogg,,22,44,124,-1,,,,,,,,,,,,,,,,,,,,,,,,,,,,,,,,,,,,,,,,,,,,,,,,,,,,,,,,,,44_124
-3,NASS USDA,Jim Wells,,22,44,125,-1,,,,,,,,,,,,3129.7825,,,,,,,,,,,,,,,,,,,1335.4638,,,,,,,,,,,,,,,,,,,23.4033827999999,,,,,,,,44_125
-3,NASS USDA,Johnson,,22,44,126,-1,9520.0,,14171.2,4569.599999999999,15395.2,10096.9505,8436.805,9334.9165,13335.595,3810.17,11376.079,11430.51,16329.3,18479.3245,8436.805,3837.3855,3401.9375,9117.1925,8055.788,2946.1068,,3832.36695,2978.4816,3921.39765,3120.12906,2428.116,2994.6764,3844.517,1942.4928,4985.73152,4532.4832,5260.918,5115.23104,3804.0484,1335.4638,1942.4928,3156.5508,3156.5508,32.34725,,36.9875,15.333000000000002,39.274,32.34725,34.7688187,31.2045103999999,34.7015676,19.6373212,22.7981229,25.2191625,31.0700082,36.1138407,22.192863,28.7162197,17.485286,28.917973,25.555418,44_126
-3,NASS USDA,Jones,,22,44,127,-1,,,58779.2,,37753.6,54458.2155,21092.0125,12246.975,33015.12305,46318.05945,67113.423,13811.86625,35870.029,62895.0205,11376.079,79061.0275,8624.59195,52199.329,89457.3485,,,24847.659,,16915.833000000002,26992.5562,12626.2032,10521.836,24847.7204,32172.537,46377.0156,13759.324,25009.5948,36826.426,12585.7346,42694.373,9712.464,40144.8512,47388.7305999999,,,23.672000000000004,,22.327000000000005,20.175,16.6782728,11.6344403,13.3157178,14.3917353999999,14.4589865,10.0204139,14.3244843,17.0817794,9.0116474,18.4940525,8.742643,13.1139645,18.830308,44_127
-3,NASS USDA,Karnes,,22,44,128,-1,,,,,,,2604.52335,,,,5062.083,,,,,,,,,,,,,,,809.372,,,,1618.744,,,,,,,,,,,,,,,32.2132769,,,,31.2717615,,,,,,,,,44_128
-3,NASS USDA,Kaufman,,22,44,129,-1,,,,1455.1999999999998,,,,9008.3305,,1088.62,4463.342,11702.665,13172.302,,9334.9165,854.5667,4354.48,2585.4725,,,,,1234.28925,,,,2509.0532,,728.4348,3156.5508,3763.5798,4451.546,,5139.5122,526.0918,2954.2078,1699.6812,,,,,11.76875,,,,35.9120874,,14.9297441999999,14.122731,31.0700082,29.590484,,18.157797,16.2747662,14.795242,15.1314975,,44_129
-3,NASS USDA,Kendall,,22,44,130,-1,,,,,,,,,,,,,,,,,,,,,,,,,,,,,,,,,,,,,,,,,,,,,,,,,,,,,,,,,,44_130
-3,NASS USDA,Kenedy,,22,44,131,-1,,,,,,,,,,,,,,,,,,,,,,,,,,,,,,,,,,,,,,,,,,,,,,,,,,,,,,,,,,44_131
-3,NASS USDA,Kent,,22,44,132,-1,,,,,,,,,1232.86215,1660.1455,1298.17935,,,,,,,2286.102,3565.2305,,,,,,,,,971.2464,1254.5266,728.4348,,,,,,,2144.8358,1982.9614,,,,,,,,,12.7104578999999,13.2484666999999,17.8215415,,,,,,,10.760176,18.157797,44_132
-3,NASS USDA,Kerr,,22,44,133,-1,,,,,,,,,,,,,,,,,,,,,,,,,,,,,,,,,,,,,,,,,,,,,,,,,,,,,,,,,,44_133
-3,NASS USDA,Kimble,,22,44,134,-1,,,,,,,,,,,,,,,,,,,,,,,,,,,,,,,,,,,,,,,,,,,,,,,,,,,,,,,,,,44_134
-3,NASS USDA,King,,22,44,135,-1,,,,,,,,,,,,,,,,914.4408,,,4817.1435,,,,,,,,,,,,,,,,566.5604,,,2387.6474,,,,,,,,,,,,,,,,16.140264,,,20.17533,44_135
-3,NASS USDA,Kinney,,22,44,136,-1,,,,,,,,,,,,,,,,,,,,,,,,,,,,,,,,,,,,,,,,,,,,,,,,,,,,,,,,,,44_136
-3,NASS USDA,Kleberg,,22,44,137,-1,,,,,,,,,,,3946.2475,,,,,,,,,,,,,,,,,,,2670.9276,,,,,,,,,,,,,,,,,,,14.795242,,,,,,,,,44_137
-3,NASS USDA,Knox,,22,44,138,-1,,,64572.8,29376.0,,75713.521,74869.8405,32740.2465,52743.639,77673.037,59139.2815,19050.85,53070.225,61044.3665,31352.256,94410.5695,22316.71,77727.468,83606.016,,,30027.627,17280.0495,,38161.8898,31565.5079999999,18251.3386,32698.6288,36745.4888,48157.634,19667.7396,31322.6964,44515.46,31403.6336,45608.1121999999,20031.957,47145.919,42572.9672,,,21.520000000000003,17.01425,,19.83875,23.7396382999999,17.9560437,16.140264,21.1168454,12.3069513,9.6841584,16.9472772,13.7192243999999,9.9531628,20.7133388,11.0964315,16.4765195,19.502819,44_138
-3,NASS USDA,La Salle,,22,44,139,-1,,,,,,,,,,,,,,,,,,,,,,,,,,,,,,,,,,,,,,,,,,,,,,,,,,,,,,,,,,44_139
-3,NASS USDA,Lamar,,22,44,140,-1,26819.2,,,26683.2,20753.6,6069.0565,6803.875,7620.34,20112.2545,4898.79,12791.285,16329.3,,40453.1192,24357.8725,1978.56685,6901.8508,25255.984,21092.0125,8417.448,,,8255.574,6191.6805,1897.97734,2428.116,3844.517,6110.7586,1173.5894,7891.37699999999,4653.889,,9550.5896,6151.2272,728.4348,4896.7006,7486.691,7810.4398,31.8765,,,32.34725,33.55775,31.94375,28.0437087,19.8390745,32.8857879,41.7629331,16.2075151,35.1050742,,42.368193,39.6108979,27.1694443999999,14.122731,33.62555,26.90044,44_140
-3,NASS USDA,Lamb,,22,44,141,-1,19692.8,,38025.6,,13491.2,10423.5365,4708.2815,,,13825.474,21445.814,,,15017.5129,11022.2775,46919.522,29800.9725,57206.981,58241.17,7162.9245,,12626.172,,4370.598,4815.7634,2509.0532,,,4613.4204,6879.662,,,5746.5412,5301.3866,16834.9376,10643.2418,15216.1936,15944.6284,27.50525,,30.128,,30.86775,21.6545,18.7630569,,,29.9939906,31.2045103999999,,,26.1606779,20.7805899,27.8419553999999,27.9092065,37.660616,36.315594,44_141
-3,NASS USDA,Lampasas,,22,44,142,-1,,,,,,,,,952.5425,843.6805,1581.22055,1183.87425,,174.1792,,514.37295,,680.3875,,,,,,,,,,647.4976,404.686,647.4976,647.4976,,80.9372,,283.2802,,404.686,,,,,,,,,,14.7279908999999,20.847841,24.4121492999999,18.2922992,,21.520352,,18.157797,,16.812775,,44_142
-3,NASS USDA,Lavaca,,22,44,143,-1,,,,,,,,,,,,,,,,,,,,,,,,,,,,,,,,,,,,,,,,,,,,,,,,,,,,,,,,,,44_143
-3,NASS USDA,Lee,,22,44,144,-1,,,,,,,,,,,,,,,,,,,,,,,,,,,,,,,,,,,,,,,,,,,,,,,,,,,,,,,,,,44_144
-3,NASS USDA,Leon,,22,44,145,-1,,,,,,,,,,,,,,,,,,,,,,,,,,,,,,,,,,,,,,,,,,,,,,,,,,,,,,,,,,44_145
-3,NASS USDA,Liberty,,22,44,146,-1,,,,,,,,,,,,,,,,,,2394.964,,,,,,,,,,,,,,,,,,,1173.5894,,,,,,,,,,,,,,,,,,,20.5115855,,44_146
-3,NASS USDA,Limestone,,22,44,147,-1,,,,,,3238.6445,4762.7125,,,,6885.5215,,7184.892,9389.3475,2966.4895,4681.066,2775.981,,,,,,,,1489.24448,1214.058,,,,2751.8648,,1618.744,3035.145,1335.4638,1578.2754,1618.744,,,,,,,,21.72175,39.2073913,,,,25.0174092,,44.385726,30.935506,22.192863,29.6577351,17.1490305,,,44_147
-3,NASS USDA,Lipscomb,,22,44,148,-1,,,1808.8,,14144.0,,,,9253.27,8981.115,11185.5705,14342.5685,7927.87515,18860.3415,11484.941,20520.487,17417.92,12736.854,17907.799,,,1651.1148,,4694.3460000000005,,,,3520.7682,4734.82619999999,6232.1644,7365.2852,7527.1596,8255.5944,6151.2272,8741.2176,9874.3384,6879.662,7324.8166,,,10.961750000000002,,30.128,,,,26.2951801,18.9648102,17.9560437,19.502819,10.5584227,22.865374,18.6958058,23.4706339,17.485286,18.4940525,24.210396,44_148
-3,NASS USDA,Live Oak,,22,44,149,-1,,,,,,,,,,,,,,,,,,326.586,,,,,,,,,,,,,,,,,,,242.8116,,,,,,,,,,,,,,,,,,,13.45022,,44_149
-3,NASS USDA,Llano,,22,44,150,-1,,,,,,,,,,,,,,,,,,,,,,,,,,,,,,,,,,,,,,,,,,,,,,,,,,,,,,,,,,44_150
-3,NASS USDA,Loving,,22,44,151,-1,,,,,,,,,,,,,,,,,,,,,,,,,,,,,,,,,,,,,,,,,,,,,,,,,,,,,,,,,,44_151
-3,NASS USDA,Lubbock,,22,44,152,-1,,,,,3563.2,800.1357,,,1170.2665,1061.4045,5048.47525,2204.4555,563.36085,,563.36085,8572.8825,4242.89645,7974.1415,10967.8465,,,,,3035.1375000000003,708.2005,,,687.9662,890.3092,2185.3044,1861.5556,283.2802,,687.9662,4168.2658,3237.488,4937.1692,4653.889,,,,,11.76875,11.298,,,17.0145283,11.9034447,23.1343784,11.8361936,19.9063256,,8.2046342,20.5788366,13.1139645,16.140264,23.537885,44_152
-3,NASS USDA,Lynn,,22,44,153,-1,5304.0,,,484.16,1487.84,1951.35135,,,1496.8525,4517.773,6477.289,5307.0225,4223.8456,987.92265,,8110.219,9019.2167,1034.189,4572.204,1942.488,,,283.2795,647.496,1715.86864,,,971.2464,1982.9614,3277.9566,3439.831,1254.5266,485.6232,,3156.5508,6434.50739999999,647.4976,2063.8986,27.3035,,,17.081500000000002,22.999500000000005,11.36525,,,15.4005018999999,22.7981229,19.7718234,15.4005018999999,33.6928011,20.3770833,,25.6899202,14.122731,16.140264,22.192863,44_153
-3,NASS USDA,Madison,,22,44,154,-1,,,,,,,,,,,,,,,,,,,,,,,,,,,,,,,,,,,,,,,,,,,,,,,,,,,,,,,,,,44_154
-3,NASS USDA,Marion,,22,44,155,-1,,,,,,,,,,,,,,,,,,,,,,,,,,,,,,,,,,,,,,,,,,,,,,,,,,,,,,,,,,44_155
-3,NASS USDA,Martin,,22,44,156,-1,,,,,,,,,,,,,734.8185,,,704.88145,998.80885,,,,,,,,,,,,,,,283.2802,,,364.2174,1294.9952,,,,,,,,,,,,,,,25.9589246,,,19.3683168,7.7338765,,,44_156
-3,NASS USDA,Mason,,22,44,157,-1,,,,,,,,,,,,239.4964,,,,,,,408.2325,,,,,,,,,,,,80.9372,,,,,,,161.8744,,,,,,,,,,,,29.590484,,,,,,,25.555418,44_157
-3,NASS USDA,Matagorda,,22,44,158,-1,,,,,,,,,,,,,,,,,,625.9565,,,,,,,,,,,,,,,,,,,202.343,,,,,,,,,,,,,,,,,,,30.935506,,44_158
-3,NASS USDA,Maverick,,22,44,159,-1,,,,,,,,,,,,,,,,,,,,,,,,,,,,,,,,,,,,,,,,,,,,,,,,,,,,,,,,,,44_159
-3,NASS USDA,McCulloch,,22,44,160,-1,,,,3563.2,7480.0,15485.6195,13063.44,9307.701,21799.6155,28671.52925,32185.0503,6460.9597,15444.79625,25043.7031,3336.6203,28140.827,1763.5644,13934.336,11103.924,,,,3532.90005,3897.11655,6555.9132,7284.348,8012.7828,9833.8698,11351.4423,16187.44,8579.3432,12342.9229999999,12626.2032,4451.546,13476.0438,1902.0242,9914.80699999999,10319.493,,,,10.0875,19.2335,23.60475,17.9560437,11.6344403,22.192863,25.2864136,19.9063256,7.53212319999999,12.5087046,19.8390745,7.46487209999999,20.9150921,9.415154,14.122731,10.760176,44_160
-3,NASS USDA,McLennan,,22,44,161,-1,,,23065.6,12403.2,25486.4,21581.8915,25038.26,18316.0315,20765.4265,7620.34,58935.16525,46266.35,46388.81975,54934.48675,33107.65575,23949.64,15784.99,37040.2955,24385.088,,,6029.806500000001,7567.6095,6758.239500000001,7082.005,7689.034,5260.918,8215.1258,3156.5508,18186.58884,14366.353,13799.7925999999,15418.5366,13678.3868,7769.9712,8296.063,11412.1451999999,9064.9664,,,38.26525,16.409,37.727250000000005,30.46425,32.5495324,34.8360698,25.2864136,24.1431449,32.4150302,32.2132769,33.62555,35.643083,24.210396,30.8010037999999,19.1665635,32.6167835,26.90044,44_161
-3,NASS USDA,McMullen,,22,44,162,-1,,,,,,,,,,,,,,,,,,,,,,,,,,,,,,,,,,,,,,,,,,,,,,,,,,,,,,,,,,44_162
-3,NASS USDA,Medina,,22,44,163,-1,2339.2,,,1602.08,2295.68,4272.8335,9933.6575,,8572.8825,14124.8445,20683.78,19186.9275,13117.871,19894.5305,3083.51615,15784.99,4240.1749,1769.0075,8273.512,578.69955,,,789.13575,1084.5558,1367.83868,3439.831,,3116.0822,4370.6088,9064.9664,8943.56059999999,5139.5122,6758.2562,1618.744,5584.6668,1780.6184,1173.5894,4208.7344,40.41725,,,20.309500000000003,21.183750000000003,31.204,28.8507218999999,,27.5056998999999,32.3477791,22.7981229,21.4531009,25.555418,29.4559817999999,19.0320613,28.245462,23.8741405,15.1314975,19.502819,44_163
-3,NASS USDA,Menard,,22,44,164,-1,,,,,,,,,,2667.119,1861.5402,,,1611.1576,,,,,,,,,,,,,,,1254.5266,1201.91742,,,760.80968,,,,,,,,,,,,,,,21.2513476,15.467753,,,21.1840965,,,,,,44_164
-3,NASS USDA,Midland,,22,44,165,-1,,,,,,,,,,,,,,,,2599.08025,,,4327.2645,,,,,,,,,,,,,,,,1861.5556,,,2468.5846,,,,,,,,,,,,,,,,13.9882288,,,17.485286,44_165
-3,NASS USDA,Milam,,22,44,166,-1,,,8540.8,4379.2,6990.4,6150.703,8485.7929,8219.081,3129.7825,2857.6275,,21772.4,21854.0465,25786.68625,10015.304,7568.63055,5715.255,9307.701,10015.304,,,2747.81115,2415.96945,2213.6269500000003,2411.92856,2509.0532,2387.6474,1942.4928,2104.3672,,6272.633,7203.4108,8215.1258,4815.7634,2549.5218,3682.6426,2792.3334,2954.2078,,,31.069500000000005,18.1575,31.6075,25.48775,33.8273033,34.4325632,16.140264,13.5847221999999,,34.7015676,30.3302461,31.4062637,20.7805899,29.6577351,15.467753,33.2892945,33.62555,44_166
-3,NASS USDA,Mills,,22,44,167,-1,,,,,,,,830.07275,,544.31,1415.206,653.172,,2253.4434,337.4722,419.1187,353.8015,870.896,979.758,,,,,,,,404.686,,323.7488,647.4976,485.6232,,728.4348,283.2802,283.2802,445.1546,566.5604,364.2174,,,,,,,,20.5115855,,16.812775,21.8566075,13.45022,,30.935506,11.9034447,14.795242,8.070132,15.467753,26.90044,44_167
-3,NASS USDA,Mitchell,,22,44,168,-1,,,,,7860.799999999999,4626.635,,,,,,,,,,9389.3475,1717.29805,4109.5405,7511.478,,,,,4046.85,2990.62954,,,,,,,,,,7891.37699999999,2063.8986,4168.2658,4046.86,,,,,19.43525,15.4675,,,,,,,,,,11.9034447,8.4063875,9.7514095,18.830308,44_168
-3,NASS USDA,Montague,,22,44,169,-1,,,,1017.28,1596.64,1104.9493,1823.4385,,3129.7825,,511.6514,,1251.913,979.758,672.22285,1409.7629,,1469.637,1143.051,,,,1274.75775,1125.0243,1040.04302,809.372,,1416.401,,404.686,,971.2464,485.6232,890.3092,890.3092,,971.2464,768.9034,,,,8.00275,14.18975,10.6255,22.5291185,,22.1256119,,12.6432068,,12.9122112,20.17533,7.53212319999999,15.8040085,,15.1314975,14.795242,44_169
-3,NASS USDA,Montgomery,,22,44,170,-1,,,,,,,,,,,,,,,,,,,,,,,,,,,,,,,,,,,,,,,,,,,,,,,,,,,,,,,,,,44_170
-3,NASS USDA,Moore,,22,44,171,-1,96016.0,,59921.6,30137.6,43492.8,45966.9795,46892.3065,37611.821,38509.9325,52144.898,73209.695,45722.04,30998.4545,56118.361,40932.112,90845.339,60690.565,57969.015,133927.4755,21974.3955,,13111.794,12666.6405,17684.734500000002,16794.469,16106.5028,18048.9956,21569.7638,21286.4836,29825.3582,15175.725,15297.1307999999,22257.73,14568.696,35693.3052,35936.1167999999,24645.3774,42087.344,43.7125,,45.73,23.8065,24.6135,27.37075,29.1197262999999,20.847841,17.8215415,24.4794004,24.5466515,30.1284927999999,20.2425811,25.2191625,28.1109597999999,25.4209157999999,16.812775,23.537885,31.608017,44_171
-3,NASS USDA,Morris,,22,44,172,-1,,,,,,,,,,,,,,,,,,,,,,,,,,,,,,,,,,,,,,,,,,,,,,,,,,,,,,,,,,44_172
-3,NASS USDA,Motley,,22,44,173,-1,,,,,,,,,,,,,,,,925.327,,,,,,,,,,,,,,,,,,,930.7778,,,,,,,,,,,,,,,,,,,9.9531628,,,,44_173
-3,NASS USDA,Nacogdoches,,22,44,174,-1,,,,,,,,,,,,,,,,,,,,,,,,,,,,,,,,,,,,,,,,,,,,,,,,,,,,,,,,,,44_174
-3,NASS USDA,Navarro,,22,44,175,-1,,,,6718.4,6038.4,3701.308,1306.344,5279.807,6776.6595,1714.5765,10518.79075,2721.55,17962.23,7593.1245,4877.0176,2609.96645,6803.875,10287.459,4163.9715,,,,2330.9856,1784.66085,1497.3382,404.686,1982.9614,2549.5218,930.7778,4087.3286,1416.401,4856.232,2428.116,2347.1788,1052.1836,3520.7682,4856.232,2063.8986,,,,28.850250000000003,33.82675,24.748,32.280528,26.6314356,26.5641845,18.4268014,25.7571712999999,19.2338146,36.988105,31.2717615,20.7805899,24.8156559,19.1665635,21.1840965,20.17533,44_175
-3,NASS USDA,Newton,,22,44,176,-1,,,,,,,,,,,,,,,,,,,,,,,,,,,,,,,,,,,,,,,,,,,,,,,,,,,,,,,,,,44_176
-3,NASS USDA,Nolan,,22,44,177,-1,,,10825.6,2189.6,7072.0,,,,7783.633,7076.03,5851.3325,,3263.13845,8034.0156,1796.223,15349.542,2337.81145,4381.6955,5688.0395,,,4249.1925,1197.8676,2743.7643000000003,,,,4815.7634,3642.174,4289.6716,,1982.9614,4208.7344,1052.1836,7162.94219999999,1902.0242,3965.9228,3844.517,,,25.48775,18.292,25.75675,,,,16.140264,19.4355679,13.6519733,,16.4765195,19.0993124,17.0817794,21.4531009,12.4414535,11.0964315,14.795242,44_177
-3,NASS USDA,Nueces,,22,44,178,-1,,,,,,,,,,,,8164.65,,,,7184.892,4027.894,2177.24,3401.9375,,,,,,,,,,,,3197.0194,,,,2630.459,3520.7682,1659.2126,1173.5894,,,,,,,,,,,,25.555418,,,,27.3039466,11.432687,13.1139645,28.917973,44_178
-3,NASS USDA,Ochiltree,,22,44,179,-1,83803.2,,29702.4,41480.0,82796.79999999999,70705.869,94682.7245,65589.355,102411.9265,120510.234,97785.2915,57288.6275,44034.679,122687.474,69426.7405,141629.462,118659.58,100506.8415,228501.338,29339.6625,,14163.975,19910.502,26952.021,30918.0104,32981.909,34479.2472,37109.7062,46741.233,53256.6775999999,37231.112,28935.049,56251.354,48643.2572,57829.6294,58800.8758,61552.7406,69686.9292,28.581250000000004,,20.982000000000003,20.8475,30.733250000000005,22.865,28.7162197,19.0320613,27.572951,25.7571712999999,18.3595503,15.4005018999999,15.1987486,21.7893564,14.2572331999999,24.4794004,20.17533,16.4765195,32.953039,44_179
-3,NASS USDA,Oldham,,22,44,180,-1,19067.2,,8894.4,4379.2,7425.599999999999,11621.0185,16791.9635,2966.4895,6626.97425,24684.4585,20996.75825,,2117.3659,1864.26175,3714.91575,14633.77435,6455.5166,4109.5405,23242.037,7405.735500000001,,4653.8775000000005,1946.53485,4694.3460000000005,7162.9422,9833.8698,3156.5508,8822.1548,14447.2902,12626.2032,,2428.116,2407.8817,4492.01459999999,11209.8022,6960.5992,3925.4542,11816.8312,25.75675,,19.099,22.52875,15.80375,16.207250000000002,17.0817794,9.415154,7.53212319999999,17.0817794,16.6110217,,8.742643,7.7338765,8.2718853,13.0467133999999,9.415154,10.4239205,19.502819,44_180
-3,NASS USDA,Orange,,22,44,181,-1,,,,,,,,,,,,,,,,,,,,,,,,,,,,,,,,,,,,,,,,,,,,,,,,,,,,,,,,,,44_181
-3,NASS USDA,Palo Pinto,,22,44,182,-1,,,,,,,,,,,,,,,,,,163.293,,,,,,,,,,,,,,,,,,,161.8744,,,,,,,,,,,,,,,,,,,10.087665,,44_182
-3,NASS USDA,Panola,,22,44,183,-1,,,,,,,,,,,,,,,,,,,,,,,,,,,,,,,,,,,,,,,,,,,,,,,,,,,,,,,,,,44_183
-3,NASS USDA,Parker,,22,44,184,-1,,,,,,,,,,,,,,,,,,,381.017,,,,,,,,,,,,,,,,,,,121.4058,,,,,,,,,,,,,,,,,,,31.608017,44_184
-3,NASS USDA,Parmer,,22,44,185,-1,107032.0,,,,,44823.9285,38292.2085,,45667.609,54594.293,76693.279,18588.1865,,20003.3925,18969.2035,108480.983,43000.49,75278.073,164191.1115,45891.279,,,,,23633.6624,23067.102,,25090.532,28368.4886,43544.2135999999,9186.3722,,10359.9616,16227.9085999999,56817.9144,20396.1744,32213.0056,53499.4891999999,23.33575,,,,,18.9645,16.6110217,,18.2250481,19.2338146,17.6197882,20.2425811,,19.3010657,11.7016913999999,19.0993124,21.1840965,23.2016295,30.935506,44_185
-3,NASS USDA,Pecos,,22,44,186,-1,,,,,,,,,,,,,,,,,1268.2423,,,,,,,,,,,,,,,,,,,607.029,,,,,,,,,,,,,,,,,,,20.847841,,,44_186
-3,NASS USDA,Polk,,22,44,187,-1,,,,,,,,,,,,,,,,,,,,,,,,,,,,,,,,,,,,,,,,,,,,,,,,,,,,,,,,,,44_187
-3,NASS USDA,Potter,,22,44,188,-1,,,,,3454.4,4463.342,8110.219,,4272.8335,7810.8485,6586.151,,,2653.51125,1107.67085,7301.91865,1363.49655,1959.516,10559.614,,,,,2266.236,3039.19186,3197.0194,,2873.2706,3884.9856,3804.0484,,,1800.8527,971.2464,3601.7054,1740.1498,1416.401,4937.1692,,,,,15.26575,14.6605,25.3536647,,14.8624931,20.1080789,17.2835327,,,14.7279908999999,11.432687,20.2425811,7.7338765,13.7864755,21.520352,44_188
-3,NASS USDA,Presidio,,22,44,189,-1,,,,,,,,,,,,,,,,,,,,,,,,,,,,,,,,,,,,,,,,,,,,,,,,,,,,,,,,,,44_189
-3,NASS USDA,Rains,,22,44,190,-1,,,,,,,,,,,,,,,,,,,,,,,,,,,,,,,,,,,,,,,,,,,,,,,,,,,,,,,,,,44_190
-3,NASS USDA,Randall,,22,44,191,-1,,,,4787.2,14524.8,27569.3015,49532.21,13335.595,34699.7625,51246.7865,57914.584,5497.531,3657.7632,16900.8255,11185.5705,65671.0015,11642.7909,14859.663,94818.802,,,,3520.7595,8215.1055,17441.9666,22055.387,10845.5848,20234.3,29177.8606,35005.339,5989.3528,4572.9518,13030.8892,13192.7636,33548.4694,13111.8264,14528.2274,36057.5226,,,,13.584499999999998,17.686750000000004,15.80375,22.4618674,12.3069513,17.1490305,17.5525371,16.5437706,9.1461496,8.0028809,12.9794623,8.4736386,19.5700701,8.742643,10.087665,26.227929,44_191
-3,NASS USDA,Reagan,,22,44,192,-1,,,,,,,4136.756,,2177.24,,4523.2161,1061.4045,,,,1660.1455,1034.189,,7647.5555,,,,,,,2063.8986,,1902.0242,,4079.23488,2104.3672,,,,1578.2754,687.9662,,4046.86,,,,,,,20.0408278,,11.432687,,11.0964315,5.0438325,,,,10.4911716,15.1314975,,18.830308,44_192
-3,NASS USDA,Real,,22,44,193,-1,,,,,,,,,,,,,,,,,,,,,,,,,,,,,,,,,,,,,,,,,,,,,,,,,,,,,,,,,,44_193
-3,NASS USDA,Red River,,22,44,194,-1,,,,,,,,,,,,,,6123.4875,4653.8505,,2022.11165,2150.0245,,,,,,,,,,,,,,,3035.145,1416.401,,1294.9952,647.4976,,,,,,,,,,,,,,,20.17533,32.8857879,,15.467753,33.2892945,,44_194
-3,NASS USDA,Reeves,,22,44,195,-1,,,,,,,,,,,,,,,,487.15745,,,435.448,,,,,,,,,,,,,,,,202.343,,,161.8744,,,,,,,,,,,,,,,,24.0758937999999,,,26.90044,44_195
-3,NASS USDA,Refugio,,22,44,196,-1,,,,,,,,,,,,,,,,,,,,,,,,,,,,,,,,,,,,,,,,,,,,,,,,,,,,,,,,,,44_196
-3,NASS USDA,Roberts,,22,44,197,-1,,,,,,737.54005,,,,2775.981,3674.0925,,3886.3734,3565.2305,3225.03675,6798.4319,2955.6033,2830.412,9035.546,,,,,,1076.46476,,,,1699.6812,3116.0822,,2347.1788,2185.3044,2428.116,2630.459,2266.2416,2104.3672,3520.7682,,,,,,6.8595,,,,16.3420173,11.7689425,,16.5437706,16.3420173,13.3157178,25.8244224,13.1139645,13.45022,25.555418,44_197
-3,NASS USDA,Robertson,,22,44,198,-1,,,,,,,,,,,2463.00275,3252.25225,,2675.28365,,,,,,,,,,,,,,,,809.372,995.52756,,1193.8237,,,,,,,,,,,,,,,,30.4647482999999,32.6840346,,22.3946162999999,,,,,,44_198
-3,NASS USDA,Rockwall,,22,44,199,-1,,,,,,,,,,,,,,,,,,,,,,,,,,,,,,,,,,,,,,,,,,,,,,,,,,,,,,,,,,44_199
-3,NASS USDA,Runnels,,22,44,200,-1,68299.2,,71182.4,8731.199999999999,18659.2,56172.792,39571.337,66324.1735,46184.7035,62813.374,83606.016,32114.29,66841.268,71440.6875,14070.4135,112767.42425,10246.63575,54893.6635,54349.3535,37635.705,,29501.5365,6839.1765000000005,11331.18,25778.4982,15256.6621999999,32455.8171999999,24726.3145999999,34074.5612,47761.04172,34284.99792,39173.6048,40335.05362,11897.7683999999,44434.5228,10440.8987999999,32091.5998,30918.0104,18.1575,,24.14275,12.777500000000002,16.47625,21.789,25.9589246,20.4443344,18.6958058,18.4268014,17.485286,9.3479029,17.0817794,17.6870393,11.8361936,25.3536647,9.7514095,17.1490305,17.485286,44_200
-3,NASS USDA,Rusk,,22,44,201,-1,,,,,,,,,,,,,,,,,,,,,,,,,,,,,,,,,,,,,,,,,,,,,,,,,,,,,,,,,,44_201
-3,NASS USDA,Sabine,,22,44,202,-1,,,,,,,,,,,,,,,,,,,,,,,,,,,,,,,,,,,,,,,,,,,,,,,,,,,,,,,,,,44_202
-3,NASS USDA,San Augustine,,22,44,203,-1,,,,,,,,,,,,,,,,,,,,,,,,,,,,,,,,,,,,,,,,,,,,,,,,,,,,,,,,,,44_203
-3,NASS USDA,San Jacinto,,22,44,204,-1,,,,,,,,,,,,,,,,,,,,,,,,,,,,,,,,,,,,,,,,,,,,,,,,,,,,,,,,,,44_204
-3,NASS USDA,San Patricio,,22,44,205,-1,,,,,,,,,,,,,,,,,,,,,,,,,,,,,,,,,,,,,,,,,,,,,,,,,,,,,,,,,,44_205
-3,NASS USDA,San Saba,,22,44,206,-1,,,,,3672.0,5878.548,8083.0035,4136.756,5932.979,,8355.1585,6722.2285,3102.567,12056.4665,2392.24245,13346.4812,,8600.098,6939.9525,,,,,1278.8046000000002,2557.61552,3844.517,2266.2416,2630.459,,3569.33052,4127.7972,2306.7102,4273.48416,2144.8358,5260.918,,4451.546,3156.5508,,,,,28.715750000000003,22.9995,21.0495943,18.2250481,22.5291185,,23.4033827999999,16.2747662,13.45022,28.245462,11.1636826,25.3536647,,19.1665635,22.192863,44_206
-3,NASS USDA,Schleicher,,22,44,207,-1,,,,,,971.59335,,,,762.034,906.27615,163.293,1360.775,,,2865.79215,462.6635,,1496.8525,,,,,,607.029,,,,687.9662,809.372,283.2802,526.0918,,,1861.5556,445.1546,,1052.1836,,,,,,16.0055,,,,11.0964315,11.2309337,5.7835946,25.8916735,,,15.4005018999999,10.4239205,,14.122731,44_207
-3,NASS USDA,Scurry,,22,44,208,-1,,,7262.4,,4352.0,,,,2479.33205,2394.964,3753.01745,,,,,5217.21135,699.43835,2394.964,3238.6445,,,3520.7595,,2460.4848,,,,1902.0242,1416.401,2326.9445,,,,,2913.7392,930.7778,2104.3672,2428.116,,,20.64575,,17.686750000000004,,,,13.0467133999999,16.8800261,16.140264,,,,,17.8887926,7.397621,11.432687,13.45022,44_208
-3,NASS USDA,Shackelford,,22,44,209,-1,,,,,,,1714.5765,,2144.5814,3293.0755,1205.64665,707.603,2122.809,3211.429,1763.5644,11158.355,,5470.3155,9933.6575,,,,,,,1214.058,,2225.773,1456.8696,849.8406,809.372,2185.3044,1982.9614,1618.744,5746.5412,,3399.3624,5099.0436,,,,,,,14.122731,,9.6169073,22.5963696,14.1899821,8.742643,9.6841584,16.2075151,10.8946782,19.4355679,,16.140264,19.502819,44_209
-3,NASS USDA,Shelby,,22,44,210,-1,,,,,,,,,,,,,,,,,,,,,,,,,,,,,,,,,,,,,,,,,,,,,,,,,,,,,,,,,,44_210
-3,NASS USDA,Sherman,,22,44,211,-1,,,78825.59999999999,39521.6,81083.2,42456.18,79333.1825,,65671.0015,104888.537,101404.953,62769.8292,,74951.487,60940.9476,115257.6425,111556.3345,98982.7735,151127.6715,,,16106.463000000002,9914.7825,22257.675,16066.0342,23795.5367999999,,26709.2759999999,33184.252,33669.8752,19020.242,,28732.706,15418.5366,43746.5565999999,48562.32,36057.5226,49614.5036,,,48.958000000000006,39.87925,36.44950000000001,26.42925,33.3565456,,24.6139026,31.608017,30.1284927999999,33.0202901,,26.0934267999999,39.5436468,26.3624312,22.865374,27.572951,30.262995,44_211
-3,NASS USDA,Smith,,22,44,212,-1,,,,,,,,,,,,,,,,,,,,,,,,,,,,,,,,,,,,,,,,,,,,,,,,,,,,,,,,,,44_212
-3,NASS USDA,Somervell,,22,44,213,-1,,,,,,,,,,,,,,,,,,,,,,,,,,,,,,,,,,,,,,,,,,,,,,,,,,,,,,,,,,44_213
-3,NASS USDA,Starr,,22,44,214,-1,,,,,,,,,,,,,,,,,,,,,,,,,,,,,,,,,,,,,,,,,,,,,,,,,,,,,,,,,,44_214
-3,NASS USDA,Stephens,,22,44,215,-1,,,,,,,,,,,,,,1061.4045,119.7482,,,,,,,,,,,,,,,,,,607.029,161.8744,,,,,,,,,,,,,,,,,,17.485286,7.397621,,,,,44_215
-3,NASS USDA,Sterling,,22,44,216,-1,,,,,,,,,,,,,,,,,,,,,,,,,,,,,,,,,,,,,,,,,,,,,,,,,,,,,,,,,,44_216
-3,NASS USDA,Stonewall,,22,44,217,-1,,,,,,,,,,,3946.2475,,,,,13700.2827,1415.206,10804.5535,15213.4645,,,,,,,,,,,3075.6136,,,,,8174.6572,1497.3382,8903.092,8053.2514,,,,,,,,,,,12.8449601,,,,,16.7455239,9.415154,12.105198,18.830308,44_217
-3,NASS USDA,Sutton,,22,44,218,-1,,,,,,,,,,,,,,,,,,,,,,,,,,,,,,,,,,,,,,,,,,,,,,,,,,,,,,,0.0,,,44_218
-3,NASS USDA,Swisher,,22,44,219,-1,77492.8,,,,33755.2,25990.8025,31706.0575,7266.5385,70869.162,66405.82,44932.7905,17336.2735,,16029.9295,11212.786,105460.0625,17036.903,37121.942,118822.873,33912.603,,,,14690.0655,15580.411,29663.4837999999,6313.1016,37231.112,37312.0492,28125.677,11533.551,,12100.1114,9510.121,40549.5372,13556.981,21043.672,39699.6965999999,22.865,,,,22.999500000000005,16.678,10.6929249,11.4999381,19.0320613,17.8215415,16.0057618,15.0642463999999,,13.2484666999999,11.7689425,26.0261757,12.4414535,17.485286,30.262995,44_219
-3,NASS USDA,Tarrant,,22,44,220,-1,,,,,,,,,,,,,,,2775.981,,,2612.688,2585.4725,,,,,,,,,,,,,,,1173.5894,,,849.8406,890.3092,,,,,,,,,,,,,,,23.6723872,,,30.5992505,28.917973,44_220
-3,NASS USDA,Taylor,,22,44,221,-1,,,10716.8,,18387.2,17553.9975,9607.0715,30209.205,21726.13365,31461.118,36286.42615,13063.44,14723.5855,25590.73465,7133.18255,42796.37375,5230.8191,52580.346,32059.859,,,9914.7825,,7931.826,10157.6186,6879.662,16592.126,13880.7298,16632.5946,21541.43578,9307.778,11493.0824,15823.2226,6515.4446,20760.3918,5706.07259999999,26790.2132,17644.3096,,,10.82725,,23.20125,17.28325,13.9882288,18.2250481,15.6695063,18.8975591,16.812775,14.0554798999999,12.777709,16.140264,10.9619293,20.6460877,9.0788985,19.502819,18.157797,44_221
-3,NASS USDA,Terrell,,22,44,222,-1,,,,,,,,,,,,,,,,,,,,,,,,,,,,,,,,,,,,,,,,,,,,,,,,,,,,,,,,,,44_222
-3,NASS USDA,Terry,,22,44,223,-1,,,,,,5307.0225,2460.2812,,,,,,,,,28712.3525,12437.4835,37693.4675,21391.383,,,,,,4014.48512,1537.8068,,,,,,,,,12100.1114,8174.6572,15620.8796,10966.9906,,,,,,13.24825,16.0057618,,,,,,,,,23.7396382999999,15.1314975,24.210396,19.502819,44_223
-3,NASS USDA,Throckmorton,,22,44,224,-1,,,37481.6,,27988.8,27569.3015,11593.803,17798.937,16574.2395,,15594.4815,11593.803,4264.66885,40205.45815,8458.5774,39993.17725,5350.5673,13362.8105,15159.0335,,,14487.723,,13435.542,10926.522,6151.2272,9105.435,10359.9616,,11675.1911,10703.9447,5584.6668,19485.6309,11250.2708,20355.7058,9226.8408,12059.6428,10238.5558,,,25.89125,,20.8475,25.21875,18.830308,19.5700701,16.0057618,,13.3829688999999,10.8274271,7.6666254,20.6460877,7.53212319999999,19.6373212,5.7163435,11.0964315,14.795242,44_224
-3,NASS USDA,Titus,,22,44,225,-1,,,,,,,,,,,,,,,,,,,,,,,,,,,,,,,,,,,,,,,,,,,,,,,,,,,,,,,,,,44_225
-3,NASS USDA,Tom Green,,22,44,226,-1,18441.6,,18822.4,6310.4,17244.8,19840.0995,29909.8345,20765.4265,24956.6135,39108.6735,41095.405,22316.71,47735.987,21663.538,17662.8595,39135.889,16193.2225,24466.7345,31760.4885,8660.259,,7486.672500000001,4330.1295,6394.023,10319.493,10440.8987999999,9469.65239999999,11209.8022,16996.8119999999,19424.928,13840.2611999999,22824.2903999999,8984.02919999999,6920.13059999999,16673.0632,7162.94219999999,13030.8892,15256.6621999999,21.31825,,25.1515,14.59325,26.967250000000003,19.2335,28.6489686,21.9238586,22.2601141,22.9998762,21.1840965,16.140264,20.9150921,24.1431449,25.555418,23.4706339,22.5291185,18.830308,20.847841,44_226
-3,NASS USDA,Travis,,22,44,227,-1,,,,,,887.2253,,,707.603,898.1115,2449.395,5780.5722,4055.1095,2626.29575,938.93475,930.7701,,2177.24,1905.085,,,,,,388.49856,,,445.1546,384.4517,1294.9952,2023.43,1578.2754,809.372,849.8406,323.7488,,1214.058,890.3092,,,,,,22.865,,,15.8712596,23.3361317,18.8975591,28.5817175,25.6899202,32.4822813,11.0291803999999,28.7834707999999,,17.8215415,21.520352,44_227
-3,NASS USDA,Trinity,,22,44,228,-1,,,,,,,,,,,,,,,,,,,,,,,,,,,,,,,,,,,,,,,,,,,,,,,,,,,,,,,,,,44_228
-3,NASS USDA,Tyler,,22,44,229,-1,,,,,,,,,,,,,,,,,,,,,,,,,,,,,,,,,,,,,,,,,,,,,,,,,,,,,,,,,,44_229
-3,NASS USDA,Upshur,,22,44,230,-1,,,,,,,,,,,,,,,,,,,,,,,,,,,,,,,,,,,,,,,,,,,,,,,,,,,,,,,,,,44_230
-3,NASS USDA,Upton,,22,44,231,-1,,,,,,,3701.308,,,3061.74375,6866.47065,,,,,3592.446,1393.4336,,2204.4555,,,,,,,2832.802,,,1982.9614,4127.7972,,,,,3561.2368,1578.2754,,3197.0194,,,,,,,13.0467133999999,,,15.467753,16.6110217,,,,,10.087665,8.742643,,6.72511,44_231
-3,NASS USDA,Uvalde,,22,44,232,-1,2505.12,,5086.4,2616.64,3944.0,2966.4895,15621.697,6586.151,8409.5895,8355.1585,23405.33,24303.4415,13253.9485,14750.801,,11376.079,4517.773,3782.9545,5932.979,805.32315,,1448.7723,1100.7432,1760.37975,1699.6812,5867.947,1942.4928,3439.831,3197.0194,9914.80699999999,9469.65239999999,4653.889,6211.9301,,4006.3914,1497.3382,1456.8696,3035.145,31.136750000000003,,35.1045,23.8065,22.39425,17.485,26.6314356,33.8945544,24.4794004,26.1606779,23.6051361,25.6899202,28.4472152999999,23.7396382999999,,28.3799642,30.262995,25.8916735,19.502819,44_232
-3,NASS USDA,Val Verde,,22,44,233,-1,,,,,,,,,,,,,,,,,,,,,,,,,,,,,,,,,,,,,,,,,,,,,,,,,,,,,,,,,,44_233
-3,NASS USDA,Van Zandt,,22,44,234,-1,,,,,,,,,,,,,,,,,,,,,,,,,,,,,,,,,,,,,,,,,,,,,,,,,,,,,,,,,,44_234
-3,NASS USDA,Victoria,,22,44,235,-1,,,,,,,,,,,,,,,,,,,,,,,,,,,,,,,,,,,,,,,,,,,,,,,,,,,,,,,,,,44_235
-3,NASS USDA,Walker,,22,44,236,-1,,,,,,,,,,,,,,,,,,,,,,,,,,,,,,,,,,,,,,,,,,,,,,,,,,,,,,,,,,44_236
-3,NASS USDA,Waller,,22,44,237,-1,,,,,,,,,,,,,,,,,149.68525,,,,,,,,,,,,,,,,,,,161.8744,,,,,,,,,,,,,,,,,,,9.415154,,,44_237
-3,NASS USDA,Ward,,22,44,238,-1,,,,,,,,,,,,,,,,,,,,,,,,,,,,,,,,,,,,,,,,,,,,,,,,,,,,,,,,,,44_238
-3,NASS USDA,Washington,,22,44,239,-1,,,,,,,,,,,,,,,,,,,,,,,,,,,,,,,,,,,,,,,,,,,,,,,,,,,,,,,,,,44_239
-3,NASS USDA,Webb,,22,44,240,-1,,,,,,,,,,,,,,,,,,,,,,,,,,,,,,,,,,,,,,,,,,,,,,,,,,,,,,,,,,44_240
-3,NASS USDA,Wharton,,22,44,241,-1,,,,,,,,,,,,6395.6425,,,1499.57405,,2013.947,4327.2645,,,,,,,,,,,,,1558.0411,,,930.7778,,1254.5266,1861.5556,,,,,,,,,,,,,41.023171,,,16.140264,,16.140264,23.2016295,,44_241
-3,NASS USDA,Wheeler,,22,44,242,-1,,,,,,,,,3684.9787,2694.3345,5013.0951,1905.085,3184.2135,5688.0395,1752.6782,8542.94545,2789.58875,6422.858,7810.8485,,,,,,,,,1982.9614,2428.116,3156.5508,2023.43,3237.488,3197.0194,2104.3672,4451.546,2185.3044,4492.01459999999,4451.546,,,,,,,,,18.5613036,11.0964315,15.8712596,9.415154,9.8186606,17.8215415,8.3391364,19.1665635,12.777709,14.4589865,17.485286,44_242
-3,NASS USDA,Wichita,,22,44,243,-1,,,65660.8,10091.2,35795.2,20221.1165,36468.77,36618.45525,23704.7005,43000.49,45613.178,13694.8396,26480.6815,77972.4075,11985.7062,54003.71665,5524.7465,96805.5335,67358.3625,,,21326.8995,8619.790500000001,12504.7665,15175.725,16592.126,16875.4062,17037.2806,27518.648,25495.218,20444.73672,25899.904,28570.8315999999,18413.213,30108.6384,6960.5992,40954.2232,33143.7834,,,30.8005,11.7015,28.6485,13.3155,21.9911097,21.7221052999999,13.9209776999999,15.6022551999999,17.8887926,6.72511,10.2221672,27.3039466,6.52335669999999,17.9560437,8.070132,23.537885,20.17533,44_243
-3,NASS USDA,Wilbarger,,22,44,244,-1,78363.2,,115436.8,18768.0,66803.2,35815.598,65970.372,,31216.1785,91933.959,80802.8195,,39108.6735,100479.626,29158.6867,107936.673,17309.058,89457.3485,96397.301,34600.567500000005,,41884.8975,18129.888,28813.572,21043.672,27720.9909999999,,17563.3724,42815.7788,47429.1991999999,,36502.6772,51354.6533999999,28489.8944,47064.9818,19424.928,38202.3584,44191.7112,22.66325,,27.5725,10.356500000000002,23.20125,17.01425,23.8068894,,17.7542904,21.4531009,17.0145283,,10.6929249,19.5700701,10.2221672,22.9326251,9.0788985,23.537885,21.520352,44_244
-3,NASS USDA,Willacy,,22,44,245,-1,,,,,,,,,,,,,,,,,,,,,,,,,,,,,,,,,,,,,,,,,,,,,,,,,,,,,,,,,,44_245
-3,NASS USDA,Williamson,,22,44,246,-1,,,,6337.6,8350.4,9035.546,10497.01835,9008.3305,8028.5725,8436.805,32658.6,26311.9454,24221.795,21146.4435,8355.1585,9280.4855,3429.153,13498.888,10396.321,,,,2699.24895,2533.3281,2816.61456,3277.9566,2711.3962,4046.86,3399.3624,11250.2708,7324.8166,8012.7828,6839.1934,4775.2948,2509.0532,2023.43,4492.01459999999,3682.6426,,,,23.47025,32.9525,32.078250000000004,32.0115236,33.2220434,19.8390745,24.8156559,29.0524752,35.9120874,30.1957438999999,30.935506,17.485286,36.988105,16.812775,29.9267395,28.245462,44_246
-3,NASS USDA,Wilson,,22,44,247,-1,,,,136.0,,,,,2013.947,1564.89125,3078.07305,4153.0853,1333.5595,,2898.45075,,,843.6805,,,,,93.07755,,,,,598.93528,566.5604,1335.4638,1327.37008,849.8406,,1416.401,,,971.2464,,,,,14.59325,,,,,33.62555,27.6402021,23.0671272999999,31.2717615,15.6695063,,20.4443344,,,8.742643,,44_247
-3,NASS USDA,Winkler,,22,44,248,-1,,,,,,,,,,,,,,,,,,,,,,,,,,,,,,,,,,,,,,,,,,,,,,,,,,,,,,,,,,44_248
-3,NASS USDA,Wise,,22,44,249,-1,,,,1213.12,3726.4,3456.3685,1551.2835,2844.01975,789.2495,1211.08975,1537.67575,,,,1994.89615,1202.9251,1496.8525,1741.792,925.327,,,,894.3538500000001,1319.2731,1740.1498,607.029,1254.5266,647.4976,526.0918,1254.5266,,,,1618.744,687.9662,1375.9324,1011.715,1133.1208,,,,13.584499999999998,28.245,19.83875,25.555418,22.6636207,12.1724491,22.9998762,12.2397002,,,,12.3069513,17.485286,10.760176,17.1490305,8.070132,44_249
-3,NASS USDA,Wood,,22,44,250,-1,,,,,,,,,,,,,,,,,,,,,,,,,,,,,,,,,,,,,,,,,,,,,,,,,,,,,,,,,,44_250
-3,NASS USDA,Yoakum,,22,44,251,-1,,,,538.56,,,767.4771,,4027.894,,,,,,6368.427,,9577.13445,29828.188,11348.8635,,,,801.2763,,,566.5604,,2873.2706,,,,,,4411.0774,,6879.662,9510.121,3682.6426,,,,6.725000000000001,,,13.5174711,,13.9882288,,,,,,14.4589865,,13.7864755,31.2717615,30.935506,44_251
-3,NASS USDA,Young,,22,44,252,-1,,,,8867.199999999999,21488.0,16683.1015,6395.6425,25310.415,13934.336,6041.841,9607.0715,8164.65,13561.48365,17635.644,12453.8128,15648.9125,4626.635,24766.105,15621.697,,,,5989.338000000001,9955.251,7972.3142,4208.7344,10521.836,8700.749,4046.86,5523.9639,7041.5364,11695.4254,7891.37699999999,10683.7104,8660.2804,5867.947,15944.6284,9671.9954,,,,14.795,21.587250000000004,20.91475,15.1987486,24.0758937999999,16.0057618,14.9297441999999,17.4180349,11.5671892,11.5671892,22.3273652,11.6344403,18.0905459,7.7338765,15.467753,16.140264,44_252
-3,NASS USDA,Zapata,,22,44,253,-1,,,,,,,,,,,,,,,,,,,,,,,,,,,,,,,,,,,,,,,,,,,,,,,,,,,,,,,,,,44_253
-3,NASS USDA,Zavala,,22,44,254,-1,,,1202.24,,2295.68,2558.257,,6123.4875,3897.2596,11212.786,,3456.3685,,9253.27,1888.7557,7356.34965,2645.3466,5143.7295,4463.342,,,566.559,,1537.803,1189.77684,,2792.3334,2549.5218,4775.2948,,1638.9783,,3277.9566,1254.5266,2873.2706,1456.8696,2063.8986,2589.9904,,,21.251,,14.9295,21.52,,21.9238586,15.2659996999999,23.4706339,,21.1168454,,28.245462,15.0642463999999,25.6226691,18.157797,24.882907,17.485286,44_254
-2,NASS USDA,Utah,,22,45,-1,-1,135945.6,131947.19999999998,125419.2,86169.59999999999,122617.6,141357.307,170477.892,145766.218,169824.72,195516.152,168926.6085,160081.571,149249.802,153577.0665,193774.36,173607.6745,198074.409,156652.418,153930.868,39659.130000000005,40063.815,35207.595,35612.28,39659.130000000005,39659.228,46943.576,41682.6579999999,48562.32,48562.32,51799.808,47348.262,50181.064,49371.6919999999,58274.784,53013.866,59488.842,56251.354,53418.5519999999,34.2975,32.9525,35.642500000000005,24.21,30.935,35.6425,36.315594,34.970572,34.970572,40.2609918666666,32.6115295078125,33.8094846324786,29.7423413225806,31.1063899426229,33.2519327777777,32.7476921297709,33.2961568571428,27.8487288920863,28.8160773939393,45_-1
-3,NASS USDA,Beaver,,22,45,1,-1,,,,,,,,,,,,,,,,,,,,,,,,,,,,,,,,,,,,,,,,,,,,,,,,,,,,,,,,,,45_1
-3,NASS USDA,Box Elder,,22,45,2,-1,,,,,,,,,,,,,,,,,84095.895,70542.576,77645.8215,,,,,,,,,,,,,,,,,20477.1116,20638.986,20477.1116,,,,,,,,,,,,,,,,,41.023171,34.2123488137254,38.1736382252964,45_2
-3,NASS USDA,Cache,,22,45,3,-1,,,,,,,,,,,,,,,,,25446.4925,,24820.536,,,,,,,,,,,,,,,,,6394.0388,,7082.005,,,,,,,,,,,,,,,,,39.678149,,35.02052996,45_3
-3,NASS USDA,Carbon,,22,45,4,-1,,,,,,,,,,,,,,,,,,,,,,,,,,,,,,,,,,,,,,,,,,,,,,,,,,,,,,,,,,45_4
-3,NASS USDA,Daggett,,22,45,5,-1,,,,,,,,,,,,,,,,,,,,,,,,,,,,,,,,,,,,,,,,,,,,,,,,,,,,,,,,,,45_5
-3,NASS USDA,Davis,,22,45,6,-1,,,,,,,,,,,,,,,,,,,3837.3855,,,,,,,,,,,,,,,,,,,607.029,,,,,,,,,,,,,,,,,,,63.216034,45_6
-3,NASS USDA,Duchesne,,22,45,7,-1,,,,,,,,,,,,,,,,,,,,,,,,,,,,,,,,,,,,,,,,,,,,,,,,,,,,,,,,,,45_7
-3,NASS USDA,Emery,,22,45,8,-1,,,,,,,,,,,,,,,,,,,,,,,,,,,,,,,,,,,,,,,,,,,,,,,,,,,,,,,,,,45_8
-3,NASS USDA,Garfield,,22,45,9,-1,,,,,,,,,,,,,,,,,,,,,,,,,,,,,,,,,,,,,,,,,,,,,,,,,,,,,,,,,,45_9
-3,NASS USDA,Grand,,22,45,10,-1,,,,,,,,,,,,,,,,,,,,,,,,,,,,,,,,,,,,,,,,,,,,,,,,,,,,,,,,,,45_10
-3,NASS USDA,Iron,,22,45,11,-1,,,,,,,,,,,,,,,,,,,,,,,,,,,,,,,,,,,,,,,,,,,,,,,,,,,,,,,,,,45_11
-3,NASS USDA,Juab,,22,45,12,-1,,,,,,,,,,,,,,,,,5170.945,,,,,,,,,,,,,,,,,,,2063.8986,,,,,,,,,,,,,,,,,,,25.2191625,,,45_12
-3,NASS USDA,Kane,,22,45,13,-1,,,,,,,,,,,,,,,,,,,,,,,,,,,,,,,,,,,,,,,,,,,,,,,,,,,,,,,,,,45_13
-3,NASS USDA,Millard,,22,45,14,-1,,,,,,,,,,,,,,,,,3538.015,,4000.6785,,,,,,,,,,,,,,,,,687.9662,,768.9034,,,,,,,,,,,,,,,,,51.4470915,,51.8895329473684,45_14
-3,NASS USDA,Morgan,,22,45,15,-1,,,,,,,,,,,,,,,,,,,,,,,,,,,,,,,,,,,,,,,,,,,,,,,,,,,,,,,,,,45_15
-3,NASS USDA,Piute,,22,45,16,-1,,,,,,,,,,,,,,,,,,,,,,,,,,,,,,,,,,,,,,,,,,,,,,,,,,,,,,,,,,45_16
-3,NASS USDA,Rich,,22,45,17,-1,,,,,,,,,,,,,,,,,,,,,,,,,,,,,,,,,,,,,,,,,,,,,,,,,,,,,,,,,,45_17
-3,NASS USDA,Salt Lake,,22,45,18,-1,,,,,,,,,,,,,,,,,4408.911,,,,,,,,,,,,,,,,,,,2144.8358,,,,,,,,,,,,,,,,,,,20.5115855,,,45_18
-3,NASS USDA,San Juan,,22,45,19,-1,,,,,,,,,,,,,,,,,24793.3205,12165.3285,12872.9315,,,,,,,,,,,,,,,,,12140.58,11331.208,12504.7974,,,,,,,,,,,,,,,,,20.5115855,10.760176,10.087665,45_19
-3,NASS USDA,Sanpete,,22,45,20,-1,,,,,,,,,,,,,,,,,,,,,,,,,,,,,,,,,,,,,,,,,,,,,,,,,,,,,,,,,,45_20
-3,NASS USDA,Sevier,,22,45,21,-1,,,,,,,,,,,,,,,,,,,,,,,,,,,,,,,,,,,,,,,,,,,,,,,,,,,,,,,,,,45_21
-3,NASS USDA,Summit,,22,45,22,-1,,,,,,,,,,,,,,,,,,,,,,,,,,,,,,,,,,,,,,,,,,,,,,,,,,,,,,,,,,45_22
-3,NASS USDA,Tooele,,22,45,23,-1,,,,,,,,,,,,,,,,,,,,,,,,,,,,,,,,,,,,,,,,,,,,,,,,,,,,,,,,,,45_23
-3,NASS USDA,Uintah,,22,45,24,-1,,,,,,,,,,,,,,,,,,,,,,,,,,,,,,,,,,,,,,,,,,,,,,,,,,,,,,,,,,45_24
-3,NASS USDA,Utah,,22,45,25,-1,,,,,,,,,,,,,,,,,23867.9935,,,,,,,,,,,,,,,,,,,8619.8118,,,,,,,,,,,,,,,,,,,27.572951,,,45_25
-3,NASS USDA,Wasatch,,22,45,26,-1,,,,,,,,,,,,,,,,,,,,,,,,,,,,,,,,,,,,,,,,,,,,,,,,,,,,,,,,,,45_26
-3,NASS USDA,Washington,,22,45,27,-1,,,,,,,,,,,,,,,,,,,,,,,,,,,,,,,,,,,,,,,,,,,,,,,,,,,,,,,,,,45_27
-3,NASS USDA,Wayne,,22,45,28,-1,,,,,,,,,,,,,,,,,,,,,,,,,,,,,,,,,,,,,,,,,,,,,,,,,,,,,,,,,,45_28
-3,NASS USDA,Weber,,22,45,29,-1,,,,,,,,,,,,,,,,,4436.1265,,,,,,,,,,,,,,,,,,,647.4976,,,,,,,,,,,,,,,,,,,68.596122,,,45_29
-3,NASS USDA,Addison,,22,46,1,-1,,,,,,,,,,,,,,,,,,,,,,,,,,,,,,,,,,,,,,,,,,,,,,,,,,,,,,,,,,46_1
-3,NASS USDA,Bennington,,22,46,2,-1,,,,,,,,,,,,,,,,,,,,,,,,,,,,,,,,,,,,,,,,,,,,,,,,,,,,,,,,,,46_2
-3,NASS USDA,Caledonia,,22,46,3,-1,,,,,,,,,,,,,,,,,,,,,,,,,,,,,,,,,,,,,,,,,,,,,,,,,,,,,,,,,,46_3
-3,NASS USDA,Chittenden,,22,46,4,-1,,,,,,,,,,,,,,,,,,,,,,,,,,,,,,,,,,,,,,,,,,,,,,,,,,,,,,,,,,46_4
-3,NASS USDA,Essex,,22,46,5,-1,,,,,,,,,,,,,,,,,,,,,,,,,,,,,,,,,,,,,,,,,,,,,,,,,,,,,,,,,,46_5
-3,NASS USDA,Franklin,,22,46,6,-1,,,,,,,,,,,,,,,,,,,,,,,,,,,,,,,,,,,,,,,,,,,,,,,,,,,,,,,,,,46_6
-3,NASS USDA,Grand Isle,,22,46,7,-1,,,,,,,,,,,,,,,,,,,,,,,,,,,,,,,,,,,,,,,,,,,,,,,,,,,,,,,,,,46_7
-3,NASS USDA,Lamoille,,22,46,8,-1,,,,,,,,,,,,,,,,,,,,,,,,,,,,,,,,,,,,,,,,,,,,,,,,,,,,,,,,,,46_8
-3,NASS USDA,Orange,,22,46,9,-1,,,,,,,,,,,,,,,,,,,,,,,,,,,,,,,,,,,,,,,,,,,,,,,,,,,,,,,,,,46_9
-3,NASS USDA,Orleans,,22,46,10,-1,,,,,,,,,,,,,,,,,,,,,,,,,,,,,,,,,,,,,,,,,,,,,,,,,,,,,,,,,,46_10
-3,NASS USDA,Rutland,,22,46,11,-1,,,,,,,,,,,,,,,,,,,,,,,,,,,,,,,,,,,,,,,,,,,,,,,,,,,,,,,,,,46_11
-3,NASS USDA,Washington,,22,46,12,-1,,,,,,,,,,,,,,,,,,,,,,,,,,,,,,,,,,,,,,,,,,,,,,,,,,,,,,,,,,46_12
-3,NASS USDA,Windham,,22,46,13,-1,,,,,,,,,,,,,,,,,,,,,,,,,,,,,,,,,,,,,,,,,,,,,,,,,,,,,,,,,,46_13
-3,NASS USDA,Windsor,,22,46,14,-1,,,,,,,,,,,,,,,,,,,,,,,,,,,,,,,,,,,,,,,,,,,,,,,,,,,,,,,,,,46_14
-2,NASS USDA,Virginia,,22,47,-1,-1,125664.0,152592.0,286416.0,277440.0,218688.0,212280.9,177172.905,253104.15,260452.335,252423.7625,377206.83,481170.04,489334.69,418030.08,463752.12,208198.575,347269.78,560367.145,357067.36,28327.95,34398.225,54632.475000000006,60702.75,48562.2,52609.18,42492.03,62726.33,58679.47,70820.05,84984.06,105218.36,117358.94,97124.64,97124.64,60702.9,89030.92,117358.94,82960.63,44.385000000000005,44.385000000000005,52.455000000000005,45.73,45.0575,40.35,41.695682,40.35066,44.385726,35.643083,44.385726,45.730748,41.695682,43.040704,47.748281,34.298061,39.005638,47.748281,43.040704,47_-1
-3,NASS USDA,Accomack,,22,47,1,-1,15014.4,,23963.2,,19312.0,17009.6875,14560.2925,15784.99,17907.799,21010.366,29011.723,37176.373,40768.819,31134.532,31787.704,12764.0695,27351.5775,47627.125,28657.9215,2792.3265,,3937.58505,,4006.3815,3561.2368,3237.488,3318.4252,3763.5798,5706.07259999999,5948.88419999999,7365.2852,8781.6862,6920.13059999999,6879.662,3277.9566,7162.94219999999,9833.8698,5463.26099999999,53.80000000000001,,60.86125,,48.218250000000005,47.7475,44.9909859,47.5465277,47.6137788,36.8536028,48.7570475,50.5055760999999,46.403259,44.9909859,46.2015057,38.9383869,38.333127,48.420792,52.455858,47_1
-3,NASS USDA,Albemarle,,22,47,2,-1,,,,,,,,,,,,,,,,,,,1034.189,,,,,,,,,,,,,,,,,,,202.343,,,,,,,,,,,,,,,,,,,51.110836,47_2
-3,NASS USDA,Alexandria,,22,47,3,-1,,,,,,,,,,,,,,,,,,,,,,,,,,,,,,,,,,,,,,,,,,,,,,,,,,,,,,,,,,47_3
-3,NASS USDA,Alleghany,,22,47,4,-1,,,,,,,,,,,,,,,,,,,,,,,,,,,,,,,,,,,,,,,,,,,,,,,,,,,,,,,,,,47_4
-3,NASS USDA,Amelia,,22,47,5,-1,,,3209.6,2214.08,2159.68,1156.65875,,,4055.1095,1540.3973,,6912.737,3782.9545,3401.9375,3538.015,1948.6298,,6259.565,2514.7122,,,651.54285,546.32475,481.57515,424.9203,,,849.8406,408.73286,,1408.30728,951.0121,768.9034,728.4348,607.029,,1177.63626,566.5604,,,49.294250000000005,40.55175,44.85575000000001,27.23625,,,47.748281,37.660616,,49.093303,39.7454001,44.2512238,48.5552942,32.0787747,,53.128369,44.385726,47_5
-3,NASS USDA,Amherst,,22,47,6,-1,,,,,,,,,,,,,,,,,,,,,,,,,,,,,,,,,,,,,,,,,,,,,,,,,,,,,,,,,,47_6
-3,NASS USDA,Appomattox,,22,47,7,-1,,,,,465.12,473.5497,430.0049,394.62475,987.92265,1047.79675,2373.1916,2558.257,2612.688,1592.10675,1888.7557,,,1763.5644,707.603,,,,,109.26495,133.54638,113.31208,117.35894,287.32706,376.35798,639.40388,607.029,647.4976,485.6232,501.81064,,,335.88938,202.343,,,,,42.56925,35.44075,37.9296204,33.62555,34.3653121,27.8419553999999,37.1226072,42.1664397,40.35066,32.8185368,37.660616,,,52.455858,34.970572,47_7
-3,NASS USDA,Arlington,,22,47,8,-1,,,,,,,,,,,,,,,,,,,,,,,,,,,,,,,,,,,,,,,,,,,,,,,,,,,,,,,,,,47_8
-3,NASS USDA,Augusta,,22,47,9,-1,3808.0,,4787.2,3835.2,5440.0,3483.584,,,,1886.03415,,,,,,,,6354.81925,6286.7805,971.244,,833.6511,736.5267,1096.69635,813.41886,,,,445.1546,,,,,,,,1331.41694,1416.401,39.20675,,57.43150000000001,52.11875,49.6305,42.83825,,,,42.368193,,,,,,,,47.748281,44.385726,47_9
-3,NASS USDA,Bath,,22,47,10,-1,,,,,,,,,,,,,,,,,,,,,,,,,,,,,,,,,,,,,,,,,,,,,,,,,,,,,,,,0.0,,47_10
-3,NASS USDA,Bedford,,22,47,11,-1,1729.9199999999998,,1925.76,1882.24,2665.6,2775.981,1692.8041,2367.7485,1573.0559,1276.40695,,1453.3077,639.56425,925.327,1246.4699,1290.0147,1118.55705,,914.4408,348.0291,,396.5913,441.10665,607.0275,789.1377,420.87344,615.12272,424.9203,343.9831,,372.31112,174.01498,343.9831,303.5145,343.9831,319.70194,,242.8116,49.76500000000001,,48.5545,42.70375000000001,43.91425,35.17175,40.2161578,38.4676292,36.988105,37.1226072,,39.005638,36.7863517,26.90044,41.0904221,37.5261138,34.970572,,37.660616,47_11
-3,NASS USDA,Bedford City,,22,47,12,-1,,,,,,,,,,,,,,,,,,,,,,,,,,,,,,,,,,,,,,,,,,,,,,,,,,,,,,,,,,47_12
-3,NASS USDA,Bland,,22,47,13,-1,,,,,,,,,,,,,,,,,,,,,,,,,,,,,,,,,,,,,,,,,,,,,,,,,,,,,,,,,,47_13
-3,NASS USDA,Botetourt,,22,47,14,-1,,,,435.2,,,,,,,,,,,,,,1551.2835,1200.20355,,,,113.3118,,,,,,,,,,,,,,513.95122,283.2802,,,,38.39975,,,,,,,,,,,,,,30.262995,42.368193,47_14
-3,NASS USDA,Bristol,,22,47,15,-1,,,,,,,,,,,,,,,,,,,,,,,,,,,,,,,,,,,,,,,,,,,,,,,,,,,,,,,,,,47_15
-3,NASS USDA,Brunswick,,22,47,16,-1,,,,,,968.8718,740.2616,,,,,5143.7295,,,,190.5085,,3208.70745,827.3512,,,,,,263.0459,226.62416,,,,,1210.01114,,,,117.35894,,756.76282,323.7488,,,,,,36.853,32.6840346,,,,,42.5026952,,,,16.2075151,,42.368193,25.555418,47_16
-3,NASS USDA,Buchanan,,22,47,17,-1,,,,,,,,,,,,,,,,,,,,,,,,,,,,,,,,,,,,,,,,,,,,,,,,,,,,,,,,,,47_17
-3,NASS USDA,Buckingham,,22,47,18,-1,,,,,,,,,,,,481.71435,,163.293,,,,,,,,,,,,,,,,,137.59324,,80.9372,,,,,,,,,,,,,,,,,35.0378231,,20.17533,,,,,,47_18
-3,NASS USDA,Buena Vista,,22,47,19,-1,,,,,,,,,,,,,,,,,,,,,,,,,,,,,,,,,,,,,,,,,,,,,,,,,,,,,,,,,,47_19
-3,NASS USDA,Campbell,,22,47,20,-1,1077.12,,3699.2,,1740.8,1910.5281,1099.5062,,,,2580.0294,3048.136,2503.826,2394.964,3483.584,1491.4094,2473.88895,3156.998,1088.62,360.16965,,845.79165,,623.2149000000001,558.46668,299.46764,,,,789.1377,1149.30824,930.7778,768.9034,768.9034,485.6232,683.91934,635.35702,323.7488,29.926250000000003,,43.77975,,27.976,34.23025,36.7191006,,,,32.6840346,26.4969333999999,26.90044,31.1372592999999,45.3272414,30.7337527,36.315594,49.765814,33.62555,47_20
-3,NASS USDA,Caroline,,22,47,21,-1,3753.6,,,,,,8817.822,17336.2735,16873.61,11267.217,16628.6705,17336.2735,15839.421,13036.2245,14968.525,7838.064,12097.28975,15921.0675,11136.5826,1044.0873,,,,,,1942.4928,4006.3914,3375.08124,3136.3165,3399.3624,3561.2368,3723.1112,3156.5508,2751.8648,2185.3044,3156.5508,3075.6136,2509.0532,35.978750000000005,,,,,,45.3944925,43.2424573,49.9675673,35.9120874,48.8915497,48.6897964,42.5699463,41.2921754,54.4061399,35.8448363,38.333127,51.783347,44.385726,47_21
-3,NASS USDA,Carroll,,22,47,22,-1,,,,,,,,,,,,,,,,,,,,,,,,,,,,,,,,,,,,,,,,,,,,,,,,,,,,,,,,,,47_22
-3,NASS USDA,Charles City,,22,47,23,-1,,,,,,4517.773,,,,8464.0205,9933.6575,12029.251,10151.3815,11974.82,13090.6555,6259.565,7770.02525,11784.3115,9117.1925,,,,,,1173.5894,,,,2144.8358,2197.44497999999,2695.20876,2751.8648,2387.6474,2266.2416,1861.5556,2266.2416,2468.5846,2023.43,,,,,,38.467,,,,39.4763957,45.1927392,44.6547304,36.9208539,50.1693205999999,57.7686949,33.62555,34.298061,47.748281,45.058237,47_23
-3,NASS USDA,Charlotte,,22,47,24,-1,1656.48,,3019.2,2720.0,3236.8,2400.4071,1804.38765,3755.739,1921.4143,1986.7315,,3429.153,3919.032,4109.5405,4653.8505,1706.41185,,5241.7053,3538.015,501.8094,,708.19875,728.433,890.307,728.4348,574.65412,1072.4179,550.37296,764.85654,,955.05896,1638.9783,1092.6522,1072.4179,683.91934,,1278.80776,809.372,33.01975,,42.6365,37.391000000000005,36.38225,32.9525,31.4062637,35.0378231,34.9033209,25.9589246,,35.9120874,23.9413916,37.5933649,43.3769595,24.9501581,,41.023171,43.713215,47_24
-3,NASS USDA,Charlottesville,,22,47,25,-1,,,,,,,,,,,,,,,,,,,,,,,,,,,,,,,,,,,,,,,,,,,,,,,,,,,,,,,,,,47_25
-3,NASS USDA,Chesapeake,,22,47,26,-1,,,,,,,,,,,,,,,,,,,,,,,,,,,,,,,,,,,,,,,,,,,,,,,,,,,,,,,,,,47_26
-3,NASS USDA,Chesterfield,,22,47,27,-1,,,,,,,,,,,,1091.34155,664.0582,,1004.25195,,802.85725,,802.85725,,,,,,,,,,,,234.71788,182.1087,,182.1087,,202.343,,202.343,,,,,,,,,,,,46.4705100999999,36.4500962,,55.145902,,39.678149,,39.678149,47_27
-3,NASS USDA,Clarke,,22,47,28,-1,,,,,,,,,,,,1197.482,,,1964.9591,,,,816.465,,,,,,,,,,,,226.62416,,,424.9203,,,,202.343,,,,,,,,,,,,52.8593645999999,,,46.2687568,,,,40.35066,47_28
-3,NASS USDA,Clifton Forge City,,22,47,29,-1,,,,,,,,,,,,,,,,,,,,,,,,,,,,,,,,,,,,,,,,,,,,,,,,,,,,,,,,,,47_29
-3,NASS USDA,Colonial Heights,,22,47,30,-1,,,,,,,,,,,,,,,,,,,,,,,,,,,,,,,,,,,,,,,,,,,,,,,,,,,,,,,,,,47_30
-3,NASS USDA,Covington,,22,47,31,-1,,,,,,,,,,,,,,,,,,,,,,,,,,,,,,,,,,,,,,,,,,,,,,,,,,,,,,,,,,47_31
-3,NASS USDA,Craig,,22,47,32,-1,,,,,,,,,,,,,,,,,,,,,,,,,,,,,,,,,,,,,,,,,,,,,,,,,,,,,,,,,,47_32
-3,NASS USDA,Culpeper,,22,47,33,-1,3644.8,,5412.799999999999,4624.0,2665.6,2966.4895,1300.9009,1306.344,1107.67085,,,873.61755,,,2348.69765,993.36575,1624.76535,2563.7001,2362.3054,797.22945,,1019.8062,910.54125,607.0275,776.99712,299.46764,380.40484,238.76474,,,234.71788,,,574.65412,295.42078,513.95122,635.35702,566.5604,45.73,,53.127500000000005,50.841,43.91425,38.198,43.4442105999999,34.3653121,46.403259,,,37.1898583,,,40.8886688,33.62555,31.608017,40.35066,41.695682,47_33
-3,NASS USDA,Cumberland,,22,47,34,-1,,,,,,,,,,,492.60055,,,979.758,1396.15515,,,1006.9735,,,,,,,,,,,,129.49952,,,364.2174,283.2802,,,202.343,,,,,,,,,,,,38.0641226,,,26.90044,49.2950563,,,49.765814,,47_34
-3,NASS USDA,Danville,,22,47,35,-1,,,,,,,,,,,,,,,,,,,,,,,,,,,,,,,,,,,,,,,,,,,,,,,,,,,,,,,,,,47_35
-3,NASS USDA,Dickenson,,22,47,36,-1,,,,,,,,,,,,,,,,,,,,,,,,,,,,,,,,,,,,,,,,,,,,,,,,,,,,,,,,,,47_36
-3,NASS USDA,Dinwiddie,,22,47,37,-1,,,,4188.8,3808.0,,,3429.153,2691.61295,,7048.8145,13036.2245,10858.9845,6286.7805,7239.323,2912.0585,5568.2913,9299.53635,5960.1945,,,,914.5881,902.44755,,,971.2464,687.9662,,1740.1498,2933.9735,2630.459,1416.401,1456.8696,890.3092,1335.4638,1893.93048,1214.058,,,,45.79725,42.233,,,35.3068275,39.1401402,,40.4851622,44.4529770999999,41.2921754,44.385726,49.6985629,32.6840346,41.695682,49.093303,49.093303,47_37
-3,NASS USDA,Emporia,,22,47,38,-1,,,,,,,,,,,,,,,,,,,,,,,,,,,,,,,,,,,,,,,,,,,,,,,,,,,,,,,,,,47_38
-3,NASS USDA,Essex,,22,47,39,-1,7752.0,,15612.8,13192.0,9112.0,10124.166,12764.0695,11648.234,16764.748,14941.3095,18996.419,22371.141,23895.209,21609.107,22588.865,9171.6235,16895.3824,22289.4945,15784.99,1537.803,,2646.6399,2610.21825,1938.44115,2715.44306,3075.6136,3136.3165,3642.174,3642.174,4006.3914,4411.0774,5058.575,4613.4204,4168.2658,2670.9276,3925.4542,5422.7924,4046.86,50.4375,,59.0455,50.57200000000001,47.00775000000001,37.2565,41.4939287,37.1226072,45.9997524,41.023171,47.4120255,50.7073294,47.2102722,46.8067655999999,54.2043865999999,34.3653121,43.040704,41.023171,39.005638,47_39
-3,NASS USDA,Fairfax,,22,47,40,-1,,,,,,,,,,,,,,,,,,,,,,,,,,,,,,,,,,,,,,,,,,,,,,,,,,,,,,,,,,47_40
-3,NASS USDA,Fairfax City,,22,47,41,-1,,,,,,,,,,,,,,,,,,,,,,,,,,,,,,,,,,,,,,,,,,,,,,,,,,,,,,,,,,47_41
-3,NASS USDA,Falls Church,,22,47,42,-1,,,,,,,,,,,,,,,,,,,,,,,,,,,,,,,,,,,,,,,,,,,,,,,,,,,,,,,,,,47_42
-3,NASS USDA,Fauquier,,22,47,43,-1,4488.0,,6364.799999999999,5086.4,5168.0,3646.877,1510.46025,2052.0487,1573.0559,1515.90335,2054.77025,3020.9205,2071.09955,,1543.11885,895.38995,,,947.0994,768.9015,,1056.22785,955.0566,1165.4928,833.65316,352.07682,627.2633,339.93624,335.88938,534.18552,720.34108,586.7947,,445.1546,279.23334,,,485.6232,58.373,,60.32325,53.26200000000001,44.385000000000005,43.7125,42.9062018,32.6840346,46.2687568,45.1254880999999,38.4676292,41.9646864,35.3068275,,34.6343165,32.0787747,,,19.502819,47_43
-3,NASS USDA,Floyd,,22,47,44,-1,,,,,,,,,,,,,,,,,,,,,,,,,,,,,,,,,,,,,,,,,,,,,,,,,,,,,,,,,,47_44
-3,NASS USDA,Fluvanna,,22,47,45,-1,446.08,,182.24,,,,,,,,,,,,,,,1134.88635,1592.10675,121.4055,,40.4685,,,,,,,,,,,,,,,295.42078,364.2174,36.78575000000001,,45.0575,,,,,,,,,,,,,,,38.333127,43.713215,47_45
-3,NASS USDA,Franklin,,22,47,46,-1,2034.56,,3590.4,3563.2,1836.0,3075.3515,1654.7024,2533.76305,1717.29805,2027.55475,,593.2979,949.82095,2169.07535,2993.705,,1175.7096,2743.3224,2046.6056,607.0275,,801.2763,890.307,465.38775,772.95026,424.9203,748.6691,424.9203,534.18552,,161.8744,465.3889,586.7947,607.029,,360.17054,509.90436,647.4976,33.55775,,44.85575000000001,40.01375,39.475750000000005,39.812,38.9383869,33.8273033,40.4179111,37.9296204,,36.6518495,20.3770833,36.988105,49.2950563,,32.6167835,53.80088,31.608017,47_46
-3,NASS USDA,Frederick,,22,47,47,-1,576.64,,704.4799999999999,805.12,,974.3149,,,734.8185,,,870.896,2487.4967,1387.9905,1257.3561,786.52795,,,1061.4045,161.874,,149.73345,161.874,,210.43672,,,133.54638,,,202.343,485.6232,283.2802,303.5145,202.343,,,242.8116,35.642500000000005,,47.075,49.76500000000001,,46.268,,,55.0113997999999,,,43.040704,51.2453382,49.0260519,41.4266776,38.8711358,,,43.713215,47_47
-3,NASS USDA,Fredericksburg,,22,47,48,-1,,,,,,,,,,,,,,,,,,,,,,,,,,,,,,,,,,,,,,,,,,,,,,,,,,,,,,,,,,47_48
-3,NASS USDA,Galax,,22,47,49,-1,,,,,,,,,,,,,,,,,,,,,,,,,,,,,,,,,,,,,,,,,,,,,,,,,,,,,,,,,,47_49
-3,NASS USDA,Giles,,22,47,50,-1,,,,,,,,,,,,,,,,,,,,,,,,,,,,,,,,,,,,,,,,,,,,,,,,,,,,,,,,,,47_50
-3,NASS USDA,Gloucester,,22,47,51,-1,,,,,,,,,,,1706.41185,2509.2691,4055.1095,3510.7995,4055.1095,1336.28105,2822.24735,8981.115,2476.6105,,,,,,,,,,,372.31112,513.95122,910.5435,728.4348,849.8406,384.4517,809.372,1780.6184,526.0918,,,,,,,,,,,45.8652502,48.8242985999999,44.5202282,48.2190387,47.748281,34.7688187,34.970572,50.438325,47.07577,47_51
-3,NASS USDA,Goochland,,22,47,52,-1,,,,,2556.8,,,3837.3855,,,,,,,,925.327,,,3853.7148,,,,,667.7302500000001,,,1092.6522,,,,,,,,323.7488,,,971.2464,,,,,38.3325,,,35.1050742,,,,,,,,28.5817175,,,39.678149,47_52
-3,NASS USDA,Grayson,,22,47,53,-1,,,,,,,,,,,,,,,,,,,,,,,,,,,,,,,,,,,,,,,,,,,,,,,,,,,,,,,,,,47_53
-3,NASS USDA,Greene,,22,47,54,-1,,,,,,,,,,,,,,,,,,,,,,,,,,,,,,,,,,,,,,,,,,,,,,,,,,,,,,,,,,47_54
-3,NASS USDA,Greensville,,22,47,55,-1,,,,1349.12,,1551.2835,427.28335,1679.19635,2498.3829,1605.7145,2830.412,,,4027.894,,1747.2351,4626.635,5829.5601,3069.9084,,,,339.9354,,404.686,125.45266,485.6232,728.4348,566.5604,687.9662,,,930.7778,,764.85654,1375.9324,1274.7609,971.2464,,,,39.6775,31.742000000000004,38.3325,34.0290566,34.5670654,34.298061,28.3127131,41.1576732,,,43.2424573,,22.865374,33.62555,45.730748,31.608017,47_55
-3,NASS USDA,Halifax,,22,47,56,-1,,,,5140.799999999999,3209.6,,1026.02435,3020.9205,2547.3708,1695.52565,3619.6615,5443.1,3075.3515,2612.688,4109.5405,,2789.58875,3946.2475,2008.5039,,,,1294.992,1011.7125,,372.31112,1052.1836,849.8406,671.77876,1068.37104,1740.1498,1294.9952,1031.9493,1133.1208,,1011.715,1278.80776,728.4348,,,,39.74475,,,27.572951,28.7162197,29.9939906,25.2191625,33.8945544,31.2717615,23.7396382999999,25.2864136,36.2483429,,27.572951,30.935506,27.572951,47_56
-3,NASS USDA,Hampton,,22,47,57,-1,,,,,,,,,,,,,,,,,,,,,,,,,,,,,,,,,,,,,,,,,,,,,,,,,,,,,,,,,,47_57
-3,NASS USDA,Hanover,,22,47,58,-1,,,11016.0,8268.8,,6395.6425,7293.754,11512.1565,,7729.202,14369.784,13607.75,14723.5855,18152.7385,18669.833,8327.943,13376.41825,20248.332,12913.75475,,,2031.5187,1833.22305,,2084.1329,1740.1498,2589.9904,,2994.6764,3302.23776,3197.0194,3965.9228,4694.3576,3925.4542,2387.6474,3156.5508,4127.7972,2954.2078,,,54.27075000000001,45.124750000000006,,30.666,41.8974353,44.4529770999999,,25.8244224,43.5114617,42.5699463,37.1226072,38.6693825,47.5465277,34.9033209,42.368193,49.093303,43.713215,47_58
-3,NASS USDA,Harrisonburg,,22,47,59,-1,,,,,,,,,,,,,,,,,,,,,,,,,,,,,,,,,,,,,,,,,,,,,,,,,,,,,,,,,,47_59
-3,NASS USDA,Henrico,,22,47,60,-1,,,,,,,,,,,,,,,,,,,3516.2426,,,,,,,,,,,,,,,,,,,768.9034,,,,,,,,,,,,,,,,,,,45.730748,47_60
-3,NASS USDA,Henry,,22,47,61,-1,,,217.6,,,,,,,,,,,,,,,,,,,64.7496,,,,,,,,,,,,,,,,,,,33.625,,,,,,,,,,,,,,,,,47_61
-3,NASS USDA,Highland,,22,47,62,-1,,,,,,,,,,,,,,,,,,,,,,,,,,,,,,,,,,,,,,,,,,,,,,,,,,,,,,,,,,47_62
-3,NASS USDA,Hopewell,,22,47,63,-1,,,,,,,,,,,,,,,,,,,,,,,,,,,,,,,,,,,,,,,,,,,,,,,,,,,,,,,,,,47_63
-3,NASS USDA,Isle of Wight,,22,47,64,-1,,,,9030.4,5059.2,6667.7975,4000.6785,,5905.7635,8736.1755,14778.0165,,22643.296,13689.3965,,6939.9525,,25985.3594,7707.4296,,,,1857.50415,1120.97745,1436.6353,942.91838,,1214.058,2221.72613999999,3237.488,,4775.2948,2751.8648,,2063.8986,,5018.1064,1942.4928,,,,48.62175,45.124750000000006,46.4025,42.4354441,,48.6225453,39.3418935,45.6634969,,47.4120255,49.765814,,33.62555,,51.783347,39.678149,47_64
-3,NASS USDA,James City,,22,47,65,-1,,,,,,,,,,,,,,,,,,,,,,,,,,,,,,,,,,,,,,,,,,,,,,,,,,,,,,,,,,47_65
-3,NASS USDA,King and Queen,,22,47,66,-1,,,,,3753.6,,,,6123.4875,4463.342,8600.098,11593.803,13716.612,11593.803,9661.5025,7375.4005,7647.5555,13716.612,9754.0352,,,,,801.2763,,,,1303.08892,1335.4638,1869.64932,2375.50682,3298.1909,2792.3334,1902.0242,1861.5556,1962.7271,2751.8648,2266.2416,,,,,46.873250000000006,,,,47.0085189,33.4237967,45.9997524,48.8242985999999,41.5611798,41.4939287,50.7745805,39.6108979,39.005638,49.765814,43.040704,47_66
-3,NASS USDA,King George,,22,47,67,-1,,,,,,,,,,928.04855,2631.73885,,,,,895.38995,,,1959.516,,,,,,,,,,234.71788,566.5604,,,,,226.62416,,,485.6232,,,,,,,,,,39.5436468,46.4705100999999,,,,,39.5436468,,,40.35066,47_67
-3,NASS USDA,King William,,22,47,68,-1,,,9737.6,9465.6,9547.2,6803.875,8708.96,14478.646,11131.1395,10042.5195,13907.1205,,20683.78,16547.024,15812.2055,7946.926,13172.302,18043.8765,10028.91175,,,1711.81755,1926.3006,2015.3313,1760.3841,2225.773,3298.1909,2549.5218,2792.3334,3095.84789999999,,4856.232,3480.2996,3095.84789999999,2144.8358,3116.0822,3439.831,2225.773,,,56.8935,49.15975,47.41125,38.66875,39.1401402,43.9149683,43.6459639,35.9793385,44.9237348,,42.5699463,47.5465277,51.0435849,37.0553561,42.368193,52.455858,45.058237,47_68
-3,NASS USDA,Lancaster,,22,47,69,-1,,,,,,,,,,,,,,,,,,7157.6765,4131.3129,,,,,,,,,,,,,,,,,,1537.8068,930.7778,,,,,,,,,,,,,,,,,,46.403259,44.385726,47_69
-3,NASS USDA,Lee,,22,47,70,-1,,,,,,,,,,,,,,,,,,,,,,,,,,,,,,,,,,,,,,,,,,,,,,,,,,,,,,,,,,47_70
-3,NASS USDA,Lexington,,22,47,71,-1,,,,,,,,,,,,,,,,,,,,,,,,,,,,,,,,,,,,,,,,,,,,,,,,,,,,,,,,,,47_71
-3,NASS USDA,Loudoun,,22,47,72,-1,,,,,1691.84,1986.7315,1684.63945,1619.32225,2280.6589,2277.93735,1407.04135,4408.911,2775.981,5796.9015,3810.17,,,5878.548,2370.47005,,,,,368.26335,416.82658,388.49856,469.43576,424.9203,469.43576,368.26426,930.7778,708.2005,991.4807,991.4807,,,1015.76186,526.0918,,,,,45.99900000000001,47.68025,43.3769595,34.4998143,53.6663777999999,48.5552942,38.1986248,47.3447744,39.2073913,58.4412059,38.4003781,,,57.835946,45.058237,47_72
-3,NASS USDA,Louisa,,22,47,73,-1,,,,,,,,,,,,2283.38045,,,,,,1891.47725,1104.9493,,,,,,,,,,,,667.7319,,,,,,461.34204,283.2802,,,,,,,,,,,,34.1635588,,,,,,41.023171,39.005638,47_73
-3,NASS USDA,Lunenburg,,22,47,74,-1,,,1286.56,,,,,,1028.7459,,1717.29805,2884.843,2721.55,2103.75815,2340.533,604.1841,1270.96385,,,,,291.3732,,,,,,263.0459,,469.43576,809.372,971.2464,586.7947,465.3889,242.8116,364.2174,,,,,44.18325,,,,,,39.1401402,,36.5845984,35.643083,28.0437087,35.8448363,50.3038228,24.882907,34.970572,,,47_74
-3,NASS USDA,Lynchburg,,22,47,75,-1,,,,,,,,,,,,,,,,,,,,,,,,,,,,,,,,,,,,,,,,,,,,,,,,,,,,,,,,,,47_75
-3,NASS USDA,Madison,,22,47,76,-1,,,,943.84,911.2,1303.62245,979.758,762.034,,1153.9372,1837.04625,1714.5765,1387.9905,,2000.33925,2030.2763,,5143.7295,1698.2472,,,,198.29565,206.38935,311.60822,238.76474,198.29614,,271.13962,412.77972,404.686,364.2174,,364.2174,364.2174,,805.32514,323.7488,,,,47.613,44.18325,41.8295,41.023171,38.4003781,,42.5699463,44.5202282,42.368193,38.1313737,,54.9441487,55.7511619,,63.888545,52.455858,47_76
-3,NASS USDA,Manassas,,22,47,77,-1,,,,,,,,,,,,,,,,,,,,,,,,,,,,,,,,,,,,,,,,,,,,,,,,,,,,,,,,,,47_77
-3,NASS USDA,Manassas Park,,22,47,78,-1,,,,,,,,,,,,,,,,,,,,,,,,,,,,,,,,,,,,,,,,,,,,,,,,,,,,,,,,,,47_78
-3,NASS USDA,Martinsville,,22,47,79,-1,,,,,,,,,,,,,,,,,,,,,,,,,,,,,,,,,,,,,,,,,,,,,,,,,,,,,,,,,,47_79
-3,NASS USDA,Mathews,,22,47,80,-1,,,,,,,,,,,,,,,,,,,,,,,,,,,,,,,,,,,,,,,,,,,,,,,,,,,,,,,,,,47_80
-3,NASS USDA,Mecklenburg,,22,47,81,-1,3209.6,,5032.0,4651.2,4732.8,3184.2135,1943.1867,4436.1265,4490.5575,4354.48,,9661.5025,7212.1075,,6014.6255,2443.9519,4800.8142,4041.50175,3173.3273,829.60425,,987.4314,1116.9306,1189.7739,801.27828,542.27924,1315.2295,1193.8237,1456.8696,,2116.50778,1841.3213,,1416.401,849.8406,1375.9324,1092.6522,890.3092,38.736,,50.9755,41.695,39.812000000000005,39.74475,35.8448363,33.7600522,37.5933649,29.8594883999999,,45.6634969,39.1401402,,42.4354441,28.7834707999999,34.970572,36.988105,35.643083,47_81
-3,NASS USDA,Middlesex,,22,47,82,-1,,,,7480.0,4542.4,5497.531,5524.7465,5824.117,4381.6955,5361.4535,,8327.943,,7783.633,8110.219,4789.928,6545.32775,9035.546,5165.5019,,,,1452.81915,910.54125,1125.02708,1214.058,1254.5266,890.3092,1222.15172,,1715.86864,,1578.2754,1537.8068,1112.8865,1497.3382,1578.2754,1052.1836,,,,51.5135,49.8995,48.89075,45.5289947,46.403259,49.2278052,43.8477172,,48.5552942,,49.2950563,52.7248624,43.040704,43.713215,57.163435,49.093303,47_82
-3,NASS USDA,Montgomery,,22,47,83,-1,579.36,,,,,,,,,,,,,,,,,,,137.5929,,,,149.73345,,,,,,,,,,,,,,,42.0985,,,,42.16575,,,,,,,,,,,,,,,47_83
-3,NASS USDA,Nelson,,22,47,84,-1,,,,,,,,,,,,,,,,,,,,,,,,,,,,,,,,,,,,,,,,,,,,,,,,,,,,,,,,,,47_84
-3,NASS USDA,New Kent,,22,47,85,-1,,,3209.6,3209.6,,,2721.55,,,,,,,,5878.548,,,6286.7805,3652.3201,,,607.0275,659.63655,,,687.9662,,,,,,,,1214.058,,,1335.4638,890.3092,,,52.92575,48.68900000000001,,,39.5436468,,,,,,,,48.420792,,,47.07577,41.023171,47_85
-3,NASS USDA,Newport News,,22,47,86,-1,,,,,,,,,,,,,,,,,,,,,,,,,,,,,,,,,,,,,,,,,,,,,,,,,,,,,,,,,,47_86
-3,NASS USDA,Norfolk,,22,47,87,-1,,,,,,,,,,,,,,,,,,,,,,,,,,,,,,,,,,,,,,,,,,,,,,,,,,,,,,,,,,47_87
-3,NASS USDA,Northampton,,22,47,88,-1,10281.6,,24208.0,21515.2,20128.0,18914.7725,16002.714,18969.2035,17962.23,16465.3775,27705.379,29828.188,29610.464,29093.3695,33393.4185,14723.5855,26643.9745,37965.6225,37013.08,2428.11,,4249.1925,4087.3185,4046.85,3804.0484,3520.7682,4249.20299999999,3925.4542,4572.9518,5301.3866,5827.4784,6596.3818,6394.0388,7162.94219999999,3601.7054,6151.2272,7527.1596,8093.72,42.36750000000001,,57.028,52.65675,49.76500000000001,49.697750000000006,45.4617435999999,44.6547304,45.730748,35.9793385,52.2541047,51.1780870999999,44.8564837,45.5289947,46.6050123,40.8886688,43.3769595,50.438325,45.730748,47_88
-3,NASS USDA,Northumberland,,22,47,89,-1,3264.0,,9819.2,14171.2,9710.4,12110.8975,9797.58,,13634.9655,14859.663,20003.3925,20983.1505,26317.3885,18397.678,19704.022,10886.2,20329.9785,30290.8515,22452.7875,607.0275,,1707.7707,2646.6399,1796.8014,2610.2247,2225.773,,2954.2078,3480.2996,4370.6088,4370.6088,5382.3238,3884.9856,3925.4542,3318.4252,4815.7634,5422.7924,5058.575,53.80000000000001,,57.49875,53.59825000000001,54.06900000000001,46.4025,44.0494705,,46.1342545999999,42.7044485,45.7979990999999,48.0172854,48.8915497,47.3447744,50.1693205999999,32.8185368,42.368193,55.818413,44.385726,47_89
-3,NASS USDA,Norton,,22,47,90,-1,,,,,,,,,,,,,,,,,,,,,,,,,,,,,,,,,,,,,,,,,,,,,,,,,,,,,,,,,,47_90
-3,NASS USDA,Nottoway,,22,47,91,-1,402.56,,1738.08,946.56,,326.586,,870.896,500.7652,1211.08975,,2332.36835,2394.964,1752.6782,1733.62735,625.9565,884.50375,2348.69765,,121.4055,,348.0291,202.3425,,97.12464,,222.5773,121.4058,335.88938,,550.37296,667.7319,465.3889,424.9203,161.8744,202.343,554.41982,,33.15425,,49.96675,46.806,,33.625,,39.1401402,41.2249243,36.0465896,,42.368193,35.8448363,37.660616,40.8214177,38.6693825,43.713215,42.368193,,47_91
-3,NASS USDA,Orange,,22,47,92,-1,,,2684.64,3998.4,2856.0,1001.5304,,925.327,990.6442,794.6926,,,1404.3198,1224.6975,1227.41905,,2898.45075,2424.90105,3619.6615,,,489.66885,849.8385000000001,566.559,299.46764,,238.76474,230.67102,238.76474,,,404.686,283.2802,222.5773,,607.029,546.3261,768.9034,,,54.876,47.075,50.4375,33.42325,,38.7366336,42.9734529,33.2892945,,,34.7015676,43.2424573,55.145902,,47.748281,44.385726,47.07577,47_92
-3,NASS USDA,Page,,22,47,93,-1,,,,565.76,476.0,312.97825,,,,,,,,,,,,,,,,,121.4055,97.1244,72.84348,,,,,,,,,,,,,,,,,46.60425,49.02525000000001,42.97275,,,,,,,,,,,,,,47_93
-3,NASS USDA,Patrick,,22,47,94,-1,,,,,,,,,,,,,,,,,,,,,,,,,,,,,,,,,,,,,,,,,,,,,,,,,,,,,,,,,,47_94
-3,NASS USDA,Petersburg,,22,47,95,-1,,,,,,,,,,,,,,,,,,,,,,,,,,,,,,,,,,,,,,,,,,,,,,,,,,,,,,,,,,47_95
-3,NASS USDA,Pittsylvania,,22,47,96,-1,3073.6,,10363.2,9302.4,6446.4,5932.979,2283.38045,6014.6255,4082.325,4490.5575,6994.3835,9852.011,5170.945,9062.7615,9362.132,7348.185,8436.805,10458.91665,5383.2259,1011.7125,,2282.4234,2569.74975,1679.4427500000002,1841.3213,772.95026,1760.3841,1343.55752,1821.087,2076.03917999999,2711.3962,2096.27348,2630.459,2488.81889999999,2549.5218,2468.5846,2549.5218,1861.5556,30.397,,45.461,36.24775,38.39975,32.21275,29.5232328999999,34.1635588,30.3974972,24.6811537,33.6928011,36.315594,24.6811537,34.4325632,37.5933649,28.8507218999999,34.298061,41.023171,28.917973,47_96
-3,NASS USDA,Poquoson,,22,47,97,-1,,,,,,,,,,,,,,,,,,,,,,,,,,,,,,,,,,,,,,,,,,,,,,,,,,,,,,,,,,47_97
-3,NASS USDA,Portsmouth,,22,47,98,-1,,,,,,,,,,,,,,,,,,,,,,,,,,,,,,,,,,,,,,,,,,,,,,,,,,,,,,,,,,47_98
-3,NASS USDA,Powhatan,,22,47,99,-1,,,,,,,,756.5909,,713.0461,1845.2109,1377.1043,,1224.6975,1722.74115,,1311.7871,,,,,,,,,,218.53044,,234.71788,428.96716,348.02996,,303.5145,343.9831,,295.42078,,,,,,,,,,34.6343165,,30.3974972,43.040704,39.5436468,,40.35066,50.1020695,,44.385726,,,47_99
-3,NASS USDA,Prince Edward,,22,47,100,-1,,,,,,,,,,,,775.64175,617.79185,,,,,,,,,,,,,,,,,,161.8744,242.8116,,,,,,,,,,,,,,,,,,47.9500343,25.4209157999999,,,,,,,47_100
-3,NASS USDA,Prince George,,22,47,101,-1,,,,,,,2030.2763,2667.119,3129.7825,3946.2475,,7565.909,6069.0565,5715.255,8028.5725,1197.482,2574.5863,7699.26495,5429.49225,,,,,,,562.51354,789.1377,667.7319,1011.715,,1578.2754,1537.8068,1294.9952,1537.8068,809.372,890.3092,1659.2126,1416.401,,,,,,,36.1138407,33.8273033,46.8740167,39.005638,,47.9500343,39.4763957,44.1167215999999,52.1868535999999,14.795242,28.917973,46.403259,38.333127,47_101
-3,NASS USDA,Prince William,,22,47,102,-1,,,,,,,,,,,,,,503.48675,,,,,,,,,,,,,,,,,,,161.8744,,,,,,,,,,,,,,,,,,,31.1372592999999,,,,,,47_102
-3,NASS USDA,Pulaski,,22,47,103,-1,,,,,,,,,,,,,,,,,,,,,,,,,,,,,,,,,,,,,,,,,,,,,,,,,,,,,,,,,,47_103
-3,NASS USDA,Radford,,22,47,104,-1,,,,,,,,,,,,,,,,,,,,,,,,,,,,,,,,,,,,,,,,,,,,,,,,,,,,,,,,,,47_104
-3,NASS USDA,Rappahannock,,22,47,105,-1,,,,,,,,,,,,,,,,,,,,,,,,,,,,,,,,,,,,,,,,,,,,,,,,,,,,,,,,,,47_105
-3,NASS USDA,Richmond,,22,47,106,-1,,,7235.2,7534.4,7480.0,8028.5725,8055.788,8872.253,,,13607.75,16465.3775,17200.196,13634.9655,14369.784,8355.1585,11729.8805,18941.988,11498.54875,,,1242.3829500000002,1456.866,1521.6156,1800.8527,1942.4928,2407.8817,,,2974.44209999999,3520.7682,3905.2199,3237.488,3055.3793,2144.8358,3116.0822,3965.9228,2630.459,,,58.2385,51.71525000000001,49.15975,44.58675,41.4939287,36.8536028,,,45.730748,46.7395145,44.0494705,42.0991886,47.0085189,38.9383869,37.660616,47.748281,43.713215,47_106
-3,NASS USDA,Roanoke,,22,47,107,-1,,,,,,,,,,,,,,,,,,,,,,,,,,,,,,,,,,,,,,,,,,,,,,,,,,,,,,,,,,47_107
-3,NASS USDA,Roanoke City,,22,47,108,-1,,,,,,,,,,,,,,,,,,,,,,,,,,,,,,,,,,,,,,,,,,,,,,,,,,,,,,,,,,47_108
-3,NASS USDA,Rockbridge,,22,47,109,-1,,,,,,,,,,,,,,,,,,,,,,,,,,,,,,,,,,,,,,,,,,,,,,,,,,,,,,,,,,47_109
-3,NASS USDA,Rockingham,,22,47,110,-1,4814.4,,4352.0,4841.599999999999,3264.0,4544.9885,2939.274,1804.38765,2155.4676,2003.0608,2574.5863,3320.291,2218.06325,2775.981,2577.30785,655.89355,938.93475,3837.3855,1905.085,890.307,,760.8078,882.2133,619.16805,1153.3551,558.46668,582.74784,433.01402,473.48262,517.99808,594.88842,534.18552,566.5604,477.52948,222.5773,291.37392,643.45074,404.686,54.13625,,57.22975,54.943250000000006,52.72400000000001,39.4085,52.6576113,30.935506,49.765814,42.3009419,49.6985629,55.818413,41.4939287,49.0260519,54.0026332999999,29.4559817999999,32.280528,59.5172235,47.07577,47_110
-3,NASS USDA,Russell,,22,47,111,-1,,,,,,,,,,,,,,,,,,,,,,,,,,,,,,,,,,,,,,,,,,,,,,,,,,,,,,,,,,47_111
-3,NASS USDA,Salem,,22,47,112,-1,,,,,,,,,,,,,,,,,,,,,,,,,,,,,,,,,,,,,,,,,,,,,,,,,,,,,,,,,,47_112
-3,NASS USDA,Scott,,22,47,113,-1,,,,,,,,,,,,,,,,,,,,,,,,,,,,,,,,,,,,,,,,,,,,,,,,,,,,,,,,,,47_113
-3,NASS USDA,Shenandoah,,22,47,114,-1,2910.4,,4188.8,3155.2,2537.76,2122.809,881.7822,1159.3803,1728.18425,1526.78955,1341.72415,2122.809,,625.9565,,,1371.6612,1714.5765,1257.3561,469.4346000000001,,716.29245,566.559,505.8562500000001,453.24832,178.06184,352.07682,311.60822,364.2174,287.32706,404.686,,141.6401,,,323.7488,339.93624,283.2802,62.00450000000001,,58.50750000000001,55.75025000000001,50.1685,46.806,49.4968095999999,32.953039,55.4821575,41.8974353,46.6722634,52.455858,,44.1839727,,,42.368193,50.438325,44.385726,47_114
-3,NASS USDA,Smyth,,22,47,115,-1,,,,,,,,,,,,,,,,,,,,,,,,,,,,,,,,,,,,,,,,,,,,,,,,,,,,,,,,,,47_115
-3,NASS USDA,Southampton,,22,47,116,-1,,,,,,1404.3198,887.2253,,4980.4365,,8654.529,18288.816,23623.054,13063.44,15839.421,6667.7975,8845.0375,23661.1557,13267.55625,,,,,,352.07682,202.343,,1112.8865,,2185.3044,4046.86,5787.0098,3197.0194,3318.4252,1942.4928,2630.459,5099.0436,3035.145,,,,,,39.87925,43.8477172,,44.7219815,,39.6108979,45.1927392,40.8214177,40.8886688,47.748281,34.298061,33.62555,46.403259,43.713215,47_116
-3,NASS USDA,Spotsylvania,,22,47,117,-1,,,,,,1398.8767,,1401.59825,,,,2993.705,,,,,,1537.67575,1371.6612,,,,,,412.77972,,380.40484,,,,756.76282,,,,,,380.40484,323.7488,,,,,,33.894,,36.8536028,,,,39.5436468,,,,,,40.35066,42.368193,47_117
-3,NASS USDA,Stafford,,22,47,118,-1,,,,,,,,,,,,,,,,,,,,,,,,,,,,,,,,,,,,,,,,,,,,,,,,,,,,,,,,,,47_118
-3,NASS USDA,Staunton,,22,47,119,-1,,,,,,,,,,,,,,,,,,,,,,,,,,,,,,,,,,,,,,,,,,,,,,,,,,,,,,,,,,47_119
-3,NASS USDA,Suffolk,,22,47,120,-1,,,7425.599999999999,3889.6,2910.4,2471.1674,,,,,,,,,,,,,,,,1634.9274,1011.7125,720.3393,566.5604,,,,,,,,,,,,,,,,45.461,38.467,40.41725,43.64525,,,,,,,,,,,,,,47_120
-3,NASS USDA,Surry,,22,47,121,-1,1096.16,,,,2720.0,3129.7825,2612.688,3592.446,5932.979,4844.359,10750.1225,,15159.0335,,16084.3605,8028.5725,13945.2222,15774.1038,10967.8465,246.85785,,,,627.26175,748.6691,651.54446,971.2464,1537.8068,1618.744,2549.5218,,3723.1112,,3156.5508,2347.1788,3399.3624,3723.1112,2509.0532,44.45225,,,,43.37625,41.8295,40.0816556,36.988105,38.6021314,29.9267395,42.1664397,,40.6869155,,50.9763338,34.2308099,41.023171,42.368193,43.713215,47_121
-3,NASS USDA,Sussex,,22,47,122,-1,,,5168.0,5739.2,,3483.584,,4708.2815,4926.0055,7048.8145,10477.9675,12655.2075,13798.2585,12954.578,12736.854,4762.7125,9198.839,15431.1885,8137.4345,,,1125.0243,1509.47505,,789.1377,,1214.058,1112.8865,2104.3672,2428.116,2683.06817999999,3318.4252,2630.459,2630.459,1416.401,2367.41309999999,3277.9566,1861.5556,,,45.93175000000001,38.063500000000005,,44.11599999999999,,38.8038847,44.2512238,33.4910478,43.1752062,47.1430210999999,41.5611798,49.2278052,48.420792,33.62555,39.005638,47.07577,43.713215,47_122
-3,NASS USDA,Tazewell,,22,47,123,-1,,,,,,,,,,,,,,,,,,,,,,,,,,,,,,,,,,,,,,,,,,,,,,,,,,,,,,,,,,47_123
-3,NASS USDA,Virginia Beach,,22,47,124,-1,,,,,,,,,,,,,,,,,,,,,,,,,,,,,,,,,,,,,,,,,,,,,,,,,,,,,,,,,,47_124
-3,NASS USDA,Warren,,22,47,125,-1,,,,,,,,,,,,,,,,,,,,,,,,,,,,,,,,,,,,,,,,,,,,,,,,,,,,,,,,,,47_125
-3,NASS USDA,Washington,,22,47,126,-1,,,,,,,,,,,,,,,,,,,,,,,,,,,,,,,,,,,,,,,,,,,,,,,,,,,,,,,,,,47_126
-3,NASS USDA,Waynesboro,,22,47,127,-1,,,,,,,,,,,,,,,,,,,,,,,,,,,,,,,,,,,,,,,,,,,,,,,,,,,,,,,,,,47_127
-3,NASS USDA,Westmoreland,,22,47,128,-1,,,11260.8,13219.2,8867.199999999999,11757.096,10804.5535,13798.2585,14424.215,13771.043,15730.559,22044.555,20574.918,17935.0145,17744.506,7892.495,13390.026,23704.7005,16775.6342,,,2035.56555,2670.9210000000003,1752.2860500000002,2610.2247,2468.5846,3318.4252,2913.7392,3439.831,3237.488,4087.3286,4289.6716,3884.9856,3399.3624,2023.43,3318.4252,4572.9518,3723.1112,,,55.34675,49.496,50.63925,45.0575,43.7804660999999,41.5611798,49.4968095999999,40.0144045,48.6225453,53.9353822,47.9500343,46.1342545999999,52.1868535999999,39.005638,40.35066,51.783347,45.058237,47_128
-3,NASS USDA,Williamsburg,,22,47,129,-1,,,,,,,,,,,,,,,,,,,,,,,,,,,,,,,,,,,,,,,,,,,,,,,,,,,,,,,,,,47_129
-3,NASS USDA,Winchester,,22,47,130,-1,,,,,,,,,,,,,,,,,,,,,,,,,,,,,,,,,,,,,,,,,,,,,,,,,,,,,,,,,,47_130
-3,NASS USDA,Wise,,22,47,131,-1,,,,,,,,,,,,,,,,,,,,,,,,,,,,,,,,,,,,,,,,,,,,,,,,,,,,,,,,,,47_131
-3,NASS USDA,Wythe,,22,47,132,-1,,,,,,,,,,,,,,,,,,,,,,,,,,,,,,,,,,,,,,,,,,,,,,,,,,,,,,,,,,47_132
-3,NASS USDA,York,,22,47,133,-1,,,,,,,,,,,,,,,,,,,,,,,,,,,,,,,,,,,,,,,,,,,,,,,,,,,,,,,,,,47_133
-2,NASS USDA,Washington,,22,48,-1,-1,3847712.0,3905104.0,3076864.0,3917344.0,2371296.0,4507839.3425,3884604.3925,4169686.755,3878208.75,4280725.995,3045414.45,2951793.13,3960671.715,3922433.9375,4504981.715,4015374.87,3368326.3575,3309132.645,3411245.201,914588.1,906494.4,906494.4,918634.95,902447.55,924707.51,892332.63,876145.19,866028.039999999,890309.2,900426.35,910543.5,880192.049999999,876145.19,944941.809999999,920660.65,916613.789999999,932801.23,864813.982,42.07043586068963,43.07918504515858,25.555000000000003,42.66671806167402,26.29082959641256,43.38434354485776,43.5332687460317,47.5914135381062,44.7816904205607,48.0814796318181,33.8220138876404,32.4180191377777,44.9979429103448,44.7693523672055,47.674837614561,43.6141859076923,36.7476043774834,35.4753199522776,39.4449573055685,48_-1
-3,NASS USDA,Adams,,22,48,1,-1,488484.8,,234926.4,387083.2,252960.0,525259.15,478720.645,421840.25,454498.85,410954.05,212280.9,261540.955,418900.976,478992.8,534321.9115,471508.5375,200033.925,339333.7402,377157.8421,112502.43,,116063.658,108253.2375,106836.84,115618.7902,104813.674,96315.268,101980.872,98338.698,88626.234,110519.7466,102790.243999999,104004.302,116711.4424,117116.1284,82555.944,116225.8192,108091.6306,43.44349999999999,,20.24116799765177,35.77700000000001,23.672000000000004,45.41121569828492,45.6634969,43.7804660999999,44.5874793,41.7629331,23.9413916,23.6481314938484,40.7520484551181,46.0670035,45.7993049466019,40.2871734743607,24.210396,29.0851641051532,34.9013569966679,48_1
-3,NASS USDA,Asotin,,22,48,2,-1,,,36012.8,,19279.36,52253.76,36604.8475,44905.575,40006.785,36740.925,2258.8865,33502.2805,35189.6415,32658.6,40006.785,39353.613,24902.1825,18517.4262,26262.9575,,,8781.6645,,9582.9408,10311.39928,9348.2466,9712.464,8498.40599999999,9307.778,1537.8068,10279.0244,9510.121,7891.37699999999,8903.092,10238.5558,8498.40599999999,8660.2804,9226.8408,,,41.02250000000001,,20.14239738175676,50.67989560439559,39.1654685363636,46.2687568,47.07577,39.4763957,14.6607398,32.606722311811,37.0024137446808,41.3594265,44.9237348,38.425630489328,29.2542285,21.3443678130841,28.4625532701754,48_2
-3,NASS USDA,Benton,,22,48,3,-1,155883.2,,124845.27999999998,169537.59999999998,82416.0,176356.44,138200.309,123367.8615,136077.5,12764.0695,9443.7785,11947.6045,162449.3195,188875.57,204306.7585,105323.985,53070.225,17102.2202,133192.657,40144.75200000001,,37344.3318,40735.5921,33184.7,37312.0492,36947.8318,32051.1312,24685.8459999999,9024.4978,8377.0002,9105.435,32172.537,35895.6481999999,34519.7158,28166.1456,30432.3872,7324.8166,37635.798,38.83028097919249,,33.43085121153513,41.64303591297438,24.882500000000004,47.26755965292842,37.4109840417305,38.5219735232323,55.145902,14.122731,11.2981848,13.1139645,50.4878116584905,52.6185647199549,59.1763163998827,37.3916116,17.485286,23.2016295,35.3914337225806,48_3
-3,NASS USDA,Chelan,,22,48,4,-1,,,,,,,,,,,,,,,,,,,,,,,,,,,,,,,,,,,,,,,,,,,,,,,,,,,,,,,,,,48_4
-3,NASS USDA,Clallam,,22,48,5,-1,,,,,,,,,,,,,,,,,,,,,,,,,,,,,,,,,,,,,,,,,,,,,,,,,,,,,,,,,,48_5
-3,NASS USDA,Clark,,22,48,6,-1,,,,,,,,,,,,1129.44325,,,,,,,,,,,,,,,,,,,202.343,,,,,,,,,,,,,,,,,,,55.818413,,,,,,,,48_6
-3,NASS USDA,Columbia,,22,48,7,-1,164832.0,,156563.2,243820.8,131784.0,242000.226,202728.2595,190508.5,209967.5825,220255.0415,173417.166,158203.7015,196495.91,163293.0,195488.9365,177036.8275,179350.145,167633.87225,152406.8,32698.548000000003,,42330.051,40104.283500000005,40954.122,43908.431,40549.5372,31565.5079999999,41399.3778,39780.6337999999,38607.0444,40063.914,37635.798,27113.962,38404.7014,38040.484,37109.7062,37352.5178,34155.4984,50.4375,,36.98630081971788,60.83356281533804,32.201054347826094,55.1128935483871,50.02528780499,60.3242367,50.7409220804496,55.394382157884,44.9080851729559,39.4947369090909,52.2331339268817,60.2569855999999,50.9187203708113,46.5245256111702,48.3478205229007,44.9955761700975,44.6274793618483,48_7
-3,NASS USDA,Cowlitz,,22,48,8,-1,,,,,,,,,,,,,,,,,,,,,,,,,,,,,,,,,,,,,,,,,,,,,,,,,,,,,,,,,,48_8
-3,NASS USDA,Douglas,,22,48,9,-1,161350.4,,160044.8,183219.2,91596.0,184929.3225,191869.275,206021.335,213723.3215,217860.0775,154692.902,146392.1745,186426.175,179622.3,224527.875,188195.1825,131723.02,182684.04375,200850.39,63616.482,,61916.805,62839.4868,63122.7663,61107.586,58679.47,57465.412,62119.301,64749.76,61916.958,62645.3928,60702.9,59488.842,61107.5859999999,69160.8374,66368.504,69970.2093999999,68149.1224,25.362986906443517,,25.89125,29.173940430190637,14.534976439287089,30.2625,32.6840346,35.8448363,34.3782365785016,33.6413119765625,24.9593886431372,23.3476008798449,30.7337527,30.1957438999999,36.7191006,27.2061983657109,19.8390745,26.0441456295546,29.4652467971496,48_9
-3,NASS USDA,Ferry,,22,48,10,-1,,,,,,,,,,,,,,244.9395,,,,,,,,,,,,,,,,,,,121.4058,,,,,,,,,,,,,,,,,,,20.17533,,,,,,48_10
-3,NASS USDA,Franklin,,22,48,11,-1,122862.4,,56510.72,,48280.0,94356.1385,99336.575,,93893.475,129273.625,64065.287,44905.575,99336.575,98111.8775,110222.775,137030.0425,129001.47,132038.7198,128546.97115,27073.4265,,28085.139,,25632.7479,25738.0296,27113.962,,24685.8459999999,25899.904,29744.421,21326.9522,25899.904,27842.3968,26102.247,28894.5804,25090.532,33103.3148,30756.136,45.39375,,20.12121784407049,,18.849642011367223,36.66245833333333,36.6518495,,38.0641226,49.9003162,21.5340767142857,21.0495943,38.333127,35.2559981802325,42.2336908,47.4086346882353,51.4470915,39.8138021968215,41.8045225960526,48_11
-3,NASS USDA,Garfield,,22,48,12,-1,155665.59999999998,,102136.0,143942.4,102380.8,192440.8005,106276.5275,170477.892,161877.794,160217.6485,36849.787,145412.4165,126797.0145,143779.4865,130634.4,148841.5695,137438.275,107591.03615,102738.5125,35733.68550000001,,24159.6945,25252.344,35855.091,36300.3342,24685.8459999999,33872.2181999999,33791.281,32658.1602,13314.1693999999,37878.6095999999,33588.938,33993.6239999999,23269.445,34195.967,34802.996,31889.2568,29015.9862,43.562705000020216,,42.300250000000005,57.028,28.563033295711055,53.01136817168339,43.040704,50.3133038391875,47.92144251497,49.0558023866171,27.7074532,38.4015276914529,37.7627080313253,42.2945370333333,56.1546685,43.5381233786982,39.6273196802325,33.6387783255076,35.4039992428172,48_12
-3,NASS USDA,Grant,,22,48,13,-1,166056.0,,192059.2,161840.0,145792.0,247035.0935,198128.84,68991.2925,182343.85,225888.65,122469.75,130634.4,227249.425,278958.875,345636.85,304378.152,265351.125,268089.0043,278599.6304,44758.161,,49424.17905,48157.515,48299.15475,51961.6824,43706.0879999999,8457.93739999999,41682.6579999999,46134.204,43706.0879999999,45243.8948,46943.576,57465.412,63657.1078,56858.383,46943.576,68918.0258,57060.7259999999,37.12200000000001,,38.85936067965908,33.625,30.208745077503146,47.5438644859813,45.3272414,81.5755842999999,43.713215,48.9588008,28.0437087,28.8507218999999,48.420792,48.5562413985915,54.3031897100445,53.5189519010676,56.490924,38.8611053951849,48.8200059765957,48_13
-3,NASS USDA,Grays Harbor,,22,48,14,-1,,,,,,,,,,,,,,,,,,,,,,,,,,,,,,,,,,,,,,,,,,,,,,,,,,,,,,,,,,48_14
-3,NASS USDA,Island,,22,48,15,-1,,,,,,,,,,,,,,,,,,,,,,,,,,,,,,,,,,,,,,,,,,,,,,,,,,,,,,,,,,48_15
-3,NASS USDA,Jefferson,,22,48,16,-1,,,,,,,,,,,,,,,,,,,,,,,,,,,,,,,,,,,,,,,,,,,,,,,,,,,,,,,,,,48_16
-3,NASS USDA,King,,22,48,17,-1,,,,,,,,,,,,,,,,,,,,,,,,,,,,,,,,,,,,,,,,,,,,,,,,,,,,,,,,,,48_17
-3,NASS USDA,Kitsap,,22,48,18,-1,,,,,,,,,,,,,,,,,,,,,,,,,,,,,,,,,,,,,,,,,,,,,,,,,,,,,,,,,,48_18
-3,NASS USDA,Kittitas,,22,48,19,-1,3155.2,,1882.24,,,1752.6782,1224.6975,2721.55,,,,1769.0075,,,,2258.8865,,,,505.8562500000001,,319.70115000000004,,,279.23334,202.343,445.1546,,,,323.7488,,,,445.1546,,,,62.408,,58.911,,,62.74425,60.52599,61.1251361636363,,,,54.6751442999999,,,,50.7745805,,,,48_19
-3,NASS USDA,Klickitat,,22,48,20,-1,15340.8,,36094.4,56576.0,20291.2,33529.496,42946.059,28739.568,38700.441,59819.669,48634.0985,44551.7735,60227.9015,45286.592,58540.5405,49396.1325,,,34699.7625,8984.007,,16227.8685,20881.746000000003,15701.778,19020.242,19141.6478,9955.27559999999,20274.7686,21448.358,22500.5416,21003.2034,21003.2034,18696.4932,20234.3,18696.4932,,,16713.5318,17.081500000000002,,22.24223101142334,27.090411337209304,12.91893298969072,17.63452393617021,22.4298769190274,28.8507218999999,19.0947484530938,27.880529615849,21.600182442446,21.2343728522158,28.6789011705202,24.2080669575757,28.917973,26.4279355181818,,,20.7542105338983,48_20
-3,NASS USDA,Lewis,,22,48,21,-1,,,,,,,,,,,,,,,,,,,,,,,,,,,,,,,,,,,,,,,,,,,,,,,,,,,,,,,,,,48_21
-3,NASS USDA,Lincoln,,22,48,22,-1,528822.4,,370409.6,498820.8,354416.0,672631.0825,581812.959,626500.81,622500.1315,713454.3325,435148.6295,421023.785,619288.7025,558189.905,651402.9925,604374.6085,485480.9752,77983.2937,514372.95,140830.38,,103397.0175,143905.986,147669.5565,147629.4528,146293.989,149329.134,147305.704,148479.2934,148924.448,151028.815199999,142044.786,137390.897,153214.1196,149652.8828,154387.709,39618.7594,141235.414,37.5503069721178,,35.84425,34.68178571428572,24.01519799945191,45.56198560855263,39.7635383634854,41.9666911753387,42.2595566076923,48.053852841946,29.2121965624999,27.9025030141479,43.6181821065527,40.6382847340206,42.5269951220285,40.3931784077339,31.4987229449541,19.8390745,36.4346804750716,48_22
-3,NASS USDA,Mason,,22,48,23,-1,,,,,,,,,,,,,,,,,,,,,,,,,,,,,,,,,,,,,,,,,,,,,,,,,,,,,,,,,,48_23
-3,NASS USDA,Okanogan,,22,48,24,-1,8241.6,,3835.2,9468.32,6470.879999999999,,6994.3835,6994.3835,979.758,,8164.65,1415.206,13607.75,11539.372,13390.026,2558.257,,,13063.44,2994.6690000000003,,1808.94195,3791.89845,4463.67555,,2185.3044,2549.5218,566.5604,,2832.802,1052.1836,3884.9856,4208.7344,4653.889,1355.6981,,,4411.0774,27.50525,,21.183750000000003,24.96381723585913,14.523012466001816,,32.0115236,27.4160317666666,17.2835327,,28.8507218999999,13.45022,35.0098018083333,27.428102476923,28.7776228782608,18.8975591,,,29.5972708082568,48_24
-3,NASS USDA,Pacific,,22,48,25,-1,,,,,,,,,,,,,,,,,,,,,,,,,,,,,,,,,,,,,,,,,,,,,,,,,,,,,,,,,,48_25
-3,NASS USDA,Pend Oreille,,22,48,26,-1,,,,,,,,,,,,,,,,,,,,,,,,,,,,,,,,,,,,,,,,,,,,,,,,,,,,,,,,,,48_26
-3,NASS USDA,Pierce,,22,48,27,-1,,,,,,,,,,,,,,,,,,,,,,,,,,,,,,,,,,,,,,,,,,,,,,,,,,,,,,,,,,48_27
-3,NASS USDA,San Juan,,22,48,28,-1,,,,,,,,,,,,,,,,,,,,,,,,,,,,,,,,,,,,,,,,,,,,,,,,,,,,,,,,,,48_28
-3,NASS USDA,Skagit,,22,48,29,-1,,,,,1161.4399999999998,,1279.1285,,,,3823.77775,3265.86,1986.7315,5320.63025,5497.531,10886.2,11158.355,,,,,,,157.82715000000002,,202.343,,,,627.2633,526.0918,364.2174,1214.058,1092.6522,2063.8986,1375.9324,,,,,,,73.63875,,63.216034,,,,60.9642068451612,62.0727652999999,54.5406420999999,43.8253001666666,50.3038228,52.7433234862745,81.0375755,,,48_29
-3,NASS USDA,Skamania,,22,48,30,-1,,,,,,,,,,,,,,,,,,,,,,,,,,,,,,,,,,,,,,,,,,,,,,,,,,,,,,,,,,48_30
-3,NASS USDA,Snohomish,,22,48,31,-1,,,,,,,,,,,,,,898.1115,,1632.93,,,,,,,,,,,,,,,,,202.343,,323.7488,,,,,,,,,,,,,,,,,44.385726,,50.438325,,,,48_31
-3,NASS USDA,Spokane,,22,48,32,-1,202340.8,,202776.0,220537.6,140624.0,292974.8575,259690.301,251144.634,143071.8835,163293.0,198455.426,224282.9355,101323.3065,260016.887,168028.497,301792.6795,239033.7365,,220445.55,57343.8645,,56817.774000000005,57829.4865,60338.533500000005,60743.3686,59407.9048,55522.9192,31889.2568,34438.7786,62483.5184,65113.9773999999,25090.532,65033.0401999999,39254.542,65194.9146,61390.8662,,55887.1366,35.28551864515514,,35.68883216016171,38.15531578026592,23.316219986586187,48.23231828780812,43.7297070953678,45.2411678346938,44.8564837,47.4120255,31.7581995082901,34.4142561883157,40.35066,40.0085038123211,42.7716996,46.2941794690875,39.004973025379,,39.4308636373642,48_32
-3,NASS USDA,Stevens,,22,48,33,-1,,,3073.6,,1126.08,,4218.4025,4354.48,4136.756,,,,,1551.2835,,6803.875,5130.12175,,6055.44875,,,789.13575,,675.8239500000001,,1092.6522,1214.058,1092.6522,,,,,647.4976,,1416.401,2063.8986,,2023.43,,,38.93775,,16.678,,38.6021314,35.8448363,37.8623693,,,,,23.9413916,,48.0172854,24.7840083235294,,29.90656417,48_33
-3,NASS USDA,Thurston,,22,48,34,-1,,,,,,,,,,,,,,,,,,,,,,,,,,,,,,,,,,,,,,,,,,,,,,,,,,,,,,,,,,48_34
-3,NASS USDA,Wahkiakum,,22,48,35,-1,,,,,,,,,,,,,,,,,,,,,,,,,,,,,,,,,,,,,,,,,,,,,,,,,,,,,,,,,,48_35
-3,NASS USDA,Walla Walla,,22,48,36,-1,429352.0,,339265.6,482664.0,270232.0,435339.138,391086.735,382377.775,373832.108,400067.85,349038.7875,337281.6915,377751.14,431365.675,463888.1975,430385.917,368497.87,405870.1946,377087.0818,76404.528,,77578.1145,70819.875,74340.6345,77254.5574,68189.591,63131.0159999999,64749.76,66166.161,74421.7554,75959.5622,80127.828,79277.9874,84862.6542,80127.828,73248.166,88221.548,83243.9102,56.19457527438687,,43.7321275705921,68.1915,36.36866820903648,56.35852959664745,57.3651882999999,60.5932410999999,57.7686949,60.4587389,46.8709814410005,44.3773061766116,47.114490330303,54.4192193635528,54.6777099118264,53.7091739545454,50.438325,45.8886955376146,45.2813066428293,48_36
-3,NASS USDA,Whatcom,,22,48,37,-1,,,,,,,,,,,,,,,,,,,,,,,,,,,,,,,,,,,,,,,,,,,,,,,,,,,,,,,,,,48_37
-3,NASS USDA,Whitman,,22,48,38,-1,1026011.2,,899612.7999999999,1097683.2,667896.0,1296573.6355,986616.306,1142234.535,967402.163,1100213.803,829392.3625,824629.65,976464.9245,900071.016,1082360.435,951372.2335,859206.94275,819616.5549,791100.154,213673.68,,217841.9355,218570.36850000004,215090.0775,223184.329,207522.9808,206592.203,198498.483,200319.57,207603.918,204892.5218,189595.391,181299.328,202019.2512,198377.0772,206187.517,190485.7002,176443.096,48.01766881161966,,41.296584972731296,50.22992274578782,31.07063875823142,58.106621713508616,47.5386852355304,55.2887694200783,48.7544424624872,54.9194220329292,39.9455802748537,40.270404983962,51.4870689415154,49.6389676171875,53.5667944403846,47.9466868360261,41.5772171084396,43.1087123356702,44.840442153211,48_38
-3,NASS USDA,Yakima,,22,48,39,-1,,,13028.8,,11233.6,32141.5055,13417.2415,14669.1545,26535.1125,35489.012,7538.6935,26099.6645,38101.7,33094.048,57914.584,18642.6175,37285.235,13580.5345,37149.1575,,,4168.2555,,4176.349200000001,6661.13156,4289.6716,3237.488,6960.5992,8377.0002,4087.3286,7486.691,8255.5944,7284.348,10764.6476,5260.918,6191.69579999999,3925.4542,7365.2852,,,31.27125,,26.92502325581396,48.24905589307412,31.2717615,45.3272414,38.1204258465116,42.3704671917874,18.4268014,34.8495200199999,46.1645835274509,45.4169095333333,53.7963291736842,35.4413297,60.1897345,34.6343165,50.4191104,48_39
-2,NASS USDA,West Virginia,,22,49,-1,-1,,,,,,,,3755.739,7511.478,6640.582,6531.72,12192.544,9906.442,7076.03,9634.287,7348.185,6803.875,13063.44,9307.701,,,,,,,,1214.058,1618.744,1618.744,1618.744,2832.802,2832.802,1618.744,2428.116,2023.43,2023.43,3237.488,2428.116,,,,,,,,30.935506,46.403259,41.023171,40.35066,43.040704,34.970572,43.713215,39.678149,36.315594,33.62555,40.35066,38.333127,49_-1
-3,NASS USDA,Barbour,,22,49,1,-1,,,,,,,,,,,,,,,,,,,,,,,,,,,,,,,,,,,,,,,,,,,,,,,,,,,,,,,,,,49_1
-3,NASS USDA,Berkeley,,22,49,2,-1,,,,,,,,,,,1747.2351,1524.068,1823.4385,952.5425,1360.775,1006.9735,1170.2665,2095.5935,1170.2665,,,,,,,,,,,465.3889,416.82658,497.76378,242.8116,404.686,364.2174,404.686,526.0918,323.7488,,,,,,,,,,,37.5261138,36.5845984,36.6518495,39.2073913,33.62555,27.6402021,28.917973,39.678149,36.1810918,49_2
-3,NASS USDA,Boone,,22,49,3,-1,,,,,,,,,,,,,,,,,,,,,,,,,,,,,,,,,,,,,,,,,,,,,,,,,,,,,,,,,,49_3
-3,NASS USDA,Braxton,,22,49,4,-1,,,,,,,,,,,,,,,,,,,,,,,,,,,,,,,,,,,,,,,,,,,,,,,,,,,,,,,,,,49_4
-3,NASS USDA,Brooke,,22,49,5,-1,,,,,,,,,,,,,,,,,,,,,,,,,,,,,,,,,,,,,,,,,,,,,,,,,,,,,,,,,,49_5
-3,NASS USDA,Cabell,,22,49,6,-1,,,,,,,,,,,,,,,,,,,,,,,,,,,,,,,,,,,,,,,,,,,,,,,,,,,,,,,,,,49_6
-3,NASS USDA,Calhoun,,22,49,7,-1,,,,,,,,,,,,,,,,,,,,,,,,,,,,,,,,,,,,,,,,,,,,,,,,,,,,,,,,,,49_7
-3,NASS USDA,Clay,,22,49,8,-1,,,,,,,,,,,,,,,,,,,,,,,,,,,,,,,,,,,,,,,,,,,,,,,,,,,,,,,,,,49_8
-3,NASS USDA,Doddridge,,22,49,9,-1,,,,,,,,,,,,,,,,,,,,,,,,,,,,,,,,,,,,,,,,,,,,,,,,,,,,,,,,,,49_9
-3,NASS USDA,Fayette,,22,49,10,-1,,,,,,,,,,,,,,,,,,,,,,,,,,,,,,,,,,,,,,,,,,,,,,,,,,,,,,,,,,49_10
-3,NASS USDA,Gilmer,,22,49,11,-1,,,,,,,,,,,,,,,,,,,,,,,,,,,,,,,,,,,,,,,,,,,,,,,,,,,,,,,,,,49_11
-3,NASS USDA,Grant,,22,49,12,-1,,,,,,,,,,,,,,,,,,,,,,,,,,,,,,,,,,,,,,,,,,,,,,,,,,,,,,,,,,49_12
-3,NASS USDA,Greenbrier,,22,49,13,-1,,,,,,,,,,,,,,,,,,,,,,,,,,,,,,,,,,,,,,,,,,,,,,,,,,,,,,,,,,49_13
-3,NASS USDA,Hampshire,,22,49,14,-1,,,,,,,,,,,,,,,,,,,,,,,,,,,,,,,,,,,,,,,,,,,,,,,,,,,,,,,,,,49_14
-3,NASS USDA,Hancock,,22,49,15,-1,,,,,,,,,,,,,,,,,,,,,,,,,,,,,,,,,,,,,,,,,,,,,,,,,,,,,,,,,,49_15
-3,NASS USDA,Hardy,,22,49,16,-1,,,,,,,,,,,,,,,,,,,,,,,,,,,,,,,,,,,,,,,,,,,,,,,,,,,,,,,,,,49_16
-3,NASS USDA,Harrison,,22,49,17,-1,,,,,,,,,,,,,,,,,,,,,,,,,,,,,,,,,,,,,,,,,,,,,,,,,,,,,,,,,,49_17
-3,NASS USDA,Jackson,,22,49,18,-1,,,,,,,,,,,,,,,,,,,,,,,,,,,,,,,,,,,,,,,,,,,,,,,,,,,,,,,,,,49_18
-3,NASS USDA,Jefferson,,22,49,19,-1,,,,,,,,,,,4354.48,9035.546,7076.03,4898.79,6123.4875,4980.4365,4245.618,8464.0205,6531.72,,,,,,,,,,,987.43384,1833.22758,1881.7899,1011.715,1335.4638,1133.1208,1092.6522,1942.4928,1618.744,,,,,,,,,,,44.1167215999999,49.2950563,37.5933649,48.420792,45.8652502,43.9822194,39.005638,43.713215,40.35066,49_19
-3,NASS USDA,Kanawha,,22,49,20,-1,,,,,,,,,,,,,,,,,,,,,,,,,,,,,,,,,,,,,,,,,,,,,,,,,,,,,,,,,,49_20
-3,NASS USDA,Lewis,,22,49,21,-1,,,,,,,,,,,,,,,,,,,,,,,,,,,,,,,,,,,,,,,,,,,,,,,,,,,,,,,,,,49_21
-3,NASS USDA,Lincoln,,22,49,22,-1,,,,,,,,,,,,,,,,,,,,,,,,,,,,,,,,,,,,,,,,,,,,,,,,,,,,,,,,,,49_22
-3,NASS USDA,Logan,,22,49,23,-1,,,,,,,,,,,,,,,,,,,,,,,,,,,,,,,,,,,,,,,,,,,,,,,,,,,,,,,,,,49_23
-3,NASS USDA,Marion,,22,49,24,-1,,,,,,,,,,,,,,,,,,,,,,,,,,,,,,,,,,,,,,,,,,,,,,,,,,,,,,,,,,49_24
-3,NASS USDA,Marshall,,22,49,25,-1,,,,,,,,,,,,,,,,,,,,,,,,,,,,,,,,,,,,,,,,,,,,,,,,,,,,,,,,,,49_25
-3,NASS USDA,Mason,,22,49,26,-1,,,,,,,,,,,,,,,,,,,,,,,,,,,,,,,,,,,,,,,,,,,,,,,,,,,,,,,,,,49_26
-3,NASS USDA,McDowell,,22,49,27,-1,,,,,,,,,,,,,,,,,,,,,,,,,,,,,,,,,,,,,,,,,,,,,,,,,,,,,,,,,,49_27
-3,NASS USDA,Mercer,,22,49,28,-1,,,,,,,,,,,,,,,,,,,,,,,,,,,,,,,,,,,,,,,,,,,,,,,,,,,,,,,,,,49_28
-3,NASS USDA,Mineral,,22,49,29,-1,,,,,,,,,,,,,,,,,,,,,,,,,,,,,,,,,,,,,,,,,,,,,,,,,,,,,,,,,,49_29
-3,NASS USDA,Mingo,,22,49,30,-1,,,,,,,,,,,,,,,,,,,,,,,,,,,,,,,,,,,,,,,,,,,,,,,,,,,,,,,,,,49_30
-3,NASS USDA,Monongalia,,22,49,31,-1,,,,,,,,,,,,,,,,,,,,,,,,,,,,,,,,,,,,,,,,,,,,,,,,,,,,,,,,,,49_31
-3,NASS USDA,Monroe,,22,49,32,-1,,,,,,,,,,,,,,,,,,,,,,,,,,,,,,,,,,,,,,,,,,,,,,,,,,,,,,,,,,49_32
-3,NASS USDA,Morgan,,22,49,33,-1,,,,,,,,,,,,,,,,,,,,,,,,,,,,,,,,,,,,,,,,,,,,,,,,,,,,,,,,,,49_33
-3,NASS USDA,Nicholas,,22,49,34,-1,,,,,,,,,,,,,,,,,,,,,,,,,,,,,,,,,,,,,,,,,,,,,,,,,,,,,,,,,,49_34
-3,NASS USDA,Ohio,,22,49,35,-1,,,,,,,,,,,,,,,,,,,,,,,,,,,,,,,,,,,,,,,,,,,,,,,,,,,,,,,,,,49_35
-3,NASS USDA,Pendleton,,22,49,36,-1,,,,,,,,,,,,,,,,,,,,,,,,,,,,,,,,,,,,,,,,,,,,,,,,,,,,,,,,,,49_36
-3,NASS USDA,Pleasants,,22,49,37,-1,,,,,,,,,,,,,,,,,,,,,,,,,,,,,,,,,,,,,,,,,,,,,,,,,,,,,,,,,,49_37
-3,NASS USDA,Pocahontas,,22,49,38,-1,,,,,,,,,,,,,,,,,,,,,,,,,,,,,,,,,,,,,,,,,,,,,,,,,,,,,,,,,,49_38
-3,NASS USDA,Preston,,22,49,39,-1,,,,,,,,,,,,,,,,,,,,,,,,,,,,,,,,,,,,,,,,,,,,,,,,,,,,,,,,,,49_39
-3,NASS USDA,Putnam,,22,49,40,-1,,,,,,,,,,,,,,,,,,,,,,,,,,,,,,,,,,,,,,,,,,,,,,,,,,,,,,,,,,49_40
-3,NASS USDA,Raleigh,,22,49,41,-1,,,,,,,,,,,,,,,,,,,,,,,,,,,,,,,,,,,,,,,,,,,,,,,,,,,,,,,,,,49_41
-3,NASS USDA,Randolph,,22,49,42,-1,,,,,,,,,,,,,,,,,,,,,,,,,,,,,,,,,,,,,,,,,,,,,,,,,,,,,,,,,,49_42
-3,NASS USDA,Ritchie,,22,49,43,-1,,,,,,,,,,,,,,,,,,,,,,,,,,,,,,,,,,,,,,,,,,,,,,,,,,,,,,,,,,49_43
-3,NASS USDA,Roane,,22,49,44,-1,,,,,,,,,,,,,,,,,,,,,,,,,,,,,,,,,,,,,,,,,,,,,,,,,,,,,,,,,,49_44
-3,NASS USDA,Summers,,22,49,45,-1,,,,,,,,,,,,,,,,,,,,,,,,,,,,,,,,,,,,,,,,,,,,,,,,,,,,,,,,,,49_45
-3,NASS USDA,Taylor,,22,49,46,-1,,,,,,,,,,,,,,,,,,,,,,,,,,,,,,,,,,,,,,,,,,,,,,,,,,,,,,,,,,49_46
-3,NASS USDA,Tucker,,22,49,47,-1,,,,,,,,,,,,,,,,,,,,,,,,,,,,,,,,,,,,,,,,,,,,,,,,,,,,,,,,,,49_47
-3,NASS USDA,Tyler,,22,49,48,-1,,,,,,,,,,,,,,,,,,,,,,,,,,,,,,,,,,,,,,,,,,,,,,,,,,,,,,,,,,49_48
-3,NASS USDA,Upshur,,22,49,49,-1,,,,,,,,,,,,,,,,,,,,,,,,,,,,,,,,,,,,,,,,,,,,,,,,,,,,,,,,,,49_49
-3,NASS USDA,Wayne,,22,49,50,-1,,,,,,,,,,,,,,,,,,,,,,,,,,,,,,,,,,,,,,,,,,,,,,,,,,,,,,,,,,49_50
-3,NASS USDA,Webster,,22,49,51,-1,,,,,,,,,,,,,,,,,,,,,,,,,,,,,,,,,,,,,,,,,,,,,,,,,,,,,,,,,,49_51
-3,NASS USDA,Wetzel,,22,49,52,-1,,,,,,,,,,,,,,,,,,,,,,,,,,,,,,,,,,,,,,,,,,,,,,,,,,,,,,,,,,49_52
-3,NASS USDA,Wirt,,22,49,53,-1,,,,,,,,,,,,,,,,,,,,,,,,,,,,,,,,,,,,,,,,,,,,,,,,,,,,,,,,,,49_53
-3,NASS USDA,Wood,,22,49,54,-1,,,,,,,,,,,,,,,,,,,,,,,,,,,,,,,,,,,,,,,,,,,,,,,,,,,,,,,,,,49_54
-3,NASS USDA,Wyoming,,22,49,55,-1,,,,,,,,,,,,,,,,,,,,,,,,,,,,,,,,,,,,,,,,,,,,,,,,,,,,,,,,,,49_55
-2,NASS USDA,Wisconsin,,22,50,-1,-1,516800.0,490688.0,475456.0,509184.0,499800.0,234733.6875,261268.8,386460.1,314611.18,537506.125,422928.87,442251.875,418302.235,500084.8125,592617.5125,400612.16,582956.01,626283.086,507296.92,,89030.7,93077.55,38445.075,99147.825,50585.75,60702.9,80937.2,68796.62,101171.5,84984.06,101171.5,107241.79,99148.0699999999,135569.81,93077.78,127476.09,144472.902,112502.708,51.11000000000001,55.145,51.11000000000001,52.455000000000005,50.4375,46.4025,43.040704,47.748281,45.730748,53.128369,49.765814,43.713215,39.005638,50.438325,43.713215,43.040704,45.730748,43.3496446274509,45.0921044604316,50_-1
-3,NASS USDA,Adams,,22,50,1,-1,,,,1085.28,,821.9081,,,775.64175,,1178.43115,1635.65155,,,,1159.3803,1009.69505,,,,,,263.04525,,210.43672,,,165.92126,,323.7488,380.40484,,,,323.7488,364.2174,,,,,,41.2915,,39.07225,,,46.7395145,,36.3828451,42.9734529,,,,35.8448363,27.572951,,,50_1
-3,NASS USDA,Ashland,,22,50,2,-1,,,,,,,,,,,,,,,,,,,,,,,,,,,,,,,,,,,,,,,,,,,,,,,,,,,,,,,,,,50_2
-3,NASS USDA,Barron,,22,50,3,-1,4324.8,,3808.0,4569.599999999999,3264.0,2207.17705,,,2680.72675,,,2966.4895,,1956.79445,,2830.412,,,2041.1625,1015.75935,,886.2601500000001,951.00975,635.35545,522.04494,,,602.98214,,,687.9662,,607.029,,809.372,,,728.4348,42.56925,,42.97275,48.08375000000001,51.37900000000001,42.30025,,,44.4529770999999,,,43.1079550999999,,32.2132769,,34.970572,,,28.245462,50_3
-3,NASS USDA,Bayfield,,22,50,4,-1,,,,,,,,,,,,,,,,,,,,,,,,,,,,,,,,,,,,,,,,,,,,,,,,,,,,,,,,,,50_4
-3,NASS USDA,Brown,,22,50,5,-1,22140.8,,21379.2,21841.6,21379.2,,7021.599,15621.697,12083.682,,10641.2605,14669.1545,12627.992,19023.6345,21228.09,17744.506,29392.74,,29474.3865,4653.8775000000005,,4168.2555,4330.1295,4492.0035,,1897.97734,3609.79912,3047.28557999999,,2128.64836,3617.89284,3257.7223,4087.3286,5665.604,4249.20299999999,5867.947,,5948.88419999999,47.613,,51.31175,50.4375,47.613,,36.988105,43.2424573,39.678149,,49.9675673,40.5524133,38.7366336,46.5377612,37.4588627,41.7629331,50.1020695,,49.765814,50_5
-3,NASS USDA,Buffalo,,22,50,6,-1,,,,1942.08,,,,,,,,,,,,,,,,,,,404.685,,,,,,,,,,,,,,,,,,,48.01650000000001,,,,,,,,,,,,,,,,50_6
-3,NASS USDA,Burnett,,22,50,7,-1,,,,,,,,,,,,,,,,,,,,,,,,,,,,,,,,,,,,,,,,,,,,,,,,,,,,,,,,,,50_7
-3,NASS USDA,Calumet,,22,50,8,-1,21216.0,,,,28342.4,8790.6065,,19186.9275,9743.149,18697.0485,13934.336,17662.8595,14124.8445,12655.2075,25881.9405,18316.0315,22044.555,,22180.6325,4002.33465,,,,4856.22,1691.58748,,3621.9397,2217.67928,3002.77012,2569.7561,4208.7344,3419.5967,2347.1788,5341.8552,3804.0484,4330.1402,,4370.6088,53.06025000000001,,,,58.373,51.98425,,52.9938667999999,43.9149683,62.2745185999999,54.2043865999999,41.9646864,41.2921754,53.9353822,48.420792,48.1517875999999,50.7745805,,50.438325,50_8
-3,NASS USDA,Chippewa,,22,50,9,-1,,,,,1408.9599999999998,,,,1194.76045,,,,,,,683.10905,,,,,,,,424.91925,,,,327.79566,,,,,,,242.8116,,,,,,,,33.15425,,,,36.4500962,,,,,,,28.1109597999999,,,,50_9
-3,NASS USDA,Clark,,22,50,10,-1,3073.6,,1300.16,3753.6,,1581.22055,1741.792,,1273.6854,2454.8381,,6368.427,1722.74115,2884.843,,,4163.9715,,5307.0225,768.9015,,380.4039,866.0259000000001,,437.06088,534.18552,,339.93624,546.3261,,1489.24448,651.54446,809.372,,,1011.715,,1375.9324,40.01375,,34.23025,43.37625,,36.1805,32.6167835,,37.4588627,44.9237348,,42.7716996,26.4296822999999,35.643083,,,41.023171,,38.333127,50_10
-3,NASS USDA,Columbia,,22,50,11,-1,13164.8,,14987.2,14987.2,12947.2,10260.2435,7021.599,10178.597,11784.3115,17553.9975,16329.3,16710.317,15893.852,18805.9105,28440.1975,15104.6025,20547.7025,,18642.6175,2185.299,,2921.8257000000003,2679.0147,2614.2651,1930.35222,1436.6353,2359.31938,2387.6474,2897.55176,3075.6136,4046.86,3868.79816,3480.2996,5422.7924,3520.7682,4411.0774,,3844.517,60.256,,51.31175,55.952,49.56325,53.1275,48.8915497,43.1752062,49.3623074,60.5932410999999,53.0611179,41.2921754,41.0904221,54.0026332999999,52.455858,42.9062018,46.7395145,,48.420792,50_11
-3,NASS USDA,Crawford,,22,50,12,-1,,,2173.28,2747.2,1759.84,982.47955,,1325.39485,,1651.98085,1322.6733,1891.47725,,977.03645,1434.25685,,,,,,,477.5283,517.9968,339.9354,222.5773,,331.84252,,388.49856,303.5145,542.27924,,202.343,323.7488,,,,,,,45.52825,53.06025000000001,51.7825,44.11599999999999,,39.9471534,,42.5026952,43.5787128,34.9033209,,48.2862898,44.3184749,,,,,50_12
-3,NASS USDA,Dane,,22,50,13,-1,28478.4,,22984.0,28614.4,26792.0,18152.7385,16302.0845,20819.8575,20901.504,32821.893,31433.9025,30154.774,28004.7495,32386.445,34563.685,24112.933,29392.74,,19976.177,4815.7515,,4289.661,4775.283,5018.094,3233.44114,3338.65949999999,4168.2658,3735.25178,5503.7296,5867.947,5665.604,6555.9132,5665.604,6677.31899999999,4815.7634,5989.3528,,4006.3914,59.18,,53.59825000000001,59.987,53.3965,56.15375,48.8242985999999,49.9675673,55.9529152,59.6517257,53.5991267,53.1956200999999,42.7044485,57.163435,51.783347,50.1020695,49.093303,,49.765814,50_13
-3,NASS USDA,Dodge,,22,50,14,-1,39168.0,,41208.0,36040.0,34625.6,17798.937,13145.0865,22915.451,17798.937,32876.324,26807.2675,24929.398,24466.7345,31569.98,36060.5375,22806.589,31569.98,,30399.7135,6798.7080000000005,,6515.4285,6313.086,6232.149,3229.39428,2933.9735,4572.9518,3735.25178,5584.6668,5179.9808,5948.88419999999,5787.0098,5665.604,7122.4736,5018.1064,6353.5702,,5827.4784,57.63325000000001,,63.28225,57.09525000000001,55.615750000000006,55.145,44.7892325999999,50.1020695,47.6810299,58.8447125,51.783347,41.8974353,42.3009419,55.7511619,50.6400783,45.4617435999999,49.765814,,52.455858,50_14
-3,NASS USDA,Door,,22,50,15,-1,20998.4,,16347.2,20100.8,17843.2,8300.7275,12301.406,16465.3775,12274.1905,22153.417,11893.1735,18261.6005,19812.884,25255.984,23623.054,15893.852,24602.812,,16683.1015,4977.6255,,4046.85,4289.661,3933.5382,2035.57058,3419.5967,4046.86,3087.75418,4775.2948,2537.38121999999,3933.54792,5463.26099999999,5099.0436,5260.918,4289.6716,5341.8552,,4613.4204,42.233,,40.41725,46.873250000000006,45.39375,40.7535,35.9793385,40.6869155,39.7454001,46.403259,46.8740167,46.403259,36.2483429,49.5640607,44.9237348,37.0553561,46.0670035,,36.315594,50_15
-3,NASS USDA,Douglas,,22,50,16,-1,,,,,,,,,,,,,,,,,,,,,,,,,,,,,,,,,,,,,,,,,,,,,,,,,,,,,,,,,,50_16
-3,NASS USDA,Dunn,,22,50,17,-1,,,,,,,,,,,,,,,,427.28335,2912.0585,,1611.1576,,,,,,,,,,,,,,,,161.8744,809.372,,647.4976,,,,,,,,,,,,,,,,26.4296822999999,35.9793385,,24.882907,50_17
-3,NASS USDA,Eau Claire,,22,50,18,-1,954.72,,,,609.28,,,,,,,759.31245,517.0945,,,,,,,230.67045,,,,133.54605,,,,,,,222.5773,190.20242,,,,,,,41.42600000000001,,,,45.66275000000001,,,,,,,34.0963077,27.1694443999999,,,,,,,50_18
-3,NASS USDA,Florence,,22,50,19,-1,,,,,,,,,,,,,,,,,,,,,,,,,,,,,,,,,,,,,,,,,,,,,,,,,,,,,,,,,,50_19
-3,NASS USDA,Fond du Lac,,22,50,20,-1,36230.4,,37019.2,34516.8,42323.2,18724.264,17499.5665,25528.139,18179.954,31896.566,22915.451,21228.09,22153.417,31842.135,40741.6035,24929.398,31297.825,,35107.995,6758.239500000001,,6434.4915,6232.149,7203.393,3800.00154,3391.26868,4896.7006,3909.26676,5584.6668,4289.6716,5179.9808,5867.947,5827.4784,8134.18859999999,5382.3238,6394.0388,,6879.662,53.6655,,57.566,55.414,58.77650000000001,49.29425,51.5815937,52.1196025,46.5377612,57.0961839,53.3973734,40.9559199,37.7278671,54.6751442999999,50.1020695,46.3360079,49.093303,,51.110836,50_20
-3,NASS USDA,Forest,,22,50,21,-1,,,,,,,,,,,,,,,,,,,,,,,,,,,,,,,,,,,,,,,,,,,,,,,,,,,,,,,,,,50_21
-3,NASS USDA,Grant,,22,50,22,-1,,,6691.2,,,2912.0585,2321.48215,4681.066,3293.0755,,,6422.858,5633.6085,3401.9375,3701.308,2593.63715,2503.826,,2590.9156,,,1189.7739,,,594.88842,526.0918,914.59036,809.372,,,1687.54062,1339.51066,566.5604,849.8406,566.5604,647.4976,,526.0918,,,56.288250000000005,,,48.958,44.1167215999999,51.1780870999999,40.6869155,,,38.0641226,42.0319375,60.0552322999999,43.5787128,45.7979990999999,38.6693825,,49.093303,50_22
-3,NASS USDA,Green,,22,50,23,-1,17625.6,,11315.2,11233.6,10526.4,5742.4705,6123.4875,10369.1055,9334.9165,,13907.1205,12736.854,18615.402,,16764.748,10450.752,13199.5175,,13145.0865,2768.0454,,2132.68995,1982.9565,2217.6738,1145.26138,1294.9952,2092.22662,1841.3213,,2731.63049999999,2715.44306,4087.3286,,3439.831,2185.3044,2832.802,,2913.7392,63.685750000000006,,53.06025000000001,56.69175,47.4785,50.1685,47.2775233,49.5640607,50.7073294,,50.9090827,46.8740167,45.5289947,,48.7570475,47.8155320999999,46.7395145,,45.058237,50_23
-3,NASS USDA,Green Lake,,22,50,24,-1,7915.2,,7262.4,8105.599999999999,9928.0,5361.4535,3102.567,5987.41,6558.9355,,,7593.1245,8518.4515,8518.4515,11512.1565,8409.5895,9715.9335,,9008.3305,1683.4896,,1663.25535,1481.1471,1780.614,1023.85558,663.68504,1327.37008,1343.55752,,,1610.65028,2100.32033999999,1699.6812,2387.6474,1740.1498,1982.9614,,1942.4928,47.075,,43.7125,54.74150000000001,55.8175,52.38775,46.7395145,45.1254880999999,48.8242985999999,,,47.1430210999999,40.5524133,50.1020695,48.2190387,48.3535409,49.093303,,46.403259,50_24
-3,NASS USDA,Iowa,,22,50,25,-1,5412.799999999999,,4025.6,,,1077.7338,1992.1746,,3156.998,4681.066,7565.909,8736.1755,5878.548,4300.049,4817.1435,1279.1285,2150.0245,,1910.5281,1048.13415,,809.37,,,230.67102,396.59228,,594.88842,857.93432,1618.744,1736.10294,1307.13578,728.4348,1011.715,283.2802,526.0918,,445.1546,51.648,,49.76500000000001,,,46.73875,50.2365717,,53.0611179,54.5406420999999,46.7395145,50.3038228,44.9909859,59.0464657999999,47.6137788,45.1254880999999,41.023171,,43.040704,50_25
-3,NASS USDA,Iron,,22,50,26,-1,,,,,,,,,,,,,,,,,,,,,,,,,,,,,,,,,,,,,,,,,,,,,,,,,,,,,,,,,,50_26
-3,NASS USDA,Jackson,,22,50,27,-1,,,,,,,,,,,,,,,1221.97595,590.57635,1692.8041,,,,,,,,,,,,,,,,,364.2174,202.343,404.686,,,,,,,,,,,,,,,,,33.5582989,29.1869773999999,41.695682,,,50_27
-3,NASS USDA,Jefferson,,22,50,28,-1,16428.8,,11777.6,11968.0,10798.4,8845.0375,8001.357,10804.5535,8300.7275,13063.44,13580.5345,,13253.9485,13961.5515,15131.818,7729.202,12791.285,,9334.9165,2735.6706,,2355.2667,2347.173,2262.18915,1691.58748,1780.6184,2023.43,1764.43096,2577.84982,2711.3962,,3294.14404,2751.8648,3277.9566,1861.5556,2913.7392,,2063.8986,60.05425,,50.034000000000006,51.042750000000005,47.7475,52.3205,44.9237348,53.3973734,47.07577,50.7073294,50.1020695,,40.2161578,50.7073294,46.1342545999999,41.4939287,44.0494705,,45.058237,50_28
-3,NASS USDA,Juneau,,22,50,29,-1,1952.96,,2589.44,3073.6,2635.68,876.3391,,854.5667,1121.2786,2884.843,,4762.7125,2016.66855,3020.9205,6313.996,2269.7727,,,3184.2135,708.19875,,744.6204,692.01135,724.38615,283.2802,,335.88938,250.90532,809.372,,1153.3551,744.62224,768.9034,1416.401,526.0918,,,930.7778,27.5725,,34.76825,44.45225,36.38225,30.935,,25.4209157999999,44.7219815,35.643083,,41.2921754,27.1021932999999,39.2746424,44.5874793,43.1752062,,,34.298061,50_29
-3,NASS USDA,Kenosha,,22,50,30,-1,8214.4,,7915.2,8296.0,7235.2,4000.6785,4898.79,8382.374,7974.1415,10205.8125,9552.6405,8627.3135,12274.1905,12845.716,13526.1035,8409.5895,11158.355,,9824.7955,1501.38135,,1529.7093,1655.16165,1622.78685,853.88746,1315.2295,1460.91646,1537.8068,1930.35222,1780.6184,1942.4928,2691.1619,2347.1788,2630.459,1821.087,2185.3044,,1942.4928,54.74150000000001,,51.7825,50.1685,44.58675,46.87325,37.2571094,57.3651882999999,51.8505980999999,52.8593645999999,53.6663777999999,44.385726,45.5962458,54.7423954,51.4470915,46.2015057,51.110836,,50.438325,50_30
-3,NASS USDA,Kewaunee,,22,50,31,-1,30572.8,,23419.2,23881.6,24480.0,8083.0035,16928.041,21908.4775,16274.869,26208.5265,12764.0695,17635.644,17826.1525,24140.1485,14778.0165,18125.523,27759.81,,20275.5475,5463.2475,,4694.3460000000005,4734.8145,5018.094,1756.33724,3731.20492,4492.01459999999,3787.86096,4613.4204,2428.116,3561.2368,4653.889,4694.3576,4532.4832,4087.3286,5341.8552,,4532.4832,56.01925000000001,,49.8995,50.4375,48.8235,45.999,45.3944925,48.7570475,42.9734529,56.8271795,52.5903602,49.4968095999999,38.333127,51.4470915,32.6167835,44.3184749,52.1196025,,45.058237,50_31
-3,NASS USDA,La Crosse,,22,50,32,-1,,,,,236.64,,,,,,,,,775.64175,740.2616,,1145.77255,,797.41415,,,,,64.7496,,,,,,,,,182.1087,263.0459,,242.8116,,283.2802,,,,,36.584,,,,,,,,,42.5699463,28.1109597999999,,47.07577,,28.245462,50_32
-3,NASS USDA,Lafayette,,22,50,33,-1,4243.2,,,,,,,,,,6531.72,7184.892,10913.4155,4272.8335,3891.8165,1959.516,3401.9375,,2857.6275,740.5735500000001,,,,,,,,,,1335.4638,1485.19762,2262.19474,728.4348,849.8406,445.1546,809.372,,647.4976,57.297,,,,,,,,,,48.8915497,48.3535409,48.2190387,58.6429592,45.7979990999999,44.0494705,42.0319375,,44.385726,50_33
-3,NASS USDA,Lake Michigan,,22,50,34,-1,,,,,,,,,,,,,,,,,,,,,,,,,,,,,,,,,,,,,,,,,,,,,,,,,,,,,,,,,,50_34
-3,NASS USDA,Lake Superior,,22,50,35,-1,,,,,,,,,,,,,,,,,,,,,,,,,,,,,,,,,,,,,,,,,,,,,,,,,,,,,,,,,,50_35
-3,NASS USDA,Langlade,,22,50,36,-1,2252.16,,1360.0,4216.0,3100.8,938.93475,,,,,3755.739,,1945.90825,4544.9885,,5960.1945,,,2286.102,574.6527,,457.29405,1003.6188,809.37,295.42078,,,,,837.70002,,635.35702,1133.1208,,1659.2126,,,647.4976,39.20675,,29.724500000000003,42.03125,38.3325,31.80925,,,,,44.8564837,,30.5992505,40.0816556,,35.9120874,,,35.643083,50_36
-3,NASS USDA,Lincoln,,22,50,37,-1,1340.96,,,,,,,,,,,,,,,631.3996,,,,348.0291,,,,,,,,,,,,,,,202.343,,,,38.53425,,,,,,,,,,,,,,,31.2045103999999,,,,50_37
-3,NASS USDA,Manitowoc,,22,50,38,-1,39956.8,,32531.2,32286.4,35795.2,12274.1905,21173.659,30181.9895,21418.5985,37611.821,26126.88,24466.7345,18697.0485,34563.685,37557.39,26317.3885,35652.305,,31842.135,7041.519,,6110.7435000000005,6191.6805,6313.086,2743.77108,4613.4204,5827.4784,5179.9808,6879.662,4896.7006,5463.26099999999,5665.604,6758.2562,8700.749,5787.0098,7243.8794,,6758.2562,56.759,,53.26200000000001,52.18600000000001,56.759,44.72125,45.8652502,51.783347,41.3594265,54.6751442999999,53.3301222999999,44.7892325999999,33.0202901,51.110836,43.1752062,45.4617435999999,49.093303,,47.07577,50_38
-3,NASS USDA,Marathon,,22,50,39,-1,,,4977.599999999999,,7888.0,2117.3659,3320.291,2775.981,,5007.652,,5633.6085,1148.4941,1358.05345,2993.705,4544.9885,4300.049,,4082.325,,,1189.7739,,1489.2408,416.82658,841.74688,687.9662,,1125.02708,,1303.08892,481.57634,364.2174,1173.5894,1214.058,1335.4638,,1214.058,,,41.82950000000001,,52.99300000000001,50.77375,39.4763957,40.35066,,44.5202282,,43.2424573,23.8741405,37.2571094,25.4881669,37.4588627,32.280528,,33.62555,50_39
-3,NASS USDA,Marinette,,22,50,40,-1,4188.8,,,3726.4,3427.2,1031.46745,,3156.998,3674.0925,,,1333.5595,,2775.981,,,2912.0585,,2531.0415,1197.8676,,,934.82235,793.1826,311.60822,,841.74688,955.05896,,,364.2174,,687.9662,,,809.372,,728.4348,34.970000000000006,,,39.87925,43.24175,33.087,,37.5261138,38.4676292,,,36.5845984,,40.35066,,,35.9793385,,34.970572,50_40
-3,NASS USDA,Marquette,,22,50,41,-1,,,1376.32,,,835.51585,,,1322.6733,2365.02695,1551.2835,,1793.50145,1284.5716,2498.3829,1385.26895,1875.14795,,1706.41185,,,360.16965,,,242.8116,,,339.93624,623.21644,473.48262,,667.7319,364.2174,728.4348,445.1546,607.029,,526.0918,,,38.26525,,,34.432,,,38.9383869,37.9296204,32.7512857,,26.8331888999999,35.2395764,34.298061,31.1372592999999,30.935506,,32.280528,50_41
-3,NASS USDA,Menominee,,22,50,42,-1,,,,,,,,,,,,,,,,,,,,,,,,,,,,,,,,,,,,,,,,,,,,,,,,,,,,,,,,,,50_42
-3,NASS USDA,Milwaukee,,22,50,43,-1,,,731.68,,503.2,438.16955,,,,,,,,,1034.189,,,,,,,133.54605,,133.54605,89.03092,,,,,,,,,242.8116,,,,,,,54.80875,,37.727250000000005,49.227,,,,,,,,,42.5699463,,,,,50_43
-3,NASS USDA,Monroe,,22,50,44,-1,,,,,,266.7119,,,,,,647.7289,655.89355,732.09695,876.3391,808.30035,925.327,,955.26405,,,,,,72.84348,,,,,,234.71788,214.48358,161.8744,303.5145,161.8744,283.2802,,283.2802,,,,,,36.584,,,,,,27.572951,30.5992505,45.2599903,28.8507218999999,49.9675673,32.6167835,,33.62555,50_44
-3,NASS USDA,Oconto,,22,50,45,-1,,,6500.799999999999,,9982.4,2528.31995,5198.1605,,,10260.2435,5524.7465,6286.7805,6558.9355,10341.89,14995.7405,7593.1245,15050.1715,,9389.3475,,,1845.3636,,2258.1423,615.12272,1853.46188,,,2124.60149999999,1234.2923,1578.2754,1958.68024,2387.6474,3318.4252,2266.2416,3237.488,,2428.116,,,35.239000000000004,,44.2505,41.08975,28.0437087,,,48.2862898,44.7892325999999,39.8126512,33.4910478,43.3097084,45.1927392,33.4910478,46.403259,,39.005638,50_45
-3,NASS USDA,Oneida,,22,50,46,-1,,,,,,,,,,,,,,,,,,,,,,,,,,,,,,,,,,,,,,,,,,,,,,,,,,,,,,,,,,50_46
-3,NASS USDA,Outagamie,,22,50,47,-1,13028.8,,11995.2,13790.4,15476.8,2830.412,5851.3325,10069.735,8464.0205,,8708.96,13009.009,9960.873,16302.0845,17907.799,14152.06,20493.2715,,20547.7025,2755.90485,,2274.3297,2557.6092000000003,2865.1698,663.68504,1541.85366,2108.41406,1752.29038,,1699.6812,2970.39524,2735.67736,3116.0822,4249.20299999999,3318.4252,4492.01459999999,,4006.3914,47.27675000000001,,52.791250000000005,53.93450000000001,54.06900000000001,42.6365,37.9296204,47.748281,48.2862898,,51.2453382,43.7804660999999,36.3828451,52.3213558,42.1664397,42.6371974,45.730748,,51.110836,50_47
-3,NASS USDA,Ozaukee,,22,50,48,-1,11097.6,,9737.6,9628.8,9003.199999999999,3674.0925,6096.272,8790.6065,5524.7465,10477.9675,8817.822,7212.1075,,8028.5725,9226.0545,6967.168,8572.8825,,8164.65,2116.50255,,1804.8951,1655.16165,1695.63015,829.6063,1408.30728,1626.83772,1355.6981,1837.27444,1537.8068,1687.54062,,1699.6812,2144.8358,1578.2754,1821.087,,1659.2126,52.455000000000005,,54.00175,58.2385,53.127500000000005,44.31775,43.3097084,54.0026332999999,40.7541666,57.0289327999999,57.3651882999999,42.7044485,,47.2102722,43.040704,44.1167215999999,47.07577,,49.093303,50_48
-3,NASS USDA,Pepin,,22,50,49,-1,,,,,,,,,,,,,,,,,,,,,,,,,,,,,,,,,,,,,,,,,,,,,,,,,,,,,,,,,,50_49
-3,NASS USDA,Pierce,,22,50,50,-1,,,867.68,,1471.52,,,,,,,,,,,,,,,,,178.06140000000002,,258.9984,,,,,,,,,,,,,,,,,48.75625,,56.82625000000001,,,,,,,,,,,,,,,50_50
-3,NASS USDA,Polk,,22,50,51,-1,,,,,,,,,,,,391.9032,391.9032,,566.0824,1124.00015,653.172,,,,,,,,,,,,,,133.54638,129.49952,,161.8744,364.2174,445.1546,,,,,,,,,,,,,,29.3214796,30.262995,,34.970572,30.8682548999999,14.795242,,,50_51
-3,NASS USDA,Portage,,22,50,52,-1,,,,,,,,,114.3051,,,,,,,1317.2302,,,,,,,,,,,,40.4686,,,,,,,364.2174,,,,,,,,,,,,28.245462,,,,,,,36.1810918,,,,50_52
-3,NASS USDA,Price,,22,50,53,-1,,,,,,,,,,,,,,,,,,,,,,,,,,,,,,,,,,,,,,,,,,,,,,,,,,,,,,,,,,50_53
-3,NASS USDA,Racine,,22,50,54,-1,12403.2,,15803.2,16428.8,12212.8,6749.444,10314.6745,11158.355,12138.113,16846.3945,15812.2055,13117.871,16465.3775,18043.8765,20547.7025,10831.769,20819.8575,,17553.9975,2310.75135,,2484.7659000000003,2901.59145,2602.12455,1416.401,2209.58556,2282.42904,2306.7102,2950.16093999999,2873.2706,2901.59861999999,3609.79912,3399.3624,4411.0774,2428.116,4208.7344,,3480.2996,53.73275,,63.6185,56.624500000000005,46.9405,47.68025,46.6722634,48.8915497,52.5903602,57.0961839,55.0113997999999,45.1927392,45.5962458,53.0611179,46.6050123,44.5874793,49.4295585,,50.438325,50_54
-3,NASS USDA,Richland,,22,50,55,-1,,,,2586.72,,895.38995,,,1681.9179,,2054.77025,,2090.1504,1766.28595,1915.9712,1360.775,1496.8525,,,,,,517.9968,,242.8116,,,412.77972,,526.0918,,619.16958,445.1546,526.0918,323.7488,404.686,,,,,,49.96675,,36.853,,,40.7541666,,39.0728891,,33.7600522,39.678149,36.4500962,42.0319375,36.988105,,,50_55
-3,NASS USDA,Rock,,22,50,56,-1,12566.4,,12430.4,,13872.0,9715.9335,8981.115,11675.4495,10831.769,,17445.1355,,20874.2885,,26208.5265,14723.5855,25582.57,,23759.1315,2193.3927,,2274.3297,,2861.12295,2100.32034,1841.3213,2144.8358,1995.10198,,3298.1909,,4572.9518,,5625.1354,3035.145,5139.5122,,4815.7634,57.297,,54.67425,,48.48725,46.268,48.7570475,54.4061399,54.2716377,,52.9266157,,45.6634969,,46.6050123,48.4880430999999,49.765814,,49.093303,50_56
-3,NASS USDA,Rusk,,22,50,57,-1,835.04,,,,,,,,,,,,,,,,,,,169.9677,,,,,,,,,,,,,,,,,,,49.15975,,,,,,,,,,,,,,,,,,,50_57
-3,NASS USDA,Saint Croix,,22,50,58,-1,,,,,,,,,,,,,,,,,,,,,,,,,,,,,,,,,,,,,,,,,,,,,,,,,,,,,,,,,,50_58
-3,NASS USDA,Sauk,,22,50,59,-1,7072.0,,7262.4,9873.6,8432.0,4245.618,3973.463,7565.909,8953.8995,10641.2605,9661.5025,12927.3625,8763.391,7783.633,11348.8635,5851.3325,11512.1565,,7783.633,1586.3652,,1420.44435,1970.81595,1841.31675,1044.08988,910.5435,1736.10294,1764.43096,2152.92952,2084.1329,2719.48992,2128.64836,1578.2754,2589.9904,1294.9952,2670.9276,,1861.5556,44.58675,,51.17725,50.10125000000001,45.79725,40.68625,43.6459639,43.5787128,50.7745805,49.4295585,46.3360079,47.5465277,41.1576732,49.2950563,43.8477172,45.1927392,43.040704,,41.695682,50_59
-3,NASS USDA,Sawyer,,22,50,60,-1,,,,,,,,,,,,,,,,,,,,,,,,,,,,,,,,,,,,,,,,,,,,,,,,,,,,,,,,,,50_60
-3,NASS USDA,Shawano,,22,50,61,-1,7480.0,,6011.2,8568.0,,2228.94945,2362.3054,6177.9185,5524.7465,9906.442,3973.463,4926.0055,5388.669,,9089.977,7620.34,,,7565.909,1695.63015,,1371.88215,1655.16165,,582.74784,675.82562,1469.01018,1286.90148,1849.41502,1072.4179,1274.7609,1489.24448,,2306.7102,2063.8986,,,2104.3672,44.116,,43.84700000000001,51.7825,,38.26525,34.970572,42.0319375,42.9062018,53.5318755999999,37.0553561,38.6693825,36.1810918,,39.4091446,36.9208539,,,35.643083,50_61
-3,NASS USDA,Sheboygan,,22,50,62,-1,25024.0,,24452.8,26846.4,26628.8,10423.5365,12818.5005,18316.0315,10995.062,27460.4395,19704.022,17853.368,12872.9315,26480.6815,24466.7345,18016.661,24847.7515,,23078.744,4775.283,,4451.535,4734.8145,4411.0665,2383.60054,3075.6136,3545.04936,2561.66237999999,4734.82619999999,3528.86192,4289.6716,4022.57884,5018.1064,6394.0388,4087.3286,5220.44939999999,,4734.82619999999,52.455000000000005,,54.943250000000006,56.759,60.3905,43.7125,41.695682,51.6488448,42.9062018,57.9704482,55.818413,41.6284309,32.0115236,52.7921135,38.2658759,44.0494705,47.748281,,48.420792,50_62
-3,NASS USDA,Taylor,,22,50,63,-1,,,,,,,,,,,,,,,,,,,,,,,,,,,,,,,,,,,,,,,,,,,,,,,,,,,,,,,,,,50_63
-3,NASS USDA,Trempealeau,,22,50,64,-1,514.0799999999999,,,,,,,,,,,,,,574.24705,381.017,1352.61035,,,113.3118,,,,,,,,,,,,,,242.8116,121.4058,445.1546,,,45.39375,,,,,,,,,,,,,,23.6723872,31.4062637,30.262995,,,50_64
-3,NASS USDA,Vernon,,22,50,65,-1,2094.4,,,,1457.9199999999998,,,1815.27385,1213.8113,742.98315,,,,1502.2956,1602.99295,,,,1387.9905,570.60585,,,,400.63815,,,360.17054,348.02996,210.43672,,,,323.7488,485.6232,,,,364.2174,36.718500000000006,,,,36.38225,,,50.3710739,34.9033209,35.3068275,,,,46.403259,33.0202901,,,,38.333127,50_65
-3,NASS USDA,Vilas,,22,50,66,-1,,,,,,,,,,,,,,,,,,,,,,,,,,,,,,,,,,,,,,,,,,,,,,,,,,,,,,,,,,50_66
-3,NASS USDA,Walworth,,22,50,67,-1,9819.2,,12348.8,7860.799999999999,8432.0,5089.2985,,8572.8825,8572.8825,,14152.06,8545.667,20574.918,16084.3605,23187.606,13036.2245,17798.937,,19404.6515,1833.22305,,2035.56555,1590.41205,1792.75455,1088.60534,,1732.05608,1618.744,,2670.9276,1902.0242,4370.6088,3237.488,4896.7006,2751.8648,3682.6426,,4087.3286,53.59825000000001,,60.72675,49.42875,47.075,46.73875,,49.4968095999999,52.9938667999999,,52.9938667999999,44.9237348,47.07577,49.6985629,47.3447744,47.3447744,48.420792,,47.748281,50_67
-3,NASS USDA,Washburn,,22,50,68,-1,,,,,,,,,,,,,,,,,,,,,,,,,,,,,,,,,,,,,,,,,,,,,,,,,,,,,,,,,,50_68
-3,NASS USDA,Washington,,22,50,69,-1,12974.4,,10608.0,11369.6,10254.4,5905.7635,6885.5215,8355.1585,7946.926,12655.2075,9525.425,10096.9505,7048.8145,10178.597,11566.5875,8736.1755,10722.907,,9144.408,2193.3927,,1966.7691,1982.9565,1987.00335,1210.01114,1533.75994,1812.99328,1699.6812,2197.44497999999,1760.3841,2088.17976,1889.88362,1982.9614,2589.9904,2023.43,2306.7102,,1982.9614,59.18,,53.93450000000001,57.364250000000006,51.648,48.8235,44.9237348,46.0670035,46.7395145,57.5669415999999,54.1371355,48.3535409,37.3243605,51.3125893,44.6547304,43.1752062,46.403259,,46.403259,50_69
-3,NASS USDA,Waukesha,,22,50,70,-1,3889.6,,4488.0,5739.2,5331.2,3592.446,,,,,,,7348.185,,8817.822,,,,,772.94835,,817.4637,1035.9936,1234.28925,776.99712,,,,,,,1643.02516,,1780.6184,,,,,50.370250000000006,,54.943250000000006,55.414,43.24175,46.268,,,,,,,44.7219815,,49.4968095999999,,,,,50_70
-3,NASS USDA,Waupaca,,22,50,71,-1,4760.0,,3916.8,5657.599999999999,5494.4,2993.705,2416.7364,4082.325,3946.2475,5742.4705,3320.291,4436.1265,3755.739,2857.6275,5960.1945,5279.807,7212.1075,,6123.4875,1270.7109,,1181.6802,1355.69475,1351.6479000000002,724.38794,687.9662,1011.715,829.6063,1323.32322,890.3092,1088.60534,1011.715,768.9034,1780.6184,1416.401,1942.4928,,1618.744,37.45825000000001,,33.15425,41.76225000000001,40.68625,41.35875,35.1050742,40.35066,47.5465277,43.3769595,37.3243605,40.7541666,37.1226072,37.1898583,33.4910478,37.2571094,36.988105,,37.660616,50_71
-3,NASS USDA,Waushara,,22,50,72,-1,359.04,,,,,,,1085.89845,1521.34645,2661.6759,1861.5402,3510.7995,,2209.8986,2775.981,2563.7001,,,1986.7315,133.54605,,,,,,,299.46764,485.6232,720.34108,457.29518,914.59036,,526.0918,849.8406,526.0918,,,445.1546,26.90000000000001,,,,,,,36.2483429,31.3390126,36.9208539,40.6869155,38.4003781,,42.0319375,32.6840346,48.7570475,,,44.385726,50_72
-3,NASS USDA,Winnebago,,22,50,73,-1,17163.2,,17489.6,18169.6,20427.2,9008.3305,,16683.1015,10831.769,21663.538,18397.678,20411.625,16138.7915,23105.9595,25827.5095,18969.2035,27487.655,,27514.8705,3662.39925,,3439.8225,3500.52525,3767.61735,1877.74304,,3383.17496,2541.42808,4289.6716,3844.517,4734.82619999999,4532.4832,4734.82619999999,6313.1016,4492.01459999999,5867.947,,5908.4156,46.873250000000006,,50.841,51.91700000000001,54.27075000000001,47.94925,,49.2950563,42.6371974,50.5055760999999,47.8827832,43.1079550999999,35.5758319,48.8242985999999,40.8886688,42.2336908,46.7395145,,46.403259,50_73
-3,NASS USDA,Wood,,22,50,74,-1,3073.6,,,4651.2,2937.6,1779.8937,933.49165,1782.61525,1213.8113,3674.0925,,5143.7295,1036.91055,,,1183.87425,4463.342,,2966.4895,833.6511,,,934.82235,590.8401,400.63914,267.09276,465.3889,242.8116,809.372,,1003.62128,396.59228,,,323.7488,1052.1836,,687.9662,36.92025,,,49.76500000000001,49.76500000000001,44.45224999999999,34.970572,38.333127,49.9675673,45.3944925,,51.2453382,26.1606779,,,36.5845984,42.368193,,43.040704,50_74
-2,NASS USDA,Wyoming,,22,51,-1,-1,72624.0,76731.2,73440.0,43928.0,82688.0,63684.27,128729.315,106412.605,80013.57,115665.875,113216.48,129273.625,78380.64,81374.345,120292.51,113216.48,129273.625,112427.2305,89811.15,36016.965000000004,36826.335,36421.65,38445.075,38445.075,36421.74,44515.46,46538.89,42492.03,50585.75,52609.18,50585.75,48562.32,46538.89,52609.18,52609.18,50585.75,55037.296,52609.18,20.175,20.8475,20.175,11.4325,21.520000000000003,17.485,28.917973,22.865374,18.830308,22.865374,21.520352,25.555418,16.140264,17.485286,22.865374,21.520352,25.555418,20.427521625,17.071433076923,51_-1
-3,NASS USDA,Albany,,22,51,1,-1,,,,,,,,,,,,,,,,,,,,,,,,,,,,,,,,,,,,,,,,,,,,,,,,,,,,,,,,,,51_1
-3,NASS USDA,Big Horn,,22,51,2,-1,,,,,,,,,,,,,,,,,,,898.1115,,,,,,,,,,,,,,,,,,,283.2802,,,,,,,,,,,,,,,,,,,31.608017,51_2
-3,NASS USDA,Campbell,,22,51,3,-1,,,,,,,,,,,3755.739,3837.3855,,1676.4748,3810.17,3238.6445,,2830.412,5062.083,,,,,,,,,,,1780.6184,1861.5556,,1254.5266,2549.5218,1982.9614,,1962.7271,2104.3672,,,,,,,,,,,21.1168454,20.6460877,,13.3829688999999,14.9297441999999,16.3420173,,14.3237909896907,24.210396,51_3
-3,NASS USDA,Carbon,,22,51,4,-1,,,,,,,,,,,,,,,,,,,,,,,,,,,,,,,,,,,,,,,,,,,,,,,,,,,,,,,,,,51_4
-3,NASS USDA,Converse,,22,51,5,-1,,,,,,,,,,,,,,,,,,,,,,,,,,,,,,,,,,,,,,,,,,,,,,,,,,,,,,,,,,51_5
-3,NASS USDA,Crook,,22,51,6,-1,,,,,,,,,,,,2095.5935,,1986.7315,4626.635,4844.359,,5244.42685,5062.083,,,,,,,,,,,,1173.5894,,1214.058,1780.6184,2185.3044,,2901.59861999999,1780.6184,,,,,,,,,,,,17.8887926,,16.3420173,25.9589246,22.192863,,18.1648316338912,28.245462,51_6
-3,NASS USDA,Fremont,,22,51,7,-1,,,,,,,,,,,,,,,,,,,,,,,,,,,,,,,,,,,,,,,,,,,,,,,,,,,,,,,,,,51_7
-3,NASS USDA,Goshen,,22,51,8,-1,,,,,,,,,,,16737.5325,27650.948,,11566.5875,23677.485,21064.797,25555.3545,,20656.5645,,,,,,,,,,,8134.18859999999,8700.749,,6474.976,10117.15,9833.8698,10117.15,,14164.01,,,,,,,,,,,20.5788366,31.8097702999999,,17.8887926,23.4033827999999,21.4531009,25.2191625,,14.795242,51_8
-3,NASS USDA,Hot Springs,,22,51,9,-1,,,,,,,,,,,,,,,,,,,,,,,,,,,,,,,,,,,,,,,,,,,,,,,,,,,,,,,,,,51_9
-3,NASS USDA,Johnson,,22,51,10,-1,,,,,,,,,,,,,,,,,,,,,,,,,,,,,,,,,,,,,,,,,,,,,,,,,,,,,,,,,,51_10
-3,NASS USDA,Laramie,,22,51,11,-1,,,,,,,,,,,78298.9935,79442.0445,54022.7675,56853.1795,73481.85,68555.8445,82680.689,57770.34185,41449.2065,,,,,,,,,,,35086.2762,31484.5707999999,33508.0008,33993.6239999999,31201.2906,31363.165,30553.7929999999,28287.5514,24645.3774,,,,,,,,,,,22.3273652,25.2191625,16.140264,16.7455239,23.537885,21.8566075,26.90044,20.319645665236,16.812775,51_11
-3,NASS USDA,Lincoln,,22,51,12,-1,,,,,,,,,,,,,,,,,,,,,,,,,,,,,,,,,,,,,,,,,,,,,,,,,,,,,,,,,,51_12
-3,NASS USDA,Natrona,,22,51,13,-1,,,,,,,,,,,,,,,,,,,,,,,,,,,,,,,,,,,,,,,,,,,,,,,,,,,,,,,,,,51_13
-3,NASS USDA,Niobrara,,22,51,14,-1,,,,,,,,,,,,,,,,,,,,,,,,,,,,,,,,,,,,,,,,,,,,,,,,,,,,,,,,,,51_14
-3,NASS USDA,Park,,22,51,15,-1,,,,,,,,,,,,,,,,,,,,,,,,,,,,,,,,,,,,,,,,,,,,,,,,,,,,,,,,,,51_15
-3,NASS USDA,Platte,,22,51,16,-1,,,,,,,,,,9334.9165,6477.289,9443.7785,4218.4025,,9389.3475,6531.72,8654.529,,6531.72,,,,,,,,,,4127.7972,4006.3914,4653.889,3723.1112,,4289.6716,3925.4542,4046.86,,4046.86,,,,,,,,,,22.5963696,16.140264,20.3098322,11.2981848,,21.8566075,16.6110217,21.520352,,16.140264,51_16
-3,NASS USDA,Sheridan,,22,51,17,-1,,,,,,,,,,,329.30755,,,,,,,2996.42655,1551.2835,,,,,,,,,,,121.4058,,,,,,,1068.37104,768.9034,,,,,,,,,,,27.1021932999999,,,,,,,27.9907229848484,20.17533,51_17
-3,NASS USDA,Sublette,,22,51,18,-1,,,,,,,,,,,,,,,,,,,,,,,,,,,,,,,,,,,,,,,,,,,,,,,,,,,,,,,,,,51_18
-3,NASS USDA,Sweetwater,,22,51,19,-1,,,,,,,,,,,,,,,,,,,,,,,,,,,,,,,,,,,,,,,,,,,,,,,,,,,,,,,,,,51_19
-3,NASS USDA,Teton,,22,51,20,-1,,,,,,,,,,,,,,,,,,,,,,,,,,,,,,,,,,,,,,,,,,,,,,,,,,,,,,,,,,51_20
-3,NASS USDA,Uinta,,22,51,21,-1,,,,,,,,,,,,,,,,,,,,,,,,,,,,,,,,,,,,,,,,,,,,,,,,,,,,,,,,,,51_21
-3,NASS USDA,Washakie,,22,51,22,-1,,,,,,,,,,,,,,,,,,,,,,,,,,,,,,,,,,,,,,,,,,,,,,,,,,,,,,,,,,51_22
-3,NASS USDA,Weston,,22,51,23,-1,,,,,,,,,,,,,,,,,,,,,,,,,,,,,,,,,,,,,,,,,,,,,,,,,,,,,,,,,,51_23
